order_id,order_number,customer_id,order_date,status,subtotal,discount_percent,shipping_cost,tax_amount,total_amount,payment_method,shipping_method,promotion_id,notes,month
1,ORD-20251101-00001,342,2025-11-01,enviado,1250.23,16,460,262.55,1772.74,credit_card,same_day,,,2025-11
2,ORD-20230923-00002,163,2023-09-23,cancelado,1457.37,17,10,306.05,1525.67,debit_card,pickup,,,2023-09
3,ORD-20251020-00003,6,2025-10-20,procesando,1150.49,7,410,241.6,1721.56,credit_card,same_day,1.0,,2025-10
4,ORD-20241005-00004,428,2024-10-05,entregado,815.77,0,90,171.31,1077.08,cash_on_delivery,pickup,3.0,Nota del cliente: Entregar por la tarde,2024-10
5,ORD-20230131-00005,362,2023-01-31,cancelado,2937.01,19,300,616.77,3295.75,cash_on_delivery,pickup,,,2023-01
6,ORD-20230113-00006,480,2023-01-13,pendiente,54.7,16,0,11.49,57.44,cash_on_delivery,same_day,,,2023-01
7,ORD-20230313-00007,381,2023-03-13,entregado,2339.84,12,30,491.37,2580.43,bank_transfer,pickup,,,2023-03
8,ORD-20230531-00008,295,2023-05-31,cancelado,3054.1,9,210,641.36,3630.59,credit_card,standard,,,2023-05
9,ORD-20251107-00009,88,2025-11-07,cancelado,1931.78,2,320,405.67,2618.81,paypal,same_day,,,2025-11
10,ORD-20231003-00010,198,2023-10-03,entregado,3669.3,14,20,770.55,3946.15,debit_card,standard,,,2023-10
11,ORD-20251008-00011,213,2025-10-08,pendiente,3824.35,12,140,803.11,4308.54,paypal,same_day,,,2025-10
12,ORD-20230118-00012,16,2023-01-18,enviado,3404.14,17,500,714.87,4040.31,credit_card,pickup,,,2023-01
13,ORD-20250922-00013,325,2025-09-22,pendiente,603.11,2,0,126.65,717.7,bank_transfer,pickup,,,2025-09
14,ORD-20240405-00014,385,2024-04-05,procesando,1522.96,0,350,319.82,2192.78,credit_card,express,,,2024-04
15,ORD-20240915-00015,304,2024-09-15,cancelado,1137.86,13,480,238.95,1708.89,bank_transfer,same_day,,,2024-09
16,ORD-20250208-00016,357,2025-02-08,cancelado,1090.34,12,320,228.97,1508.47,credit_card,standard,,,2025-02
17,ORD-20240525-00017,436,2024-05-25,cancelado,945.02,15,330,198.45,1331.72,credit_card,express,,,2024-05
18,ORD-20250304-00018,14,2025-03-04,enviado,2158.63,0,430,453.31,3041.94,cash_on_delivery,same_day,5.0,,2025-03
19,ORD-20240901-00019,14,2024-09-01,cancelado,4590.29,18,280,963.96,5008.0,debit_card,pickup,,,2024-09
20,ORD-20230512-00020,301,2023-05-12,cancelado,3096.37,19,270,650.24,3428.3,paypal,pickup,,,2023-05
21,ORD-20240925-00021,225,2024-09-25,entregado,973.44,17,210,204.42,1222.38,cash_on_delivery,standard,6.0,,2024-09
22,ORD-20251222-00022,345,2025-12-22,entregado,2102.84,4,10,441.6,2470.33,debit_card,standard,,,2025-12
23,ORD-20251220-00023,218,2025-12-20,entregado,1201.48,15,10,252.31,1283.57,bank_transfer,same_day,,,2025-12
24,ORD-20250118-00024,206,2025-01-18,pendiente,1546.98,7,240,324.87,2003.56,debit_card,same_day,,,2025-01
25,ORD-20231201-00025,360,2023-12-01,procesando,4158.5,4,440,873.29,5305.45,debit_card,pickup,,,2023-12
26,ORD-20250101-00026,133,2025-01-01,cancelado,4695.65,16,360,986.09,5290.44,paypal,pickup,9.0,,2025-01
27,ORD-20250320-00027,488,2025-03-20,entregado,2860.03,1,210,600.61,3642.04,paypal,standard,,,2025-03
28,ORD-20240405-00028,455,2024-04-05,pendiente,5924.31,7,140,1244.11,6893.72,credit_card,pickup,,,2024-04
29,ORD-20231121-00029,433,2023-11-21,cancelado,349.4,8,250,73.37,644.82,debit_card,express,1.0,,2023-11
30,ORD-20230423-00030,497,2023-04-23,pendiente,3184.79,7,0,668.81,3630.66,debit_card,same_day,1.0,,2023-04
31,ORD-20240126-00031,92,2024-01-26,pendiente,773.64,9,500,162.46,1366.47,paypal,same_day,,,2024-01
32,ORD-20250201-00032,199,2025-02-01,cancelado,4725.26,12,210,992.3,5360.53,cash_on_delivery,pickup,,,2025-02
33,ORD-20230330-00033,309,2023-03-30,enviado,289.93,8,380,60.89,707.63,credit_card,standard,,,2023-03
34,ORD-20241230-00034,26,2024-12-30,entregado,2564.88,18,210,538.62,2851.82,paypal,pickup,,,2024-12
35,ORD-20241226-00035,125,2024-12-26,procesando,4988.11,14,170,1047.5,5507.27,credit_card,same_day,,,2024-12
36,ORD-20240208-00036,135,2024-02-08,procesando,2304.07,8,400,483.85,3003.59,credit_card,same_day,,Nota del cliente: Dejar en portería,2024-02
37,ORD-20251108-00037,154,2025-11-08,pendiente,1368.58,13,360,287.4,1838.06,credit_card,standard,,,2025-11
38,ORD-20251121-00038,158,2025-11-21,cancelado,2532.09,14,0,531.74,2709.34,paypal,pickup,,,2025-11
39,ORD-20230729-00039,292,2023-07-29,pendiente,1445.98,7,490,303.66,2138.42,paypal,express,1.0,,2023-07
40,ORD-20230710-00040,227,2023-07-10,procesando,4292.18,3,330,901.36,5394.77,credit_card,pickup,7.0,,2023-07
41,ORD-20230802-00041,93,2023-08-02,cancelado,409.08,9,50,85.91,508.17,paypal,standard,,,2023-08
42,ORD-20240327-00042,43,2024-03-27,procesando,1256.14,1,20,263.79,1527.37,paypal,same_day,7.0,,2024-03
43,ORD-20251121-00043,90,2025-11-21,cancelado,3206.33,5,190,673.33,3909.34,cash_on_delivery,standard,,,2025-11
44,ORD-20250221-00044,397,2025-02-21,procesando,957.8,7,230,201.14,1321.89,cash_on_delivery,express,,,2025-02
45,ORD-20240306-00045,182,2024-03-06,entregado,2602.01,2,140,546.42,3236.39,debit_card,same_day,9.0,,2024-03
46,ORD-20250604-00046,443,2025-06-04,cancelado,3552.28,1,500,745.98,4762.74,bank_transfer,standard,,,2025-06
47,ORD-20230918-00047,254,2023-09-18,enviado,985.32,15,370,206.92,1414.44,bank_transfer,standard,,,2023-09
48,ORD-20241013-00048,236,2024-10-13,pendiente,1646.33,8,370,345.73,2230.35,debit_card,pickup,,Nota del cliente: Envolver para regalo,2024-10
49,ORD-20230301-00049,458,2023-03-01,entregado,405.91,16,290,85.24,716.2,debit_card,express,,,2023-03
50,ORD-20241008-00050,86,2024-10-08,enviado,3871.19,5,50,812.95,4540.58,debit_card,standard,,,2024-10
51,ORD-20240814-00051,175,2024-08-14,pendiente,789.39,4,200,165.77,1123.58,cash_on_delivery,same_day,,Nota del cliente: Dejar en portería,2024-08
52,ORD-20251008-00052,214,2025-10-08,cancelado,263.13,15,60,55.26,338.92,bank_transfer,express,9.0,,2025-10
53,ORD-20240919-00053,6,2024-09-19,enviado,923.1,14,430,193.85,1417.72,credit_card,express,,,2024-09
54,ORD-20240331-00054,77,2024-03-31,cancelado,1244.91,19,340,261.43,1609.81,bank_transfer,express,,,2024-03
55,ORD-20240923-00055,193,2024-09-23,procesando,222.24,2,180,46.67,444.47,credit_card,pickup,8.0,,2024-09
56,ORD-20240508-00056,250,2024-05-08,cancelado,5013.45,18,50,1052.82,5213.85,bank_transfer,same_day,,,2024-05
57,ORD-20240526-00057,430,2024-05-26,cancelado,2100.86,0,150,441.18,2692.04,cash_on_delivery,pickup,10.0,,2024-05
58,ORD-20241204-00058,458,2024-12-04,enviado,2969.92,10,340,623.68,3636.61,bank_transfer,express,,,2024-12
59,ORD-20230508-00059,394,2023-05-08,entregado,2735.59,10,300,574.47,3336.5,paypal,same_day,,,2023-05
60,ORD-20251105-00060,388,2025-11-05,entregado,2013.23,16,300,422.78,2413.89,credit_card,standard,,,2025-11
61,ORD-20250706-00061,173,2025-07-06,cancelado,888.36,9,170,186.56,1164.97,paypal,express,,Nota del cliente: Entregar por la tarde,2025-07
62,ORD-20251128-00062,316,2025-11-28,enviado,4261.47,4,500,894.91,5485.92,cash_on_delivery,pickup,,,2025-11
63,ORD-20250123-00063,102,2025-01-23,pendiente,1708.1,16,490,358.7,2283.5,credit_card,same_day,,,2025-01
64,ORD-20230618-00064,165,2023-06-18,pendiente,2748.3,3,320,577.14,3562.99,cash_on_delivery,same_day,,,2023-06
65,ORD-20231030-00065,173,2023-10-30,cancelado,392.86,6,280,82.5,731.79,debit_card,standard,,,2023-10
66,ORD-20240304-00066,245,2024-03-04,pendiente,819.18,18,300,172.03,1143.76,debit_card,express,8.0,,2024-03
67,ORD-20230222-00067,232,2023-02-22,entregado,676.47,6,30,142.06,807.94,paypal,express,9.0,Nota del cliente: Dejar en portería,2023-02
68,ORD-20230701-00068,357,2023-07-01,procesando,290.5,20,90,61.01,383.41,paypal,express,,,2023-07
69,ORD-20230209-00069,79,2023-02-09,enviado,5032.03,18,90,1056.73,5272.99,paypal,pickup,,,2023-02
70,ORD-20230123-00070,104,2023-01-23,enviado,1967.89,10,220,413.26,2404.36,debit_card,standard,,,2023-01
71,ORD-20250823-00071,342,2025-08-23,pendiente,5393.12,1,470,1132.56,6941.75,debit_card,standard,,Nota del cliente: Dejar en portería,2025-08
72,ORD-20230213-00072,169,2023-02-13,procesando,1550.76,12,80,325.66,1770.33,bank_transfer,standard,7.0,Nota del cliente: Dejar en portería,2023-02
73,ORD-20251207-00073,161,2025-12-07,enviado,3663.45,8,30,769.32,4169.69,debit_card,pickup,,,2025-12
74,ORD-20250504-00074,441,2025-05-04,pendiente,1003.32,4,300,210.7,1473.89,bank_transfer,express,,Nota del cliente: Entregar por la tarde,2025-05
75,ORD-20240526-00075,476,2024-05-26,cancelado,519.36,17,280,109.07,820.14,bank_transfer,same_day,6.0,Nota del cliente: Llamar antes,2024-05
76,ORD-20250612-00076,172,2025-06-12,enviado,561.5,16,460,117.92,1049.58,bank_transfer,same_day,,,2025-06
77,ORD-20250524-00077,107,2025-05-24,pendiente,4288.4,4,410,900.56,5427.42,paypal,same_day,,,2025-05
78,ORD-20230907-00078,435,2023-09-07,procesando,64.44,6,320,13.53,394.1,cash_on_delivery,pickup,2.0,,2023-09
79,ORD-20240803-00079,468,2024-08-03,pendiente,2027.5,12,340,425.78,2549.98,cash_on_delivery,standard,,,2024-08
80,ORD-20250223-00080,278,2025-02-23,entregado,2662.68,9,30,559.16,3012.2,cash_on_delivery,pickup,,,2025-02
81,ORD-20230514-00081,422,2023-05-14,enviado,720.64,18,140,151.33,882.25,debit_card,express,,,2023-05
82,ORD-20240423-00082,223,2024-04-23,procesando,277.8,7,310,58.34,626.69,paypal,same_day,6.0,,2024-04
83,ORD-20240704-00083,40,2024-07-04,enviado,456.39,10,270,95.84,776.59,bank_transfer,express,,,2024-07
84,ORD-20231030-00084,473,2023-10-30,cancelado,1611.91,2,390,338.5,2308.17,debit_card,pickup,,Nota del cliente: Dejar en portería,2023-10
85,ORD-20240919-00085,242,2024-09-19,entregado,2514.4,20,440,528.02,2979.54,cash_on_delivery,pickup,,,2024-09
86,ORD-20240810-00086,489,2024-08-10,cancelado,1896.38,19,200,398.24,2134.31,paypal,standard,9.0,,2024-08
87,ORD-20250401-00087,192,2025-04-01,enviado,1052.24,3,170,220.97,1411.64,credit_card,same_day,,Nota del cliente: Dejar en portería,2025-04
88,ORD-20230608-00088,409,2023-06-08,procesando,3075.18,20,320,645.79,3425.93,debit_card,express,5.0,Nota del cliente: Dejar en portería,2023-06
89,ORD-20240221-00089,430,2024-02-21,pendiente,1240.72,8,20,260.55,1422.01,cash_on_delivery,same_day,2.0,,2024-02
90,ORD-20230717-00090,451,2023-07-17,cancelado,4296.85,2,10,902.34,5123.25,bank_transfer,same_day,,,2023-07
91,ORD-20230730-00091,313,2023-07-30,pendiente,4288.57,16,370,900.6,4873.0,cash_on_delivery,pickup,,,2023-07
92,ORD-20240629-00092,435,2024-06-29,pendiente,5771.98,1,280,1212.12,7206.38,paypal,pickup,,,2024-06
93,ORD-20250102-00093,153,2025-01-02,cancelado,1518.87,8,380,318.96,2096.32,cash_on_delivery,pickup,,Nota del cliente: Envolver para regalo,2025-01
94,ORD-20240201-00094,440,2024-02-01,cancelado,2508.26,8,40,526.73,2874.33,cash_on_delivery,express,,,2024-02
95,ORD-20230308-00095,411,2023-03-08,pendiente,1311.47,0,240,275.41,1826.88,cash_on_delivery,standard,,,2023-03
96,ORD-20230718-00096,275,2023-07-18,procesando,1105.02,15,400,232.05,1571.32,bank_transfer,express,,,2023-07
97,ORD-20240124-00097,315,2024-01-24,enviado,557.19,2,400,117.01,1063.06,paypal,same_day,,,2024-01
98,ORD-20230912-00098,463,2023-09-12,enviado,2886.95,14,460,606.26,3549.04,bank_transfer,express,7.0,,2023-09
99,ORD-20250105-00099,449,2025-01-05,procesando,470.19,1,300,98.74,864.23,cash_on_delivery,standard,,,2025-01
100,ORD-20230901-00100,447,2023-09-01,procesando,1038.84,2,190,218.16,1426.22,paypal,pickup,,,2023-09
101,ORD-20230908-00101,40,2023-09-08,cancelado,3854.24,6,140,809.39,4572.38,bank_transfer,express,,,2023-09
102,ORD-20250608-00102,497,2025-06-08,pendiente,3903.51,9,280,819.74,4651.93,paypal,standard,,,2025-06
103,ORD-20240608-00103,195,2024-06-08,pendiente,1955.44,14,110,410.64,2202.32,debit_card,standard,,,2024-06
104,ORD-20240810-00104,40,2024-08-10,entregado,2233.59,18,190,469.05,2490.59,bank_transfer,standard,,Nota del cliente: Dejar en portería,2024-08
105,ORD-20250124-00105,158,2025-01-24,entregado,1647.11,7,260,345.89,2137.7,paypal,standard,,,2025-01
106,ORD-20251112-00106,326,2025-11-12,pendiente,3302.02,10,350,693.42,4015.24,paypal,express,2.0,,2025-11
107,ORD-20250304-00107,281,2025-03-04,procesando,6184.55,9,160,1298.76,7086.7,bank_transfer,same_day,,Nota del cliente: Envolver para regalo,2025-03
108,ORD-20240513-00108,294,2024-05-13,cancelado,3211.69,20,280,674.45,3523.8,debit_card,same_day,8.0,,2024-05
109,ORD-20240419-00109,310,2024-04-19,procesando,3818.3,3,10,801.84,4515.59,bank_transfer,standard,,,2024-04
110,ORD-20250805-00110,236,2025-08-05,procesando,1673.55,3,150,351.45,2124.79,credit_card,same_day,,,2025-08
111,ORD-20241012-00111,101,2024-10-12,enviado,2371.67,12,270,498.05,2855.12,credit_card,express,6.0,,2024-10
112,ORD-20240920-00112,53,2024-09-20,enviado,403.91,13,400,84.82,836.22,credit_card,standard,,,2024-09
113,ORD-20230921-00113,266,2023-09-21,enviado,1068.04,16,320,224.29,1441.44,bank_transfer,express,,,2023-09
114,ORD-20240302-00114,333,2024-03-02,cancelado,2487.64,9,160,522.4,2946.15,bank_transfer,same_day,,,2024-03
115,ORD-20250729-00115,143,2025-07-29,entregado,1547.28,8,110,324.93,1858.43,credit_card,pickup,,,2025-07
116,ORD-20241105-00116,70,2024-11-05,entregado,3474.35,10,160,729.61,4016.53,cash_on_delivery,pickup,,Nota del cliente: Llamar antes,2024-11
117,ORD-20240712-00117,498,2024-07-12,entregado,3514.24,12,100,737.99,3930.52,bank_transfer,standard,,,2024-07
118,ORD-20241125-00118,30,2024-11-25,pendiente,2104.74,0,10,442.0,2556.74,paypal,pickup,,Nota del cliente: Llamar antes,2024-11
119,ORD-20250323-00119,157,2025-03-23,enviado,2250.06,19,310,472.51,2605.06,credit_card,standard,9.0,,2025-03
120,ORD-20250730-00120,445,2025-07-30,pendiente,2569.97,8,320,539.69,3224.06,cash_on_delivery,express,,,2025-07
121,ORD-20230831-00121,394,2023-08-31,enviado,277.52,17,220,58.28,508.62,credit_card,standard,6.0,,2023-08
122,ORD-20240629-00122,346,2024-06-29,enviado,3789.91,20,490,795.88,4317.81,cash_on_delivery,same_day,,,2024-06
123,ORD-20231206-00123,3,2023-12-06,enviado,4307.54,14,430,904.58,5039.06,debit_card,same_day,8.0,Nota del cliente: Envolver para regalo,2023-12
124,ORD-20240815-00124,418,2024-08-15,cancelado,1348.72,1,340,283.23,1958.46,debit_card,same_day,5.0,,2024-08
125,ORD-20240904-00125,417,2024-09-04,procesando,487.39,14,70,102.35,591.51,bank_transfer,pickup,,,2024-09
126,ORD-20250521-00126,411,2025-05-21,procesando,3959.5,18,190,831.5,4268.29,debit_card,same_day,,,2025-05
127,ORD-20250411-00127,287,2025-04-11,cancelado,1027.86,9,420,215.85,1571.2,paypal,same_day,,,2025-04
128,ORD-20241220-00128,260,2024-12-20,enviado,3546.82,16,20,744.83,3744.16,debit_card,standard,,,2024-12
129,ORD-20250514-00129,114,2025-05-14,entregado,1613.68,17,300,338.87,1978.22,cash_on_delivery,pickup,2.0,,2025-05
130,ORD-20230726-00130,17,2023-07-26,entregado,94.95,20,80,19.94,175.9,cash_on_delivery,pickup,,,2023-07
131,ORD-20240424-00131,385,2024-04-24,procesando,81.52,6,460,17.12,553.75,debit_card,standard,,,2024-04
132,ORD-20230129-00132,451,2023-01-29,pendiente,4071.91,11,480,855.1,4959.1,paypal,express,2.0,,2023-01
133,ORD-20250302-00133,55,2025-03-02,enviado,1288.24,1,150,270.53,1695.89,cash_on_delivery,standard,,Nota del cliente: Dejar en portería,2025-03
134,ORD-20250210-00134,415,2025-02-10,procesando,3448.66,8,40,724.22,3936.99,debit_card,express,,,2025-02
135,ORD-20230920-00135,499,2023-09-20,entregado,2724.66,15,430,572.18,3318.14,credit_card,pickup,,,2023-09
136,ORD-20231129-00136,190,2023-11-29,cancelado,527.1,14,250,110.69,814.0,paypal,express,7.0,,2023-11
137,ORD-20241106-00137,215,2024-11-06,entregado,3164.64,12,320,664.57,3769.45,debit_card,same_day,,,2024-11
138,ORD-20241207-00138,472,2024-12-07,cancelado,1266.79,16,180,266.03,1510.13,paypal,same_day,,,2024-12
139,ORD-20251010-00139,259,2025-10-10,entregado,2274.66,19,440,477.68,2760.15,credit_card,same_day,,,2025-10
140,ORD-20250930-00140,187,2025-09-30,cancelado,2116.14,16,400,444.39,2621.95,paypal,pickup,,Nota del cliente: Dejar en portería,2025-09
141,ORD-20250608-00141,210,2025-06-08,entregado,463.46,19,20,97.33,492.73,debit_card,standard,,,2025-06
142,ORD-20250930-00142,350,2025-09-30,procesando,1699.15,14,240,356.82,2058.09,debit_card,express,,,2025-09
143,ORD-20250821-00143,34,2025-08-21,enviado,4453.14,1,110,935.16,5453.77,bank_transfer,express,,,2025-08
144,ORD-20241112-00144,139,2024-11-12,cancelado,268.86,19,350,56.46,624.24,bank_transfer,standard,,Nota del cliente: Entregar por la tarde,2024-11
145,ORD-20231127-00145,413,2023-11-27,procesando,3359.35,19,260,705.46,3686.53,bank_transfer,standard,1.0,Nota del cliente: Entregar por la tarde,2023-11
146,ORD-20230802-00146,341,2023-08-02,enviado,175.97,17,260,36.95,443.01,bank_transfer,standard,,,2023-08
147,ORD-20240114-00147,210,2024-01-14,entregado,3481.14,6,150,731.04,4153.31,credit_card,express,,,2024-01
148,ORD-20230502-00148,194,2023-05-02,pendiente,877.01,18,100,184.17,1003.32,debit_card,express,,,2023-05
149,ORD-20230420-00149,211,2023-04-20,enviado,1486.0,13,190,312.06,1794.88,cash_on_delivery,pickup,,,2023-04
150,ORD-20231027-00150,7,2023-10-27,pendiente,121.39,2,250,25.49,394.45,bank_transfer,standard,,,2023-10
151,ORD-20230324-00151,490,2023-03-24,entregado,937.41,13,90,196.86,1102.41,credit_card,pickup,,,2023-03
152,ORD-20251124-00152,196,2025-11-24,procesando,807.34,14,480,169.54,1343.85,debit_card,standard,,,2025-11
153,ORD-20230718-00153,289,2023-07-18,cancelado,4976.79,5,280,1045.13,6053.08,bank_transfer,pickup,,,2023-07
154,ORD-20230603-00154,463,2023-06-03,entregado,2309.1,2,470,484.91,3217.83,paypal,standard,6.0,,2023-06
155,ORD-20240324-00155,370,2024-03-24,entregado,520.1,13,100,109.22,661.71,cash_on_delivery,standard,,,2024-03
156,ORD-20240528-00156,56,2024-05-28,entregado,3901.02,13,250,819.21,4463.1,bank_transfer,pickup,,,2024-05
157,ORD-20250906-00157,243,2025-09-06,entregado,1569.3,9,250,329.55,2007.61,paypal,standard,3.0,Nota del cliente: Entregar por la tarde,2025-09
158,ORD-20240729-00158,182,2024-07-29,enviado,1942.95,18,460,408.02,2461.24,debit_card,same_day,,,2024-07
159,ORD-20240115-00159,118,2024-01-15,enviado,1609.74,13,160,338.05,1898.52,bank_transfer,express,,,2024-01
160,ORD-20240727-00160,175,2024-07-27,cancelado,1339.12,10,200,281.22,1686.43,cash_on_delivery,express,,,2024-07
161,ORD-20240104-00161,469,2024-01-04,entregado,4735.24,2,410,994.4,6044.94,cash_on_delivery,standard,,,2024-01
162,ORD-20230911-00162,175,2023-09-11,enviado,520.26,7,90,109.25,683.09,credit_card,pickup,,,2023-09
163,ORD-20230925-00163,278,2023-09-25,cancelado,985.08,3,220,206.87,1382.4,bank_transfer,express,,,2023-09
164,ORD-20250929-00164,327,2025-09-29,enviado,1458.72,7,310,306.33,1972.94,credit_card,standard,,Nota del cliente: Dejar en portería,2025-09
165,ORD-20230818-00165,64,2023-08-18,entregado,3016.45,17,370,633.45,3507.1,paypal,same_day,,,2023-08
166,ORD-20231112-00166,32,2023-11-12,entregado,3124.94,1,120,656.24,3869.93,credit_card,same_day,,,2023-11
167,ORD-20240714-00167,271,2024-07-14,procesando,1097.26,7,450,230.42,1700.87,debit_card,same_day,,Nota del cliente: Dejar en portería,2024-07
168,ORD-20230928-00168,44,2023-09-28,cancelado,3320.02,15,290,697.2,3809.22,paypal,same_day,,,2023-09
169,ORD-20250504-00169,423,2025-05-04,enviado,2290.87,16,450,481.08,2855.41,cash_on_delivery,standard,,Nota del cliente: Envolver para regalo,2025-05
170,ORD-20250419-00170,396,2025-04-19,enviado,1907.84,15,210,400.65,2232.31,debit_card,express,7.0,,2025-04
171,ORD-20250524-00171,251,2025-05-24,entregado,2817.64,10,160,591.7,3287.58,credit_card,standard,,Nota del cliente: Llamar antes,2025-05
172,ORD-20230521-00172,304,2023-05-21,procesando,1047.84,7,10,220.05,1204.54,cash_on_delivery,express,,,2023-05
173,ORD-20230216-00173,124,2023-02-16,procesando,1124.25,17,260,236.09,1429.22,debit_card,standard,,,2023-02
174,ORD-20240628-00174,21,2024-06-28,pendiente,926.92,8,90,194.65,1137.42,bank_transfer,pickup,,,2024-06
175,ORD-20250514-00175,86,2025-05-14,cancelado,5769.86,13,380,1211.67,6611.45,cash_on_delivery,pickup,,Nota del cliente: Entregar por la tarde,2025-05
176,ORD-20241117-00176,372,2024-11-17,entregado,2042.16,17,60,428.85,2183.84,debit_card,express,,,2024-11
177,ORD-20240423-00177,355,2024-04-23,enviado,3128.73,12,380,657.03,3790.31,debit_card,express,2.0,,2024-04
178,ORD-20240523-00178,349,2024-05-23,cancelado,2008.48,5,70,421.78,2399.84,credit_card,express,,,2024-05
179,ORD-20230215-00179,172,2023-02-15,cancelado,1818.01,10,350,381.78,2367.99,paypal,standard,,,2023-02
180,ORD-20231205-00180,374,2023-12-05,procesando,1533.12,10,240,321.96,1941.77,cash_on_delivery,pickup,,,2023-12
181,ORD-20240802-00181,19,2024-08-02,cancelado,1442.9,13,250,303.01,1808.33,cash_on_delivery,same_day,,,2024-08
182,ORD-20240425-00182,231,2024-04-25,enviado,2506.44,2,50,526.35,3032.66,debit_card,express,5.0,,2024-04
183,ORD-20250304-00183,92,2025-03-04,cancelado,2211.1,9,410,464.33,2886.43,debit_card,pickup,,,2025-03
184,ORD-20240822-00184,355,2024-08-22,entregado,163.04,2,340,34.24,534.02,credit_card,standard,,Nota del cliente: Llamar antes,2024-08
185,ORD-20231114-00185,208,2023-11-14,procesando,1188.8,12,20,249.65,1315.79,debit_card,express,,,2023-11
186,ORD-20250106-00186,201,2025-01-06,procesando,234.88,10,100,49.32,360.71,credit_card,pickup,,Nota del cliente: Envolver para regalo,2025-01
187,ORD-20240416-00187,256,2024-04-16,enviado,1309.9,5,170,275.08,1689.49,cash_on_delivery,standard,5.0,,2024-04
188,ORD-20230516-00188,175,2023-05-16,entregado,3097.65,9,290,650.51,3759.37,debit_card,pickup,,,2023-05
189,ORD-20241028-00189,285,2024-10-28,enviado,3010.62,0,450,632.23,4092.85,bank_transfer,pickup,,,2024-10
190,ORD-20230407-00190,428,2023-04-07,enviado,3644.95,7,410,765.44,4565.24,debit_card,same_day,4.0,,2023-04
191,ORD-20231102-00191,295,2023-11-02,entregado,3024.52,5,270,635.15,3778.44,paypal,pickup,,,2023-11
192,ORD-20240901-00192,403,2024-09-01,enviado,841.22,10,450,176.66,1383.76,debit_card,pickup,,,2024-09
193,ORD-20240710-00193,213,2024-07-10,entregado,322.06,19,480,67.63,808.5,cash_on_delivery,same_day,,,2024-07
194,ORD-20241104-00194,229,2024-11-04,entregado,1592.46,6,150,334.42,1981.33,credit_card,same_day,,,2024-11
195,ORD-20240718-00195,37,2024-07-18,cancelado,2892.87,5,90,607.5,3445.73,paypal,pickup,,,2024-07
196,ORD-20240323-00196,188,2024-03-23,enviado,1854.09,8,350,389.36,2445.12,paypal,express,,,2024-03
197,ORD-20231106-00197,289,2023-11-06,pendiente,957.63,0,90,201.1,1248.73,cash_on_delivery,standard,2.0,,2023-11
198,ORD-20230930-00198,23,2023-09-30,pendiente,97.8,16,390,20.54,492.69,bank_transfer,express,,,2023-09
199,ORD-20230831-00199,327,2023-08-31,enviado,327.17,20,410,68.71,740.45,debit_card,standard,,,2023-08
200,ORD-20231012-00200,428,2023-10-12,enviado,1801.6,11,430,378.34,2411.76,debit_card,pickup,,Nota del cliente: Envolver para regalo,2023-10
201,ORD-20231202-00201,381,2023-12-02,pendiente,5011.09,5,500,1052.33,6312.87,paypal,pickup,,,2023-12
202,ORD-20251202-00202,55,2025-12-02,entregado,3104.11,17,70,651.86,3298.27,cash_on_delivery,express,9.0,,2025-12
203,ORD-20240213-00203,328,2024-02-13,procesando,2498.15,11,350,524.61,3097.96,debit_card,pickup,,,2024-02
204,ORD-20250101-00204,83,2025-01-01,pendiente,2317.24,16,150,486.62,2583.1,bank_transfer,express,,,2025-01
205,ORD-20241103-00205,112,2024-11-03,entregado,4838.05,0,180,1015.99,6034.04,bank_transfer,standard,,,2024-11
206,ORD-20240707-00206,330,2024-07-07,enviado,2787.56,7,280,585.39,3457.82,bank_transfer,pickup,,Nota del cliente: Dejar en portería,2024-07
207,ORD-20231125-00207,87,2023-11-25,pendiente,3719.92,8,50,781.18,4253.51,credit_card,express,6.0,Nota del cliente: Dejar en portería,2023-11
208,ORD-20250109-00208,295,2025-01-09,cancelado,847.92,11,270,178.06,1202.71,credit_card,same_day,,,2025-01
209,ORD-20251204-00209,219,2025-12-04,enviado,1487.61,6,110,312.4,1820.75,debit_card,same_day,,,2025-12
210,ORD-20240321-00210,245,2024-03-21,enviado,401.84,16,340,84.39,761.94,bank_transfer,express,,,2024-03
211,ORD-20250611-00211,284,2025-06-11,enviado,2401.32,11,370,504.28,3011.45,debit_card,express,,,2025-06
212,ORD-20250607-00212,358,2025-06-07,procesando,1013.85,15,70,212.91,1144.68,cash_on_delivery,standard,,,2025-06
213,ORD-20251020-00213,293,2025-10-20,cancelado,4738.23,6,360,995.03,5808.97,cash_on_delivery,standard,,,2025-10
214,ORD-20251022-00214,258,2025-10-22,pendiente,4115.55,5,10,864.27,4784.04,credit_card,express,,,2025-10
215,ORD-20250607-00215,160,2025-06-07,entregado,3041.63,13,320,638.74,3604.96,debit_card,pickup,,,2025-06
216,ORD-20240717-00216,220,2024-07-17,entregado,2631.2,0,150,552.55,3333.75,debit_card,standard,1.0,,2024-07
217,ORD-20230130-00217,193,2023-01-30,pendiente,2507.29,11,300,526.53,3058.02,paypal,pickup,,,2023-01
218,ORD-20240810-00218,275,2024-08-10,entregado,1775.91,7,30,372.94,2054.54,bank_transfer,pickup,,,2024-08
219,ORD-20250226-00219,224,2025-02-26,enviado,1585.64,10,350,332.98,2110.06,bank_transfer,standard,3.0,,2025-02
220,ORD-20250331-00220,396,2025-03-31,procesando,1107.58,18,280,232.59,1420.81,bank_transfer,standard,,,2025-03
221,ORD-20230809-00221,319,2023-08-09,cancelado,1550.24,6,310,325.55,2092.78,debit_card,standard,,,2023-08
222,ORD-20250408-00222,217,2025-04-08,enviado,3870.43,0,40,812.79,4723.22,debit_card,standard,2.0,,2025-04
223,ORD-20250417-00223,38,2025-04-17,procesando,2275.71,13,70,477.9,2527.77,paypal,pickup,,,2025-04
224,ORD-20230204-00224,342,2023-02-04,procesando,2843.23,12,200,597.08,3299.12,bank_transfer,express,,,2023-02
225,ORD-20250507-00225,322,2025-05-07,cancelado,486.4,16,120,102.14,630.72,bank_transfer,same_day,,,2025-05
226,ORD-20230728-00226,102,2023-07-28,procesando,635.81,12,200,133.52,893.03,debit_card,pickup,8.0,Nota del cliente: Dejar en portería,2023-07
227,ORD-20240619-00227,433,2024-06-19,cancelado,2389.0,15,80,501.69,2612.34,paypal,express,,,2024-06
228,ORD-20250302-00228,341,2025-03-02,procesando,2348.72,16,220,493.23,2686.15,bank_transfer,same_day,,Nota del cliente: Envolver para regalo,2025-03
229,ORD-20241031-00229,77,2024-10-31,pendiente,4390.17,13,390,921.94,5131.39,paypal,standard,,,2024-10
230,ORD-20240310-00230,186,2024-03-10,enviado,3268.87,11,400,686.46,3995.75,paypal,standard,,,2024-03
231,ORD-20230501-00231,416,2023-05-01,cancelado,2413.57,9,240,506.85,2943.2,bank_transfer,same_day,,,2023-05
232,ORD-20230715-00232,182,2023-07-15,entregado,1307.85,20,160,274.65,1480.93,credit_card,same_day,,,2023-07
233,ORD-20251130-00233,485,2025-11-30,procesando,4350.98,14,470,913.71,5125.55,bank_transfer,standard,,,2025-11
234,ORD-20230802-00234,291,2023-08-02,procesando,175.98,0,100,36.96,312.94,bank_transfer,pickup,,,2023-08
235,ORD-20240401-00235,491,2024-04-01,entregado,4750.02,8,430,997.5,5797.52,debit_card,express,,,2024-04
236,ORD-20230520-00236,173,2023-05-20,procesando,4145.44,3,60,870.54,4951.62,cash_on_delivery,same_day,,,2023-05
237,ORD-20240123-00237,319,2024-01-23,procesando,4194.66,15,200,880.88,4646.34,cash_on_delivery,pickup,,,2024-01
238,ORD-20240514-00238,434,2024-05-14,pendiente,293.3,16,380,61.59,687.96,bank_transfer,pickup,9.0,Nota del cliente: Llamar antes,2024-05
239,ORD-20240316-00239,417,2024-03-16,cancelado,1081.74,1,290,227.17,1588.09,debit_card,same_day,3.0,,2024-03
240,ORD-20250319-00240,91,2025-03-19,procesando,3880.42,12,40,814.89,4269.66,credit_card,same_day,,,2025-03
241,ORD-20250108-00241,132,2025-01-08,cancelado,5437.56,6,500,1141.89,6753.2,debit_card,express,,,2025-01
242,ORD-20240622-00242,5,2024-06-22,enviado,5792.44,16,430,1216.41,6512.06,credit_card,standard,,,2024-06
243,ORD-20250128-00243,310,2025-01-28,enviado,1569.2,1,360,329.53,2243.04,cash_on_delivery,pickup,,,2025-01
244,ORD-20240804-00244,130,2024-08-04,enviado,1324.35,12,390,278.11,1833.54,debit_card,pickup,1.0,,2024-08
245,ORD-20230518-00245,71,2023-05-18,procesando,1864.11,14,450,391.46,2444.59,credit_card,express,10.0,Nota del cliente: Llamar antes,2023-05
246,ORD-20240223-00246,181,2024-02-23,procesando,1326.96,7,170,278.66,1682.73,cash_on_delivery,same_day,7.0,,2024-02
247,ORD-20231109-00247,20,2023-11-09,procesando,967.1,17,260,203.09,1265.78,debit_card,standard,10.0,Nota del cliente: Entregar por la tarde,2023-11
248,ORD-20230222-00248,414,2023-02-22,procesando,916.37,4,220,192.44,1292.16,paypal,express,,,2023-02
249,ORD-20231119-00249,476,2023-11-19,cancelado,3641.37,10,290,764.69,4331.92,debit_card,express,,,2023-11
250,ORD-20251020-00250,293,2025-10-20,pendiente,351.94,17,410,73.91,776.02,paypal,same_day,,Nota del cliente: Envolver para regalo,2025-10
251,ORD-20250928-00251,316,2025-09-28,cancelado,1716.59,0,150,360.48,2227.07,bank_transfer,pickup,3.0,Nota del cliente: Llamar antes,2025-09
252,ORD-20250803-00252,78,2025-08-03,cancelado,3849.55,15,70,808.41,4150.53,credit_card,same_day,,,2025-08
253,ORD-20250420-00253,4,2025-04-20,pendiente,4782.4,4,290,1004.3,5885.4,bank_transfer,pickup,,,2025-04
254,ORD-20240721-00254,496,2024-07-21,procesando,782.28,5,50,164.28,957.45,bank_transfer,standard,,,2024-07
255,ORD-20240717-00255,237,2024-07-17,entregado,839.55,5,60,176.31,1033.88,cash_on_delivery,same_day,,,2024-07
256,ORD-20241126-00256,254,2024-11-26,procesando,662.45,13,270,139.11,985.44,debit_card,express,,Nota del cliente: Dejar en portería,2024-11
257,ORD-20230303-00257,454,2023-03-03,procesando,4408.65,9,380,925.82,5317.69,debit_card,pickup,,,2023-03
258,ORD-20251130-00258,43,2025-11-30,enviado,4023.53,1,350,844.94,5178.23,debit_card,pickup,,,2025-11
259,ORD-20250203-00259,490,2025-02-03,pendiente,2048.78,18,420,430.24,2530.24,cash_on_delivery,standard,,,2025-02
260,ORD-20230527-00260,90,2023-05-27,cancelado,2110.17,19,300,443.14,2452.38,debit_card,standard,,,2023-05
261,ORD-20250701-00261,20,2025-07-01,pendiente,4518.38,18,240,948.86,4893.93,debit_card,pickup,7.0,,2025-07
262,ORD-20230223-00262,199,2023-02-23,procesando,3579.66,4,120,751.73,4308.2,credit_card,pickup,1.0,,2023-02
263,ORD-20241224-00263,124,2024-12-24,pendiente,949.14,14,420,199.32,1435.58,credit_card,pickup,,Nota del cliente: Llamar antes,2024-12
264,ORD-20230228-00264,258,2023-02-28,pendiente,2537.08,10,50,532.79,2866.16,credit_card,express,9.0,,2023-02
265,ORD-20240505-00265,298,2024-05-05,cancelado,2680.8,17,130,562.97,2918.03,credit_card,pickup,,,2024-05
266,ORD-20241118-00266,19,2024-11-18,procesando,3184.83,8,260,668.81,3858.85,cash_on_delivery,standard,,,2024-11
267,ORD-20231216-00267,275,2023-12-16,procesando,180.44,19,10,37.89,194.05,bank_transfer,express,9.0,,2023-12
268,ORD-20251122-00268,283,2025-11-22,entregado,2063.16,2,0,433.26,2455.16,credit_card,express,,,2025-11
269,ORD-20241213-00269,345,2024-12-13,enviado,3311.23,11,130,695.36,3772.35,cash_on_delivery,same_day,3.0,,2024-12
270,ORD-20240128-00270,428,2024-01-28,cancelado,3033.26,10,120,636.98,3486.91,bank_transfer,express,,,2024-01
271,ORD-20240608-00271,47,2024-06-08,enviado,2958.02,1,140,621.18,3689.62,bank_transfer,same_day,,,2024-06
272,ORD-20230622-00272,83,2023-06-22,cancelado,747.92,10,430,157.06,1260.19,credit_card,standard,,,2023-06
273,ORD-20230801-00273,125,2023-08-01,procesando,1986.3,8,190,417.12,2434.52,bank_transfer,express,,,2023-08
274,ORD-20230318-00274,189,2023-03-18,pendiente,407.94,14,70,85.67,506.5,bank_transfer,standard,,,2023-03
275,ORD-20251220-00275,274,2025-12-20,cancelado,810.92,10,300,170.29,1200.12,bank_transfer,standard,,Nota del cliente: Dejar en portería,2025-12
276,ORD-20250526-00276,446,2025-05-26,entregado,1881.86,20,30,395.19,1930.68,paypal,pickup,,Nota del cliente: Envolver para regalo,2025-05
277,ORD-20240110-00277,65,2024-01-10,procesando,1579.11,5,370,331.61,2201.76,debit_card,same_day,,,2024-01
278,ORD-20230526-00278,240,2023-05-26,pendiente,634.86,1,150,133.32,911.83,credit_card,standard,,,2023-05
279,ORD-20240627-00279,33,2024-06-27,enviado,3000.57,9,440,630.12,3800.64,paypal,standard,10.0,,2024-06
280,ORD-20250213-00280,449,2025-02-13,cancelado,1449.01,11,280,304.29,1873.91,credit_card,pickup,,,2025-02
281,ORD-20241005-00281,308,2024-10-05,cancelado,299.49,4,70,62.89,420.4,cash_on_delivery,standard,,,2024-10
282,ORD-20240427-00282,53,2024-04-27,procesando,3683.62,2,150,773.56,4533.51,cash_on_delivery,express,3.0,,2024-04
283,ORD-20250202-00283,449,2025-02-02,cancelado,3509.73,14,290,737.04,4045.41,debit_card,standard,,,2025-02
284,ORD-20240101-00284,137,2024-01-01,enviado,1209.84,7,460,254.07,1839.22,credit_card,same_day,,,2024-01
285,ORD-20240422-00285,165,2024-04-22,enviado,2546.02,4,500,534.66,3478.84,cash_on_delivery,standard,,,2024-04
286,ORD-20230403-00286,227,2023-04-03,entregado,6007.96,9,120,1261.67,6848.91,bank_transfer,express,4.0,Nota del cliente: Dejar en portería,2023-04
287,ORD-20250602-00287,246,2025-06-02,cancelado,1319.87,4,220,277.17,1764.25,cash_on_delivery,same_day,,,2025-06
288,ORD-20250103-00288,151,2025-01-03,enviado,2016.11,11,260,423.38,2477.72,debit_card,standard,,,2025-01
289,ORD-20250327-00289,322,2025-03-27,enviado,1880.76,17,490,394.96,2445.99,credit_card,express,,,2025-03
290,ORD-20250325-00290,266,2025-03-25,pendiente,2155.9,0,430,452.74,3038.64,debit_card,same_day,,,2025-03
291,ORD-20250824-00291,276,2025-08-24,cancelado,293.3,18,250,61.59,552.1,credit_card,same_day,,,2025-08
292,ORD-20240729-00292,99,2024-07-29,enviado,2566.14,14,400,538.89,3145.77,paypal,express,,,2024-07
293,ORD-20240810-00293,108,2024-08-10,cancelado,218.24,3,70,45.83,327.52,cash_on_delivery,express,,,2024-08
294,ORD-20231226-00294,462,2023-12-26,enviado,2147.13,12,380,450.9,2720.37,debit_card,same_day,,,2023-12
295,ORD-20230425-00295,326,2023-04-25,enviado,3965.47,14,120,832.75,4363.05,paypal,standard,,,2023-04
296,ORD-20240325-00296,440,2024-03-25,entregado,5253.66,19,250,1103.27,5608.73,paypal,express,,,2024-03
297,ORD-20251208-00297,442,2025-12-08,cancelado,2296.11,3,160,482.18,2869.41,bank_transfer,pickup,1.0,,2025-12
298,ORD-20250407-00298,187,2025-04-07,cancelado,2908.22,15,290,610.73,3372.72,debit_card,pickup,3.0,,2025-04
299,ORD-20231229-00299,275,2023-12-29,procesando,735.24,13,290,154.4,1084.06,paypal,pickup,4.0,,2023-12
300,ORD-20241221-00300,469,2024-12-21,pendiente,3519.81,15,80,739.16,3811.0,bank_transfer,standard,,Nota del cliente: Llamar antes,2024-12
301,ORD-20240203-00301,272,2024-02-03,procesando,719.85,2,160,151.17,1016.62,credit_card,same_day,,,2024-02
302,ORD-20250509-00302,11,2025-05-09,cancelado,901.96,8,290,189.41,1309.21,bank_transfer,pickup,,,2025-05
303,ORD-20250306-00303,251,2025-03-06,pendiente,1043.68,15,190,219.17,1296.3,cash_on_delivery,express,,,2025-03
304,ORD-20231205-00304,234,2023-12-05,pendiente,1466.58,5,10,307.98,1711.23,credit_card,same_day,,,2023-12
305,ORD-20240717-00305,466,2024-07-17,entregado,1226.0,7,280,257.46,1677.64,cash_on_delivery,express,,Nota del cliente: Llamar antes,2024-07
306,ORD-20240824-00306,206,2024-08-24,cancelado,4799.66,9,480,1007.93,5855.62,paypal,same_day,,,2024-08
307,ORD-20241124-00307,135,2024-11-24,enviado,3633.53,13,290,763.04,4214.21,bank_transfer,pickup,5.0,,2024-11
308,ORD-20250211-00308,234,2025-02-11,procesando,5332.64,12,110,1119.85,5922.57,cash_on_delivery,standard,,,2025-02
309,ORD-20250518-00309,499,2025-05-18,procesando,257.76,17,70,54.13,338.07,cash_on_delivery,same_day,1.0,,2025-05
310,ORD-20240514-00310,114,2024-05-14,enviado,4812.4,13,330,1010.6,5527.39,paypal,same_day,,,2024-05
311,ORD-20240611-00311,380,2024-06-11,entregado,1084.37,8,440,227.72,1665.34,credit_card,standard,,,2024-06
312,ORD-20230823-00312,276,2023-08-23,cancelado,1664.26,15,130,349.49,1894.11,cash_on_delivery,pickup,,Nota del cliente: Dejar en portería,2023-08
313,ORD-20250916-00313,238,2025-09-16,enviado,600.66,7,220,126.14,904.75,debit_card,express,,,2025-09
314,ORD-20240620-00314,108,2024-06-20,entregado,4362.62,12,260,916.15,5015.26,debit_card,same_day,,,2024-06
315,ORD-20250121-00315,320,2025-01-21,pendiente,1943.16,14,10,408.06,2089.18,debit_card,standard,,,2025-01
316,ORD-20230907-00316,384,2023-09-07,pendiente,2503.54,2,60,525.74,3039.21,cash_on_delivery,same_day,1.0,Nota del cliente: Envolver para regalo,2023-09
317,ORD-20251204-00317,181,2025-12-04,entregado,663.37,5,380,139.31,1149.51,paypal,same_day,,,2025-12
318,ORD-20240516-00318,134,2024-05-16,pendiente,2232.65,10,170,468.86,2648.25,paypal,standard,,,2024-05
319,ORD-20240201-00319,448,2024-02-01,enviado,2218.83,3,260,465.95,2878.22,debit_card,standard,,,2024-02
320,ORD-20241117-00320,229,2024-11-17,cancelado,1322.85,4,130,277.8,1677.74,credit_card,standard,,,2024-11
321,ORD-20230313-00321,28,2023-03-13,procesando,380.26,10,0,79.85,422.08,credit_card,same_day,,,2023-03
322,ORD-20240807-00322,170,2024-08-07,procesando,1948.85,18,90,409.26,2097.32,cash_on_delivery,same_day,,,2024-08
323,ORD-20230216-00323,470,2023-02-16,entregado,2209.11,17,250,463.91,2547.47,debit_card,express,,,2023-02
324,ORD-20250917-00324,159,2025-09-17,entregado,3320.49,17,240,697.3,3693.31,cash_on_delivery,pickup,,Nota del cliente: Dejar en portería,2025-09
325,ORD-20250331-00325,92,2025-03-31,cancelado,1809.75,18,390,380.05,2254.05,paypal,pickup,,,2025-03
326,ORD-20241216-00326,390,2024-12-16,enviado,2847.62,10,110,598.0,3270.86,paypal,pickup,4.0,,2024-12
327,ORD-20240531-00327,112,2024-05-31,entregado,543.92,20,90,114.22,639.36,credit_card,pickup,,,2024-05
328,ORD-20231230-00328,402,2023-12-30,enviado,3264.56,18,490,685.56,3852.5,paypal,standard,6.0,,2023-12
329,ORD-20240513-00329,313,2024-05-13,entregado,1584.94,8,110,332.84,1900.98,paypal,express,6.0,,2024-05
330,ORD-20250423-00330,1,2025-04-23,entregado,1922.32,19,260,403.69,2220.77,debit_card,pickup,,,2025-04
331,ORD-20230606-00331,319,2023-06-06,pendiente,3849.11,3,410,808.31,4951.95,paypal,same_day,,,2023-06
332,ORD-20251027-00332,391,2025-10-27,procesando,5858.43,19,470,1230.27,6445.6,debit_card,same_day,,,2025-10
333,ORD-20250126-00333,298,2025-01-26,procesando,1744.5,2,140,366.35,2215.96,cash_on_delivery,express,,,2025-01
334,ORD-20240126-00334,8,2024-01-26,procesando,3099.05,7,60,650.8,3592.92,cash_on_delivery,express,,,2024-01
335,ORD-20240730-00335,116,2024-07-30,enviado,2216.44,4,250,465.45,2843.23,credit_card,standard,,,2024-07
336,ORD-20250701-00336,288,2025-07-01,procesando,1897.3,9,490,398.43,2614.97,bank_transfer,pickup,,Nota del cliente: Dejar en portería,2025-07
337,ORD-20251002-00337,215,2025-10-02,entregado,1403.31,0,110,294.7,1808.01,debit_card,express,,,2025-10
338,ORD-20240601-00338,354,2024-06-01,procesando,397.47,18,440,83.47,849.4,paypal,standard,,,2024-06
339,ORD-20230915-00339,70,2023-09-15,enviado,2419.24,3,270,508.04,3124.7,credit_card,express,,,2023-09
340,ORD-20230127-00340,250,2023-01-27,cancelado,5510.95,8,440,1157.3,6667.37,bank_transfer,same_day,,,2023-01
341,ORD-20251018-00341,231,2025-10-18,entregado,2081.46,15,490,437.11,2696.35,bank_transfer,pickup,,,2025-10
342,ORD-20230308-00342,15,2023-03-08,enviado,909.08,4,180,190.91,1243.63,bank_transfer,standard,10.0,,2023-03
343,ORD-20251202-00343,10,2025-12-02,entregado,2231.13,16,90,468.54,2432.69,debit_card,pickup,,Nota del cliente: Entregar por la tarde,2025-12
344,ORD-20251007-00344,266,2025-10-07,entregado,322.2,3,400,67.66,780.19,debit_card,express,,,2025-10
345,ORD-20251110-00345,187,2025-11-10,enviado,709.04,4,490,148.9,1319.58,debit_card,same_day,,Nota del cliente: Envolver para regalo,2025-11
346,ORD-20250226-00346,452,2025-02-26,pendiente,1878.71,17,260,394.53,2213.86,bank_transfer,standard,,,2025-02
347,ORD-20240529-00347,269,2024-05-29,entregado,1202.22,9,50,252.47,1396.49,credit_card,pickup,,,2024-05
348,ORD-20240402-00348,287,2024-04-02,enviado,911.74,8,340,191.47,1370.27,paypal,same_day,,,2024-04
349,ORD-20241107-00349,350,2024-11-07,procesando,2266.08,16,360,475.88,2739.39,credit_card,same_day,,Nota del cliente: Envolver para regalo,2024-11
350,ORD-20240219-00350,95,2024-02-19,cancelado,1355.7,19,150,284.7,1532.82,debit_card,standard,,,2024-02
351,ORD-20240810-00351,355,2024-08-10,enviado,2209.26,2,390,463.94,3019.01,bank_transfer,express,2.0,,2024-08
352,ORD-20240511-00352,312,2024-05-11,entregado,3540.72,9,0,743.55,3965.61,paypal,pickup,,,2024-05
353,ORD-20240714-00353,50,2024-07-14,pendiente,937.94,14,400,196.97,1403.6,debit_card,express,,Nota del cliente: Entregar por la tarde,2024-07
354,ORD-20231202-00354,75,2023-12-02,procesando,2648.08,3,0,556.1,3124.74,bank_transfer,pickup,,,2023-12
355,ORD-20251117-00355,493,2025-11-17,entregado,40.76,20,130,8.56,171.17,debit_card,same_day,,,2025-11
356,ORD-20240906-00356,173,2024-09-06,cancelado,594.4,15,30,124.82,660.06,credit_card,pickup,,,2024-09
357,ORD-20240417-00357,101,2024-04-17,procesando,1677.4,19,410,352.25,2120.94,paypal,standard,,,2024-04
358,ORD-20251227-00358,354,2025-12-27,enviado,1106.94,19,320,232.46,1449.08,credit_card,same_day,,,2025-12
359,ORD-20250322-00359,8,2025-03-22,entregado,24.45,13,340,5.13,366.4,cash_on_delivery,pickup,2.0,,2025-03
360,ORD-20240111-00360,298,2024-01-11,procesando,1154.37,7,330,242.42,1645.98,cash_on_delivery,standard,,Nota del cliente: Entregar por la tarde,2024-01
361,ORD-20230108-00361,200,2023-01-08,pendiente,1441.28,3,170,302.67,1870.71,paypal,standard,,,2023-01
362,ORD-20250618-00362,2,2025-06-18,pendiente,5394.37,17,140,1132.82,5750.15,credit_card,same_day,1.0,,2025-06
363,ORD-20231218-00363,228,2023-12-18,pendiente,1786.12,20,360,375.09,2163.99,cash_on_delivery,standard,1.0,,2023-12
364,ORD-20240825-00364,402,2024-08-25,cancelado,3281.5,18,10,689.12,3389.95,credit_card,pickup,,,2024-08
365,ORD-20251024-00365,73,2025-10-24,enviado,2561.22,1,410,537.86,3483.47,cash_on_delivery,standard,,Nota del cliente: Llamar antes,2025-10
366,ORD-20240827-00366,202,2024-08-27,cancelado,2354.83,6,330,494.51,3038.05,bank_transfer,same_day,,,2024-08
367,ORD-20230916-00367,13,2023-09-16,pendiente,1227.77,2,120,257.83,1581.04,paypal,express,3.0,,2023-09
368,ORD-20250920-00368,206,2025-09-20,cancelado,4190.44,0,180,879.99,5250.43,paypal,standard,,Nota del cliente: Entregar por la tarde,2025-09
369,ORD-20240216-00369,347,2024-02-16,entregado,4151.94,14,50,871.91,4492.58,paypal,same_day,8.0,Nota del cliente: Dejar en portería,2024-02
370,ORD-20251121-00370,274,2025-11-21,pendiente,1831.26,17,90,384.56,1994.51,debit_card,same_day,,,2025-11
371,ORD-20241125-00371,158,2024-11-25,pendiente,1966.82,4,480,413.03,2781.18,cash_on_delivery,standard,,,2024-11
372,ORD-20250513-00372,96,2025-05-13,cancelado,2851.4,2,300,598.79,3693.16,credit_card,same_day,7.0,,2025-05
373,ORD-20250507-00373,221,2025-05-07,pendiente,1033.76,3,370,217.09,1589.84,cash_on_delivery,express,7.0,,2025-05
374,ORD-20240622-00374,84,2024-06-22,cancelado,499.15,4,160,104.82,744.0,bank_transfer,pickup,,,2024-06
375,ORD-20230628-00375,475,2023-06-28,pendiente,3947.59,2,30,828.99,4727.63,credit_card,standard,3.0,,2023-06
376,ORD-20250508-00376,313,2025-05-08,pendiente,327.17,18,220,68.71,556.99,bank_transfer,pickup,,,2025-05
377,ORD-20240107-00377,92,2024-01-07,cancelado,2376.54,6,110,499.07,2843.02,bank_transfer,same_day,,,2024-01
378,ORD-20241219-00378,132,2024-12-19,pendiente,2385.36,5,260,500.93,3027.02,bank_transfer,express,,Nota del cliente: Llamar antes,2024-12
379,ORD-20251018-00379,100,2025-10-18,cancelado,1887.03,17,370,396.28,2332.51,debit_card,express,,,2025-10
380,ORD-20250428-00380,386,2025-04-28,procesando,290.5,0,430,61.01,781.51,bank_transfer,pickup,,,2025-04
381,ORD-20230725-00381,412,2023-07-25,entregado,1269.72,11,50,266.64,1446.69,cash_on_delivery,standard,,,2023-07
382,ORD-20240210-00382,355,2024-02-10,pendiente,2938.91,11,240,617.17,3472.8,paypal,pickup,,,2024-02
383,ORD-20240225-00383,44,2024-02-25,entregado,3147.56,0,120,660.99,3928.55,bank_transfer,pickup,,Nota del cliente: Dejar en portería,2024-02
384,ORD-20240723-00384,65,2024-07-23,procesando,787.5,12,270,165.38,1128.38,credit_card,express,,Nota del cliente: Entregar por la tarde,2024-07
385,ORD-20241206-00385,454,2024-12-06,entregado,1708.25,11,320,358.73,2199.07,cash_on_delivery,express,3.0,,2024-12
386,ORD-20250309-00386,246,2025-03-09,enviado,3986.17,12,210,837.1,4554.93,debit_card,standard,9.0,Nota del cliente: Envolver para regalo,2025-03
387,ORD-20250206-00387,11,2025-02-06,enviado,1246.61,18,390,261.79,1674.01,debit_card,same_day,,,2025-02
388,ORD-20230707-00388,150,2023-07-07,procesando,3915.59,12,150,822.27,4417.99,paypal,express,,,2023-07
389,ORD-20241005-00389,55,2024-10-05,procesando,6711.47,5,310,1409.41,8095.31,credit_card,same_day,4.0,,2024-10
390,ORD-20231115-00390,433,2023-11-15,enviado,2287.3,4,60,480.33,2736.14,cash_on_delivery,pickup,,,2023-11
391,ORD-20231125-00391,414,2023-11-25,procesando,3161.95,13,310,664.01,3724.91,debit_card,standard,,,2023-11
392,ORD-20230629-00392,78,2023-06-29,enviado,4771.54,6,250,1002.02,5737.27,credit_card,express,,,2023-06
393,ORD-20251013-00393,357,2025-10-13,pendiente,2815.47,7,470,591.25,3679.64,credit_card,standard,,,2025-10
394,ORD-20230618-00394,405,2023-06-18,entregado,3958.88,11,390,831.36,4744.76,cash_on_delivery,standard,,,2023-06
395,ORD-20231203-00395,35,2023-12-03,pendiente,3029.86,18,430,636.27,3550.76,bank_transfer,express,,,2023-12
396,ORD-20230119-00396,188,2023-01-19,procesando,2910.81,18,140,611.27,3138.13,paypal,pickup,,,2023-01
397,ORD-20251003-00397,42,2025-10-03,procesando,2142.58,16,100,449.94,2349.71,cash_on_delivery,same_day,,,2025-10
398,ORD-20240210-00398,230,2024-02-10,pendiente,1798.82,2,20,377.75,2160.59,cash_on_delivery,same_day,,,2024-02
399,ORD-20230321-00399,55,2023-03-21,cancelado,4506.19,0,420,946.3,5872.49,credit_card,standard,,Nota del cliente: Llamar antes,2023-03
400,ORD-20240909-00400,17,2024-09-09,procesando,988.19,3,140,207.52,1306.06,bank_transfer,pickup,,,2024-09
401,ORD-20230529-00401,491,2023-05-29,pendiente,870.24,8,450,182.75,1433.37,debit_card,pickup,,,2023-05
402,ORD-20230816-00402,300,2023-08-16,pendiente,2984.47,16,190,626.74,3323.69,credit_card,express,,,2023-08
403,ORD-20250524-00403,320,2025-05-24,cancelado,117.32,5,150,24.64,286.09,debit_card,same_day,,,2025-05
404,ORD-20230216-00404,46,2023-02-16,procesando,1538.13,14,170,323.01,1815.8,cash_on_delivery,same_day,,,2023-02
405,ORD-20250205-00405,482,2025-02-05,procesando,1062.86,17,250,223.2,1355.37,cash_on_delivery,express,10.0,,2025-02
406,ORD-20250717-00406,446,2025-07-17,procesando,3223.02,18,410,676.83,3729.71,bank_transfer,standard,,Nota del cliente: Envolver para regalo,2025-07
407,ORD-20250209-00407,199,2025-02-09,entregado,128.88,2,330,27.06,483.36,cash_on_delivery,pickup,,,2025-02
408,ORD-20230912-00408,273,2023-09-12,cancelado,1209.66,14,80,254.03,1374.34,paypal,pickup,2.0,,2023-09
409,ORD-20240717-00409,353,2024-07-17,cancelado,2258.36,6,60,474.26,2657.12,cash_on_delivery,express,1.0,,2024-07
410,ORD-20240210-00410,198,2024-02-10,cancelado,3494.45,1,390,733.83,4583.34,credit_card,standard,,Nota del cliente: Llamar antes,2024-02
411,ORD-20240722-00411,246,2024-07-22,procesando,4683.01,17,30,983.43,4900.33,credit_card,express,,,2024-07
412,ORD-20240530-00412,443,2024-05-30,cancelado,2849.84,11,50,598.47,3184.83,bank_transfer,express,,,2024-05
413,ORD-20241108-00413,98,2024-11-08,enviado,2411.69,4,190,506.45,3011.67,paypal,express,,,2024-11
414,ORD-20230321-00414,295,2023-03-21,entregado,217.56,13,20,45.69,254.97,paypal,standard,,Nota del cliente: Envolver para regalo,2023-03
415,ORD-20240214-00415,105,2024-02-14,cancelado,2234.61,19,90,469.27,2369.3,cash_on_delivery,pickup,3.0,,2024-02
416,ORD-20240122-00416,366,2024-01-22,entregado,1279.97,19,310,268.79,1615.57,debit_card,standard,,,2024-01
417,ORD-20240108-00417,204,2024-01-08,cancelado,3523.16,7,250,739.86,4266.4,debit_card,pickup,8.0,,2024-01
418,ORD-20250104-00418,493,2025-01-04,procesando,2973.36,2,380,624.41,3918.3,debit_card,express,,,2025-01
419,ORD-20250920-00419,249,2025-09-20,entregado,117.32,9,30,24.64,161.4,credit_card,pickup,,,2025-09
420,ORD-20250328-00420,42,2025-03-28,cancelado,4424.65,10,160,929.18,5071.37,debit_card,same_day,,,2025-03
421,ORD-20250505-00421,173,2025-05-05,procesando,4144.36,15,70,870.32,4463.03,bank_transfer,standard,,,2025-05
422,ORD-20241227-00422,489,2024-12-27,cancelado,27.52,16,270,5.78,298.9,debit_card,same_day,,,2024-12
423,ORD-20240707-00423,413,2024-07-07,cancelado,2972.22,9,450,624.17,3778.89,bank_transfer,standard,,Nota del cliente: Entregar por la tarde,2024-07
424,ORD-20240315-00424,351,2024-03-15,cancelado,4581.32,4,160,962.08,5520.15,cash_on_delivery,express,,,2024-03
425,ORD-20250403-00425,141,2025-04-03,pendiente,1269.72,9,500,266.64,1922.09,paypal,express,,,2025-04
426,ORD-20241118-00426,451,2024-11-18,pendiente,1045.81,6,230,219.62,1432.68,bank_transfer,same_day,,,2024-11
427,ORD-20240829-00427,89,2024-08-29,cancelado,665.53,6,50,139.76,815.36,cash_on_delivery,standard,,Nota del cliente: Entregar por la tarde,2024-08
428,ORD-20240731-00428,336,2024-07-31,entregado,2090.34,18,280,438.97,2433.05,debit_card,pickup,9.0,,2024-07
429,ORD-20250208-00429,157,2025-02-08,entregado,3427.48,3,340,719.77,4384.43,cash_on_delivery,express,,,2025-02
430,ORD-20250924-00430,262,2025-09-24,enviado,4159.21,18,240,873.43,4523.98,credit_card,standard,,Nota del cliente: Entregar por la tarde,2025-09
431,ORD-20230609-00431,85,2023-06-09,procesando,720.6,12,90,151.33,875.46,cash_on_delivery,express,,,2023-06
432,ORD-20240222-00432,164,2024-02-22,enviado,1712.3,17,180,359.58,1960.79,paypal,express,,Nota del cliente: Dejar en portería,2024-02
433,ORD-20240815-00433,121,2024-08-15,procesando,5344.59,12,470,1122.36,6295.6,bank_transfer,express,,,2024-08
434,ORD-20240502-00434,14,2024-05-02,entregado,5282.66,12,320,1109.36,6078.1,debit_card,standard,9.0,Nota del cliente: Envolver para regalo,2024-05
435,ORD-20250109-00435,180,2025-01-09,procesando,3968.78,12,460,833.44,4785.97,paypal,same_day,,,2025-01
436,ORD-20250311-00436,435,2025-03-11,pendiente,1117.1,6,50,234.59,1334.66,paypal,standard,8.0,,2025-03
437,ORD-20241201-00437,374,2024-12-01,cancelado,399.32,1,60,83.86,539.19,cash_on_delivery,standard,,,2024-12
438,ORD-20231001-00438,105,2023-10-01,cancelado,2108.93,1,180,442.88,2710.72,credit_card,same_day,,,2023-10
439,ORD-20250402-00439,301,2025-04-02,entregado,306.81,10,90,64.43,430.56,bank_transfer,same_day,5.0,,2025-04
440,ORD-20230501-00440,411,2023-05-01,entregado,186.96,5,70,39.26,286.87,credit_card,standard,,,2023-05
441,ORD-20231226-00441,137,2023-12-26,enviado,2345.94,16,140,492.65,2603.24,bank_transfer,same_day,4.0,,2023-12
442,ORD-20240912-00442,120,2024-09-12,enviado,4116.7,3,90,864.51,4947.71,credit_card,same_day,3.0,,2024-09
443,ORD-20240520-00443,170,2024-05-20,pendiente,591.18,2,290,124.15,993.51,debit_card,same_day,2.0,,2024-05
444,ORD-20240102-00444,219,2024-01-02,enviado,3763.45,15,20,790.32,4009.25,debit_card,pickup,,,2024-01
445,ORD-20250417-00445,460,2025-04-17,cancelado,2217.5,1,20,465.68,2681.01,cash_on_delivery,same_day,,Nota del cliente: Entregar por la tarde,2025-04
446,ORD-20250104-00446,306,2025-01-04,pendiente,3202.85,7,400,672.6,4051.25,paypal,express,,,2025-01
447,ORD-20250304-00447,163,2025-03-04,procesando,789.39,8,150,165.77,1042.01,cash_on_delivery,pickup,,,2025-03
448,ORD-20250502-00448,121,2025-05-02,pendiente,1149.11,14,300,241.31,1529.54,bank_transfer,pickup,,,2025-05
449,ORD-20251223-00449,173,2025-12-23,enviado,2129.89,14,260,447.28,2538.99,credit_card,same_day,,,2025-12
450,ORD-20240615-00450,242,2024-06-15,procesando,3417.11,6,60,717.59,3989.67,credit_card,express,,,2024-06
451,ORD-20240412-00451,468,2024-04-12,enviado,1213.02,10,440,254.73,1786.45,paypal,pickup,4.0,,2024-04
452,ORD-20240418-00452,66,2024-04-18,enviado,2863.7,0,40,601.38,3505.08,credit_card,express,,,2024-04
453,ORD-20230506-00453,452,2023-05-06,pendiente,5826.26,18,320,1223.51,6321.04,cash_on_delivery,standard,,,2023-05
454,ORD-20241210-00454,313,2024-12-10,procesando,3618.84,0,300,759.96,4678.8,credit_card,standard,,,2024-12
455,ORD-20241227-00455,243,2024-12-27,enviado,897.63,17,430,188.5,1363.53,debit_card,pickup,,Nota del cliente: Envolver para regalo,2024-12
456,ORD-20250427-00456,316,2025-04-27,pendiente,4476.73,5,100,940.11,5293.0,cash_on_delivery,express,8.0,,2025-04
457,ORD-20230911-00457,100,2023-09-11,procesando,2809.95,2,270,590.09,3613.84,debit_card,same_day,9.0,,2023-09
458,ORD-20240617-00458,462,2024-06-17,enviado,3871.75,1,200,813.07,4846.1,credit_card,express,,,2024-06
459,ORD-20240401-00459,187,2024-04-01,procesando,241.8,18,240,50.78,489.06,bank_transfer,same_day,,,2024-04
460,ORD-20230730-00460,341,2023-07-30,procesando,2460.7,14,220,516.75,2852.95,cash_on_delivery,same_day,,,2023-07
461,ORD-20230402-00461,447,2023-04-02,pendiente,2281.4,9,500,479.09,3055.16,debit_card,pickup,5.0,,2023-04
462,ORD-20250616-00462,169,2025-06-16,procesando,4064.39,18,480,853.52,4666.32,debit_card,same_day,3.0,,2025-06
463,ORD-20241030-00463,337,2024-10-30,enviado,1140.78,7,90,239.56,1390.49,debit_card,standard,,,2024-10
464,ORD-20230601-00464,468,2023-06-01,enviado,2799.82,6,230,587.96,3449.79,debit_card,express,6.0,Nota del cliente: Dejar en portería,2023-06
465,ORD-20231219-00465,77,2023-12-19,enviado,163.04,18,20,34.24,187.93,cash_on_delivery,same_day,,Nota del cliente: Envolver para regalo,2023-12
466,ORD-20230701-00466,77,2023-07-01,entregado,2463.3,2,170,517.29,3101.32,credit_card,express,,,2023-07
467,ORD-20250419-00467,85,2025-04-19,pendiente,4094.13,1,150,859.77,5062.96,paypal,standard,,Nota del cliente: Entregar por la tarde,2025-04
468,ORD-20231219-00468,32,2023-12-19,pendiente,7953.07,11,320,1670.14,9068.37,paypal,standard,,,2023-12
469,ORD-20240924-00469,352,2024-09-24,cancelado,3205.14,14,100,673.08,3529.5,paypal,standard,,,2024-09
470,ORD-20251210-00470,449,2025-12-10,pendiente,4138.3,13,70,869.04,4539.36,bank_transfer,express,,,2025-12
471,ORD-20240312-00471,472,2024-03-12,entregado,5303.12,13,10,1113.66,5737.37,bank_transfer,standard,1.0,,2024-03
472,ORD-20230910-00472,339,2023-09-10,entregado,4488.4,10,70,942.56,5052.12,credit_card,same_day,,,2023-09
473,ORD-20250108-00473,473,2025-01-08,entregado,111.88,1,130,23.49,264.25,credit_card,express,6.0,Nota del cliente: Dejar en portería,2025-01
474,ORD-20240817-00474,304,2024-08-17,procesando,672.56,6,400,141.24,1173.45,cash_on_delivery,same_day,8.0,,2024-08
475,ORD-20231123-00475,159,2023-11-23,entregado,2951.68,13,350,619.85,3537.81,cash_on_delivery,express,,Nota del cliente: Llamar antes,2023-11
476,ORD-20231224-00476,9,2023-12-24,pendiente,5300.34,3,120,1113.07,6374.4,debit_card,same_day,,,2023-12
477,ORD-20251023-00477,350,2025-10-23,cancelado,2233.43,0,310,469.02,3012.45,paypal,express,,,2025-10
478,ORD-20230114-00478,201,2023-01-14,cancelado,2316.63,8,210,486.49,2827.79,debit_card,express,,Nota del cliente: Dejar en portería,2023-01
479,ORD-20241013-00479,112,2024-10-13,pendiente,138.76,20,410,29.14,550.15,paypal,same_day,,,2024-10
480,ORD-20250604-00480,6,2025-06-04,procesando,4525.11,19,500,950.27,5115.61,paypal,same_day,,,2025-06
481,ORD-20230807-00481,52,2023-08-07,cancelado,5489.72,4,280,1152.84,6702.97,credit_card,standard,,,2023-08
482,ORD-20230425-00482,346,2023-04-25,entregado,450.98,15,350,94.71,828.04,cash_on_delivery,standard,,,2023-04
483,ORD-20250705-00483,356,2025-07-05,pendiente,789.39,13,40,165.77,892.54,cash_on_delivery,same_day,,,2025-07
484,ORD-20230429-00484,24,2023-04-29,enviado,3950.33,9,200,829.57,4624.37,credit_card,same_day,,,2023-04
485,ORD-20230525-00485,185,2023-05-25,pendiente,118.32,13,480,24.85,607.79,debit_card,standard,,Nota del cliente: Entregar por la tarde,2023-05
486,ORD-20231027-00486,273,2023-10-27,cancelado,5173.36,1,40,1086.41,6248.04,bank_transfer,express,,Nota del cliente: Envolver para regalo,2023-10
487,ORD-20230908-00487,322,2023-09-08,cancelado,908.72,1,440,190.83,1530.46,bank_transfer,same_day,,,2023-09
488,ORD-20240907-00488,204,2024-09-07,enviado,390.5,20,160,82.01,554.41,debit_card,standard,6.0,,2024-09
489,ORD-20230107-00489,135,2023-01-07,entregado,1493.62,14,190,313.66,1788.17,debit_card,pickup,10.0,,2023-01
490,ORD-20240403-00490,261,2024-04-03,entregado,608.52,0,490,127.79,1226.31,credit_card,standard,,,2024-04
491,ORD-20241209-00491,254,2024-12-09,enviado,5603.06,14,30,1176.64,6025.27,bank_transfer,express,6.0,,2024-12
492,ORD-20230829-00492,228,2023-08-29,enviado,826.82,16,20,173.63,888.16,credit_card,same_day,,,2023-08
493,ORD-20251114-00493,227,2025-11-14,cancelado,1733.65,16,200,364.07,2020.34,bank_transfer,express,10.0,,2025-11
494,ORD-20240412-00494,108,2024-04-12,enviado,4026.94,12,200,845.66,4589.37,cash_on_delivery,pickup,8.0,,2024-04
495,ORD-20230105-00495,154,2023-01-05,entregado,1032.17,3,430,216.76,1647.96,bank_transfer,standard,,,2023-01
496,ORD-20240122-00496,348,2024-01-22,entregado,2196.88,8,140,461.34,2622.47,credit_card,same_day,,,2024-01
497,ORD-20250101-00497,237,2025-01-01,enviado,2737.79,13,120,574.94,3076.82,debit_card,express,9.0,,2025-01
498,ORD-20250428-00498,4,2025-04-28,cancelado,1912.75,13,480,401.68,2545.77,credit_card,express,,Nota del cliente: Envolver para regalo,2025-04
499,ORD-20230206-00499,304,2023-02-06,cancelado,2783.16,0,160,584.46,3527.62,paypal,pickup,6.0,,2023-02
500,ORD-20250105-00500,161,2025-01-05,cancelado,1989.0,16,110,417.69,2198.45,cash_on_delivery,pickup,8.0,,2025-01
501,ORD-20231024-00501,180,2023-10-24,entregado,1613.39,8,490,338.81,2313.13,paypal,standard,,,2023-10
502,ORD-20240924-00502,217,2024-09-24,cancelado,2814.7,4,260,591.09,3553.2,bank_transfer,standard,,,2024-09
503,ORD-20240104-00503,66,2024-01-04,enviado,2903.7,8,310,609.78,3591.18,cash_on_delivery,standard,,,2024-01
504,ORD-20230306-00504,58,2023-03-06,cancelado,2800.4,11,60,588.08,3140.44,paypal,same_day,7.0,,2023-03
505,ORD-20230725-00505,33,2023-07-25,enviado,1653.74,12,400,347.29,2202.58,debit_card,pickup,,,2023-07
506,ORD-20250724-00506,214,2025-07-24,procesando,409.08,19,60,85.91,477.26,paypal,express,7.0,,2025-07
507,ORD-20240921-00507,335,2024-09-21,enviado,2527.2,0,170,530.71,3227.91,debit_card,standard,8.0,,2024-09
508,ORD-20250213-00508,123,2025-02-13,procesando,236.64,12,70,49.69,327.93,cash_on_delivery,express,3.0,,2025-02
509,ORD-20250428-00509,324,2025-04-28,cancelado,3535.24,9,220,742.4,4179.47,credit_card,standard,,,2025-04
510,ORD-20250305-00510,222,2025-03-05,cancelado,1347.6,10,320,283.0,1815.84,paypal,express,,,2025-03
511,ORD-20231107-00511,281,2023-11-07,procesando,1045.24,1,20,219.5,1274.29,credit_card,standard,,,2023-11
512,ORD-20230616-00512,289,2023-06-16,procesando,3224.92,19,120,677.23,3409.42,debit_card,express,,Nota del cliente: Dejar en portería,2023-06
513,ORD-20230512-00513,232,2023-05-12,enviado,175.98,3,50,36.96,257.66,debit_card,pickup,,,2023-05
514,ORD-20240405-00514,343,2024-04-05,enviado,492.64,11,60,103.45,601.9,cash_on_delivery,standard,,,2024-04
515,ORD-20240611-00515,292,2024-06-11,pendiente,1848.39,9,470,388.16,2540.19,credit_card,express,8.0,,2024-06
516,ORD-20250824-00516,61,2025-08-24,cancelado,1987.95,18,0,417.47,2047.59,bank_transfer,pickup,5.0,Nota del cliente: Dejar en portería,2025-08
517,ORD-20240729-00517,211,2024-07-29,cancelado,960.33,16,200,201.67,1208.35,cash_on_delivery,pickup,,,2024-07
518,ORD-20240124-00518,146,2024-01-24,pendiente,2403.91,18,140,504.82,2616.03,debit_card,same_day,,Nota del cliente: Envolver para regalo,2024-01
519,ORD-20231113-00519,8,2023-11-13,procesando,1897.9,1,420,398.56,2697.48,credit_card,pickup,9.0,,2023-11
520,ORD-20251002-00520,9,2025-10-02,enviado,804.9,14,30,169.03,891.24,cash_on_delivery,pickup,,,2025-10
521,ORD-20231214-00521,9,2023-12-14,entregado,3891.66,7,120,817.25,4556.49,paypal,express,7.0,,2023-12
522,ORD-20250616-00522,247,2025-06-16,enviado,1057.32,6,450,222.04,1665.92,cash_on_delivery,standard,5.0,,2025-06
523,ORD-20230317-00523,146,2023-03-17,enviado,4145.67,10,200,870.59,4801.69,bank_transfer,same_day,,,2023-03
524,ORD-20230920-00524,6,2023-09-20,pendiente,619.58,16,280,130.11,930.56,paypal,express,,Nota del cliente: Llamar antes,2023-09
525,ORD-20250209-00525,481,2025-02-09,procesando,2662.18,4,70,559.06,3184.75,debit_card,pickup,,Nota del cliente: Envolver para regalo,2025-02
526,ORD-20240101-00526,249,2024-01-01,procesando,1344.97,20,120,282.44,1478.42,debit_card,express,,,2024-01
527,ORD-20240413-00527,295,2024-04-13,enviado,2106.36,8,300,442.34,2680.19,credit_card,pickup,5.0,,2024-04
528,ORD-20231005-00528,34,2023-10-05,pendiente,1201.55,0,480,252.33,1933.88,debit_card,standard,,,2023-10
529,ORD-20230611-00529,225,2023-06-11,entregado,3288.49,5,330,690.58,4144.65,credit_card,pickup,,,2023-06
530,ORD-20241102-00530,110,2024-11-02,procesando,1951.59,15,310,409.83,2378.68,credit_card,pickup,,,2024-11
531,ORD-20231230-00531,499,2023-12-30,entregado,939.52,7,370,197.3,1441.05,debit_card,standard,,,2023-12
532,ORD-20250802-00532,301,2025-08-02,procesando,2787.62,12,180,585.4,3218.51,credit_card,standard,,,2025-08
533,ORD-20250710-00533,60,2025-07-10,entregado,2655.23,20,230,557.6,2911.78,credit_card,same_day,,,2025-07
534,ORD-20250627-00534,393,2025-06-27,cancelado,3636.31,0,100,763.63,4499.94,cash_on_delivery,standard,9.0,,2025-06
535,ORD-20251020-00535,7,2025-10-20,entregado,2693.88,17,50,565.71,2851.63,credit_card,express,,,2025-10
536,ORD-20230211-00536,96,2023-02-11,enviado,1043.22,8,490,219.08,1668.84,paypal,express,6.0,,2023-02
537,ORD-20250526-00537,259,2025-05-26,entregado,1338.52,17,210,281.09,1602.06,bank_transfer,same_day,6.0,,2025-05
538,ORD-20230514-00538,15,2023-05-14,enviado,3650.55,0,300,766.62,4717.17,credit_card,pickup,,,2023-05
539,ORD-20240224-00539,250,2024-02-24,procesando,1377.86,11,260,289.35,1775.65,debit_card,pickup,,Nota del cliente: Dejar en portería,2024-02
540,ORD-20250604-00540,497,2025-06-04,entregado,5273.44,1,250,1107.42,6578.13,paypal,same_day,3.0,,2025-06
541,ORD-20250901-00541,162,2025-09-01,entregado,4363.73,7,20,916.38,4994.65,cash_on_delivery,same_day,,,2025-09
542,ORD-20250606-00542,155,2025-06-06,pendiente,2867.18,14,40,602.11,3107.88,bank_transfer,pickup,,,2025-06
543,ORD-20231127-00543,1,2023-11-27,enviado,5952.85,18,310,1250.1,6441.44,bank_transfer,same_day,3.0,,2023-11
544,ORD-20240101-00544,474,2024-01-01,entregado,1298.4,19,110,272.66,1434.36,paypal,express,,Nota del cliente: Dejar en portería,2024-01
545,ORD-20230106-00545,492,2023-01-06,entregado,3660.79,18,400,768.77,4170.62,cash_on_delivery,express,,,2023-01
546,ORD-20251023-00546,384,2025-10-23,pendiente,2042.49,18,60,428.92,2163.76,bank_transfer,standard,,,2025-10
547,ORD-20230105-00547,260,2023-01-05,cancelado,1580.76,7,190,331.96,1992.07,paypal,pickup,3.0,Nota del cliente: Entregar por la tarde,2023-01
548,ORD-20241031-00548,472,2024-10-31,procesando,24.45,20,330,5.13,354.69,credit_card,standard,,,2024-10
549,ORD-20230123-00549,57,2023-01-23,cancelado,2176.67,16,0,457.1,2285.5,paypal,pickup,,,2023-01
550,ORD-20240116-00550,12,2024-01-16,cancelado,1668.87,10,60,350.46,1912.44,debit_card,pickup,,,2024-01
551,ORD-20250530-00551,215,2025-05-30,pendiente,2004.69,7,380,420.98,2665.34,bank_transfer,pickup,,,2025-05
552,ORD-20240226-00552,455,2024-02-26,enviado,2173.66,4,390,456.47,2933.18,paypal,pickup,4.0,,2024-02
553,ORD-20230819-00553,260,2023-08-19,procesando,2053.48,6,140,431.23,2501.5,debit_card,express,,,2023-08
554,ORD-20250613-00554,318,2025-06-13,cancelado,967.2,5,340,203.11,1461.95,debit_card,standard,,,2025-06
555,ORD-20240510-00555,169,2024-05-10,enviado,1276.84,10,80,268.14,1497.3,debit_card,express,5.0,,2024-05
556,ORD-20240628-00556,312,2024-06-28,procesando,519.36,17,80,109.07,620.14,debit_card,same_day,,,2024-06
557,ORD-20250419-00557,175,2025-04-19,pendiente,2439.48,8,420,512.29,3176.61,cash_on_delivery,express,,,2025-04
558,ORD-20250620-00558,80,2025-06-20,entregado,2035.18,2,70,427.39,2491.87,bank_transfer,standard,,,2025-06
559,ORD-20230601-00559,115,2023-06-01,pendiente,2373.26,15,20,498.38,2535.65,paypal,same_day,,Nota del cliente: Envolver para regalo,2023-06
560,ORD-20251117-00560,244,2025-11-17,entregado,1485.44,13,40,311.94,1644.27,bank_transfer,pickup,,,2025-11
561,ORD-20250819-00561,105,2025-08-19,pendiente,1126.06,16,250,236.47,1432.36,credit_card,standard,,,2025-08
562,ORD-20250702-00562,209,2025-07-02,entregado,2733.27,18,320,573.99,3135.27,credit_card,standard,,,2025-07
563,ORD-20231217-00563,494,2023-12-17,cancelado,2613.73,17,0,548.88,2718.28,bank_transfer,pickup,2.0,,2023-12
564,ORD-20230322-00564,3,2023-03-22,entregado,2050.62,0,270,430.63,2751.25,cash_on_delivery,express,,,2023-03
565,ORD-20230522-00565,98,2023-05-22,enviado,1623.64,9,410,340.96,2228.47,paypal,pickup,6.0,Nota del cliente: Envolver para regalo,2023-05
566,ORD-20240319-00566,429,2024-03-19,procesando,1783.32,2,60,374.5,2182.15,bank_transfer,express,,Nota del cliente: Entregar por la tarde,2024-03
567,ORD-20230612-00567,398,2023-06-12,pendiente,2100.84,17,0,441.18,2184.88,debit_card,standard,,,2023-06
568,ORD-20231122-00568,43,2023-11-22,pendiente,1548.95,3,140,325.28,1967.76,cash_on_delivery,express,,,2023-11
569,ORD-20230422-00569,365,2023-04-22,pendiente,242.78,6,500,50.98,779.19,credit_card,same_day,,,2023-04
570,ORD-20230614-00570,197,2023-06-14,entregado,1623.64,3,10,340.96,1925.89,paypal,same_day,,,2023-06
571,ORD-20240419-00571,256,2024-04-19,enviado,2624.77,15,240,551.2,3022.25,debit_card,express,,,2024-04
572,ORD-20231031-00572,461,2023-10-31,enviado,981.51,11,260,206.12,1339.66,credit_card,pickup,,,2023-10
573,ORD-20240110-00573,353,2024-01-10,procesando,681.24,7,260,143.06,1036.61,cash_on_delivery,standard,,,2024-01
574,ORD-20240827-00574,494,2024-08-27,cancelado,1143.32,11,170,240.1,1427.65,paypal,standard,,,2024-08
575,ORD-20240114-00575,402,2024-01-14,enviado,1099.12,4,70,230.82,1355.98,paypal,express,,Nota del cliente: Envolver para regalo,2024-01
576,ORD-20240125-00576,408,2024-01-25,pendiente,1546.14,17,250,324.69,1857.99,paypal,pickup,6.0,Nota del cliente: Envolver para regalo,2024-01
577,ORD-20241102-00577,434,2024-11-02,procesando,1212.27,7,180,254.58,1561.99,bank_transfer,pickup,,,2024-11
578,ORD-20241211-00578,136,2024-12-11,entregado,4530.14,3,200,951.33,5545.57,credit_card,pickup,,Nota del cliente: Llamar antes,2024-12
579,ORD-20240701-00579,226,2024-07-01,procesando,1092.8,5,270,229.49,1537.65,paypal,standard,,,2024-07
580,ORD-20230113-00580,62,2023-01-13,enviado,2058.39,9,30,432.26,2335.39,debit_card,same_day,,,2023-01
581,ORD-20230314-00581,494,2023-03-14,procesando,3823.75,0,330,802.99,4956.74,paypal,standard,,Nota del cliente: Dejar en portería,2023-03
582,ORD-20250505-00582,174,2025-05-05,entregado,2349.31,3,60,493.36,2832.19,credit_card,same_day,9.0,Nota del cliente: Entregar por la tarde,2025-05
583,ORD-20241108-00583,56,2024-11-08,entregado,2448.75,1,320,514.24,3258.5,debit_card,standard,,,2024-11
584,ORD-20250325-00584,89,2025-03-25,cancelado,936.9,0,150,196.75,1283.65,paypal,standard,,Nota del cliente: Envolver para regalo,2025-03
585,ORD-20240505-00585,492,2024-05-05,cancelado,1137.1,15,390,238.79,1595.33,paypal,standard,,,2024-05
586,ORD-20230920-00586,8,2023-09-20,pendiente,2079.18,12,330,436.63,2596.31,credit_card,pickup,,,2023-09
587,ORD-20231128-00587,489,2023-11-28,cancelado,1465.24,11,350,307.7,1961.76,cash_on_delivery,pickup,,Nota del cliente: Llamar antes,2023-11
588,ORD-20240315-00588,467,2024-03-15,cancelado,1937.85,17,450,406.95,2465.37,credit_card,same_day,,,2024-03
589,ORD-20240213-00589,485,2024-02-13,procesando,1486.0,13,380,312.06,1984.88,cash_on_delivery,standard,,,2024-02
590,ORD-20231024-00590,252,2023-10-24,entregado,2340.29,10,50,491.46,2647.72,debit_card,pickup,1.0,,2023-10
591,ORD-20241002-00591,105,2024-10-02,enviado,1342.91,7,40,282.01,1570.92,bank_transfer,pickup,,,2024-10
592,ORD-20250213-00592,124,2025-02-13,enviado,2459.26,10,410,516.44,3139.77,credit_card,pickup,,Nota del cliente: Envolver para regalo,2025-02
593,ORD-20250403-00593,66,2025-04-03,pendiente,847.52,20,120,177.98,976.0,cash_on_delivery,pickup,,,2025-04
594,ORD-20241227-00594,232,2024-12-27,procesando,435.12,3,50,91.38,563.45,cash_on_delivery,standard,,,2024-12
595,ORD-20231014-00595,190,2023-10-14,pendiente,977.72,8,310,205.32,1414.82,bank_transfer,pickup,,,2023-10
596,ORD-20230308-00596,343,2023-03-08,pendiente,4446.13,14,210,933.69,4967.36,cash_on_delivery,standard,,Nota del cliente: Entregar por la tarde,2023-03
597,ORD-20240905-00597,410,2024-09-05,entregado,1486.07,2,40,312.07,1808.42,paypal,same_day,,,2024-09
598,ORD-20230214-00598,86,2023-02-14,cancelado,1140.78,7,410,239.56,1710.49,paypal,express,,,2023-02
599,ORD-20230705-00599,272,2023-07-05,entregado,5859.62,13,20,1230.52,6348.39,cash_on_delivery,express,,,2023-07
600,ORD-20240104-00600,353,2024-01-04,enviado,2357.07,18,60,494.98,2487.78,cash_on_delivery,same_day,,Nota del cliente: Envolver para regalo,2024-01
601,ORD-20250206-00601,399,2025-02-06,entregado,7264.7,18,90,1525.59,7572.64,credit_card,same_day,6.0,,2025-02
602,ORD-20250311-00602,475,2025-03-11,pendiente,4279.34,4,270,898.66,5276.83,credit_card,standard,,Nota del cliente: Envolver para regalo,2025-03
603,ORD-20230624-00603,411,2023-06-24,entregado,550.63,3,110,115.63,759.74,debit_card,same_day,,,2023-06
604,ORD-20230211-00604,331,2023-02-11,entregado,390.5,12,90,82.01,515.65,bank_transfer,same_day,2.0,,2023-02
605,ORD-20240509-00605,42,2024-05-09,cancelado,2050.0,19,300,430.5,2391.0,paypal,pickup,8.0,Nota del cliente: Llamar antes,2024-05
606,ORD-20241003-00606,52,2024-10-03,procesando,267.01,16,220,56.07,500.36,paypal,standard,,,2024-10
607,ORD-20240909-00607,486,2024-09-09,entregado,2266.17,1,140,475.9,2859.41,debit_card,same_day,,,2024-09
608,ORD-20250525-00608,400,2025-05-25,procesando,2518.67,13,260,528.92,2980.16,credit_card,express,,,2025-05
609,ORD-20250521-00609,206,2025-05-21,procesando,991.83,9,380,208.28,1490.85,debit_card,standard,,,2025-05
610,ORD-20230103-00610,378,2023-01-03,enviado,1373.01,14,270,288.33,1739.12,cash_on_delivery,standard,4.0,,2023-01
611,ORD-20240526-00611,417,2024-05-26,cancelado,3296.15,18,380,692.19,3775.03,debit_card,pickup,,,2024-05
612,ORD-20240105-00612,28,2024-01-05,entregado,2302.03,17,290,483.43,2684.11,cash_on_delivery,same_day,,,2024-01
613,ORD-20240929-00613,367,2024-09-29,pendiente,2768.35,16,30,581.35,2936.76,credit_card,express,,,2024-09
614,ORD-20231002-00614,33,2023-10-02,procesando,1871.85,19,250,393.09,2159.29,bank_transfer,same_day,,,2023-10
615,ORD-20230918-00615,360,2023-09-18,cancelado,3311.2,9,470,695.35,4178.54,bank_transfer,express,,,2023-09
616,ORD-20241011-00616,420,2024-10-11,cancelado,1802.9,9,220,378.61,2239.25,credit_card,standard,4.0,Nota del cliente: Envolver para regalo,2024-10
617,ORD-20230122-00617,453,2023-01-22,cancelado,1226.36,0,210,257.54,1693.9,credit_card,same_day,,,2023-01
618,ORD-20240524-00618,292,2024-05-24,cancelado,950.65,7,130,199.64,1213.74,cash_on_delivery,pickup,,,2024-05
619,ORD-20230525-00619,461,2023-05-25,entregado,6181.92,8,250,1298.2,7235.57,bank_transfer,pickup,,Nota del cliente: Llamar antes,2023-05
620,ORD-20251203-00620,22,2025-12-03,pendiente,1506.06,2,30,316.27,1822.21,credit_card,standard,,,2025-12
621,ORD-20231222-00621,383,2023-12-22,entregado,5721.18,20,160,1201.45,5938.39,debit_card,standard,4.0,Nota del cliente: Llamar antes,2023-12
622,ORD-20230721-00622,394,2023-07-21,entregado,620.9,19,370,130.39,1003.32,debit_card,express,,,2023-07
623,ORD-20250918-00623,292,2025-09-18,pendiente,4274.86,12,500,897.72,5159.6,bank_transfer,express,,,2025-09
624,ORD-20251117-00624,201,2025-11-17,procesando,2476.16,8,200,519.99,2998.06,debit_card,same_day,6.0,,2025-11
625,ORD-20250713-00625,5,2025-07-13,cancelado,584.34,5,60,122.71,737.83,bank_transfer,standard,,,2025-07
626,ORD-20230723-00626,494,2023-07-23,cancelado,4558.14,16,110,957.21,4896.05,bank_transfer,express,4.0,Nota del cliente: Envolver para regalo,2023-07
627,ORD-20230812-00627,461,2023-08-12,pendiente,5430.07,7,10,1140.31,6200.28,paypal,standard,,,2023-08
628,ORD-20230407-00628,250,2023-04-07,entregado,4304.35,17,50,903.91,4526.52,paypal,express,,,2023-04
629,ORD-20230211-00629,36,2023-02-11,entregado,1660.57,12,0,348.72,1810.02,debit_card,express,,Nota del cliente: Envolver para regalo,2023-02
630,ORD-20230607-00630,171,2023-06-07,entregado,2683.39,20,410,563.51,3120.22,cash_on_delivery,pickup,,,2023-06
631,ORD-20230106-00631,366,2023-01-06,entregado,5179.54,0,140,1087.7,6407.24,bank_transfer,standard,,Nota del cliente: Dejar en portería,2023-01
632,ORD-20240610-00632,349,2024-06-10,entregado,380.26,0,20,79.85,480.11,cash_on_delivery,express,,,2024-06
633,ORD-20231125-00633,160,2023-11-25,cancelado,2649.68,3,0,556.43,3126.62,bank_transfer,pickup,1.0,,2023-11
634,ORD-20240208-00634,296,2024-02-08,entregado,5446.34,10,430,1143.73,6475.44,bank_transfer,express,5.0,,2024-02
635,ORD-20251112-00635,493,2025-11-12,procesando,595.84,5,150,125.13,841.18,bank_transfer,same_day,,,2025-11
636,ORD-20230310-00636,294,2023-03-10,entregado,1022.49,6,60,214.72,1235.86,cash_on_delivery,express,,Nota del cliente: Llamar antes,2023-03
637,ORD-20231011-00637,35,2023-10-11,cancelado,1243.96,19,300,261.23,1568.84,cash_on_delivery,standard,8.0,,2023-10
638,ORD-20231012-00638,192,2023-10-12,pendiente,2446.51,12,230,513.77,2896.7,bank_transfer,same_day,9.0,,2023-10
639,ORD-20241001-00639,339,2024-10-01,procesando,814.99,3,370,171.15,1331.69,bank_transfer,pickup,,,2024-10
640,ORD-20240205-00640,411,2024-02-05,entregado,1714.21,20,340,359.98,2071.35,bank_transfer,same_day,,,2024-02
641,ORD-20241219-00641,312,2024-12-19,procesando,2031.41,20,490,426.6,2541.73,debit_card,standard,,,2024-12
642,ORD-20250223-00642,164,2025-02-23,pendiente,3602.54,3,130,756.53,4380.99,paypal,pickup,,,2025-02
643,ORD-20231006-00643,320,2023-10-06,enviado,1103.2,7,410,231.67,1667.65,bank_transfer,same_day,,,2023-10
644,ORD-20240805-00644,138,2024-08-05,enviado,6534.87,1,150,1372.32,7991.84,bank_transfer,express,7.0,,2024-08
645,ORD-20250719-00645,153,2025-07-19,enviado,3721.14,4,170,781.44,4523.73,bank_transfer,standard,10.0,Nota del cliente: Llamar antes,2025-07
646,ORD-20230322-00646,166,2023-03-22,enviado,4227.49,19,460,887.77,4772.04,bank_transfer,pickup,3.0,,2023-03
647,ORD-20240804-00647,138,2024-08-04,cancelado,7057.74,7,450,1482.13,8495.83,debit_card,pickup,3.0,,2024-08
648,ORD-20240604-00648,353,2024-06-04,procesando,5129.46,18,40,1077.19,5323.35,bank_transfer,standard,,,2024-06
649,ORD-20230426-00649,480,2023-04-26,enviado,3940.7,3,260,827.55,4910.03,cash_on_delivery,same_day,6.0,,2023-04
650,ORD-20231028-00650,175,2023-10-28,procesando,299.49,5,310,62.89,657.41,debit_card,standard,,Nota del cliente: Llamar antes,2023-10
651,ORD-20250922-00651,229,2025-09-22,cancelado,3342.55,17,160,701.94,3636.26,bank_transfer,same_day,,,2025-09
652,ORD-20230307-00652,122,2023-03-07,cancelado,2296.44,14,230,482.25,2687.19,bank_transfer,same_day,,,2023-03
653,ORD-20250924-00653,283,2025-09-24,pendiente,444.18,20,10,93.28,458.62,bank_transfer,express,,,2025-09
654,ORD-20240925-00654,381,2024-09-25,cancelado,4293.23,18,230,901.58,4652.03,paypal,same_day,,Nota del cliente: Entregar por la tarde,2024-09
655,ORD-20230704-00655,171,2023-07-04,entregado,117.32,18,20,24.64,140.84,debit_card,same_day,,Nota del cliente: Entregar por la tarde,2023-07
656,ORD-20250709-00656,379,2025-07-09,cancelado,702.14,15,290,147.45,1034.27,cash_on_delivery,same_day,,,2025-07
657,ORD-20240402-00657,219,2024-04-02,enviado,1752.9,18,190,368.11,1995.49,credit_card,standard,,,2024-04
658,ORD-20240726-00658,485,2024-07-26,pendiente,2363.93,10,390,496.43,3013.97,cash_on_delivery,standard,,,2024-07
659,ORD-20230901-00659,346,2023-09-01,enviado,638.42,10,450,134.07,1158.65,debit_card,same_day,7.0,Nota del cliente: Envolver para regalo,2023-09
660,ORD-20230126-00660,85,2023-01-26,entregado,1241.53,17,400,260.72,1691.19,bank_transfer,express,1.0,,2023-01
661,ORD-20251218-00661,255,2025-12-18,cancelado,1541.42,3,350,323.7,2168.88,bank_transfer,pickup,,,2025-12
662,ORD-20250709-00662,98,2025-07-09,entregado,4192.76,5,90,880.48,4953.6,credit_card,same_day,,,2025-07
663,ORD-20230426-00663,291,2023-04-26,pendiente,672.15,15,190,141.15,902.48,debit_card,same_day,,Nota del cliente: Entregar por la tarde,2023-04
664,ORD-20240802-00664,399,2024-08-02,enviado,3987.23,17,340,837.32,4486.72,debit_card,express,,,2024-08
665,ORD-20241017-00665,128,2024-10-17,pendiente,1720.83,1,490,361.37,2554.99,paypal,pickup,,,2024-10
666,ORD-20250424-00666,123,2025-04-24,entregado,1502.12,14,0,315.45,1607.27,paypal,same_day,,,2025-04
667,ORD-20250514-00667,425,2025-05-14,cancelado,2012.71,9,120,422.67,2374.24,paypal,pickup,,,2025-05
668,ORD-20250104-00668,316,2025-01-04,pendiente,3207.86,20,450,673.65,3689.94,credit_card,express,,,2025-01
669,ORD-20240721-00669,419,2024-07-21,entregado,2116.11,4,0,444.38,2475.85,credit_card,standard,,,2024-07
670,ORD-20240815-00670,101,2024-08-15,enviado,2322.86,15,310,487.8,2772.23,paypal,express,,Nota del cliente: Dejar en portería,2024-08
671,ORD-20240107-00671,1,2024-01-07,procesando,2139.65,9,340,449.33,2736.41,credit_card,same_day,,Nota del cliente: Llamar antes,2024-01
672,ORD-20251129-00672,275,2025-11-29,pendiente,2220.9,20,150,466.39,2393.11,credit_card,express,,Nota del cliente: Envolver para regalo,2025-11
673,ORD-20250823-00673,412,2025-08-23,cancelado,1081.74,4,230,227.17,1495.64,cash_on_delivery,pickup,,,2025-08
674,ORD-20251110-00674,223,2025-11-10,enviado,1453.39,7,250,305.21,1906.86,bank_transfer,express,,,2025-11
675,ORD-20240312-00675,84,2024-03-12,cancelado,2214.01,10,260,464.94,2717.55,bank_transfer,pickup,1.0,,2024-03
676,ORD-20230202-00676,202,2023-02-02,enviado,239.85,3,20,50.37,303.02,bank_transfer,pickup,,,2023-02
677,ORD-20240128-00677,497,2024-01-28,entregado,1736.05,12,430,364.57,2322.29,debit_card,pickup,2.0,,2024-01
678,ORD-20240510-00678,349,2024-05-10,enviado,888.36,1,100,186.56,1166.04,debit_card,standard,,,2024-05
679,ORD-20230728-00679,459,2023-07-28,procesando,2465.53,5,30,517.76,2890.01,debit_card,standard,,Nota del cliente: Dejar en portería,2023-07
680,ORD-20231210-00680,441,2023-12-10,procesando,4932.95,3,490,1035.92,6310.88,bank_transfer,same_day,5.0,,2023-12
681,ORD-20241207-00681,349,2024-12-07,procesando,1172.19,6,150,246.16,1498.02,debit_card,pickup,9.0,,2024-12
682,ORD-20250629-00682,466,2025-06-29,enviado,2736.2,7,60,574.6,3179.27,debit_card,standard,,Nota del cliente: Entregar por la tarde,2025-06
683,ORD-20240627-00683,136,2024-06-27,entregado,5131.01,5,100,1077.51,6051.97,cash_on_delivery,pickup,3.0,Nota del cliente: Entregar por la tarde,2024-06
684,ORD-20251005-00684,355,2025-10-05,enviado,3695.79,1,390,776.12,4824.95,credit_card,same_day,3.0,,2025-10
685,ORD-20250728-00685,395,2025-07-28,procesando,1936.77,11,100,406.72,2230.45,debit_card,same_day,,,2025-07
686,ORD-20230425-00686,15,2023-04-25,entregado,109.12,5,200,22.92,326.58,paypal,same_day,,,2023-04
687,ORD-20231015-00687,20,2023-10-15,procesando,1893.8,13,490,397.7,2535.31,paypal,standard,,,2023-10
688,ORD-20250518-00688,366,2025-05-18,procesando,4109.52,17,70,863.0,4343.9,cash_on_delivery,pickup,5.0,,2025-05
689,ORD-20240307-00689,70,2024-03-07,cancelado,566.83,5,210,119.03,867.52,bank_transfer,pickup,,,2024-03
690,ORD-20230722-00690,82,2023-07-22,cancelado,3401.88,10,410,714.39,4186.08,credit_card,standard,9.0,,2023-07
691,ORD-20250126-00691,286,2025-01-26,pendiente,6418.8,10,90,1347.95,7214.87,debit_card,same_day,,,2025-01
692,ORD-20230408-00692,379,2023-04-08,pendiente,5550.77,16,430,1165.66,6258.31,paypal,standard,,,2023-04
693,ORD-20250515-00693,16,2025-05-15,pendiente,5677.82,8,80,1192.34,6495.93,debit_card,pickup,,,2025-05
694,ORD-20230919-00694,6,2023-09-19,cancelado,58.66,7,410,12.32,476.87,paypal,express,,,2023-09
695,ORD-20230228-00695,164,2023-02-28,entregado,5330.03,10,30,1119.31,5946.34,paypal,same_day,,,2023-02
696,ORD-20241102-00696,89,2024-11-02,enviado,399.77,5,120,83.95,583.73,debit_card,standard,6.0,,2024-11
697,ORD-20250408-00697,30,2025-04-08,entregado,351.94,2,300,73.91,718.81,debit_card,express,7.0,,2025-04
698,ORD-20250822-00698,301,2025-08-22,pendiente,1575.74,14,370,330.91,2056.05,paypal,pickup,,Nota del cliente: Entregar por la tarde,2025-08
699,ORD-20250101-00699,389,2025-01-01,entregado,6138.99,14,450,1289.19,7018.72,cash_on_delivery,standard,,,2025-01
700,ORD-20230501-00700,273,2023-05-01,procesando,804.85,4,220,169.02,1161.68,paypal,pickup,,,2023-05
701,ORD-20231020-00701,71,2023-10-20,procesando,4903.86,13,70,1029.81,5366.17,paypal,pickup,,,2023-10
702,ORD-20230401-00702,31,2023-04-01,cancelado,4744.77,3,330,996.4,5928.83,cash_on_delivery,same_day,,,2023-04
703,ORD-20230615-00703,326,2023-06-15,enviado,1040.45,6,130,218.49,1326.51,debit_card,express,,,2023-06
704,ORD-20231214-00704,404,2023-12-14,pendiente,3120.08,0,390,655.22,4165.3,cash_on_delivery,standard,,Nota del cliente: Entregar por la tarde,2023-12
705,ORD-20241230-00705,382,2024-12-30,pendiente,3281.55,10,120,689.13,3762.53,cash_on_delivery,same_day,10.0,,2024-12
706,ORD-20240410-00706,249,2024-04-10,entregado,143.68,16,180,30.17,330.86,bank_transfer,express,,,2024-04
707,ORD-20251111-00707,183,2025-11-11,cancelado,1022.66,1,140,214.76,1367.19,credit_card,express,,,2025-11
708,ORD-20240229-00708,121,2024-02-29,entregado,2633.61,9,340,553.06,3289.65,cash_on_delivery,standard,7.0,,2024-02
709,ORD-20230915-00709,284,2023-09-15,pendiente,436.48,16,90,91.66,548.3,cash_on_delivery,pickup,,,2023-09
710,ORD-20240630-00710,183,2024-06-30,enviado,2425.52,17,140,509.36,2662.54,bank_transfer,pickup,,,2024-06
711,ORD-20250423-00711,98,2025-04-23,procesando,7178.83,19,120,1507.55,7442.4,credit_card,express,,,2025-04
712,ORD-20250213-00712,171,2025-02-13,procesando,64.44,6,260,13.53,334.1,bank_transfer,same_day,,,2025-02
713,ORD-20251207-00713,34,2025-12-07,cancelado,1179.59,4,90,247.71,1470.12,bank_transfer,express,7.0,,2025-12
714,ORD-20230628-00714,300,2023-06-28,cancelado,2513.54,3,300,527.84,3265.97,paypal,standard,10.0,,2023-06
715,ORD-20230622-00715,431,2023-06-22,cancelado,4162.43,13,450,874.11,4945.42,cash_on_delivery,standard,,,2023-06
716,ORD-20230108-00716,184,2023-01-08,entregado,1739.83,2,60,365.36,2130.39,cash_on_delivery,pickup,7.0,,2023-01
717,ORD-20230105-00717,87,2023-01-05,pendiente,4964.61,8,330,1042.57,5940.01,paypal,standard,,,2023-01
718,ORD-20250318-00718,406,2025-03-18,enviado,1387.64,11,440,291.4,1966.4,debit_card,standard,,,2025-03
719,ORD-20240818-00719,274,2024-08-18,cancelado,2269.45,9,380,476.58,2921.78,bank_transfer,standard,8.0,Nota del cliente: Llamar antes,2024-08
720,ORD-20250323-00720,301,2025-03-23,cancelado,1360.83,14,500,285.77,1956.08,bank_transfer,standard,,,2025-03
721,ORD-20230222-00721,440,2023-02-22,entregado,4441.93,13,150,932.81,4947.29,cash_on_delivery,pickup,,,2023-02
722,ORD-20251018-00722,195,2025-10-18,enviado,1964.3,5,280,412.5,2558.59,bank_transfer,same_day,10.0,,2025-10
723,ORD-20250323-00723,55,2025-03-23,pendiente,118.85,3,180,24.96,320.24,cash_on_delivery,pickup,,,2025-03
724,ORD-20250531-00724,360,2025-05-31,cancelado,3715.58,14,410,780.27,4385.67,bank_transfer,express,1.0,,2025-05
725,ORD-20240314-00725,376,2024-03-14,procesando,702.5,10,230,147.53,1009.78,cash_on_delivery,standard,,Nota del cliente: Entregar por la tarde,2024-03
726,ORD-20231217-00726,22,2023-12-17,enviado,1573.6,19,440,330.46,2045.08,debit_card,same_day,,Nota del cliente: Entregar por la tarde,2023-12
727,ORD-20230320-00727,250,2023-03-20,procesando,3557.78,15,170,747.13,3941.24,debit_card,standard,6.0,,2023-03
728,ORD-20250215-00728,281,2025-02-15,entregado,2451.18,19,370,514.75,2870.21,credit_card,express,,,2025-02
729,ORD-20231030-00729,154,2023-10-30,enviado,2876.23,6,60,604.01,3367.67,debit_card,express,,,2023-10
730,ORD-20240521-00730,354,2024-05-21,procesando,283.55,16,320,59.55,617.73,credit_card,standard,,Nota del cliente: Llamar antes,2024-05
731,ORD-20240205-00731,382,2024-02-05,pendiente,736.85,1,460,154.74,1344.22,bank_transfer,pickup,10.0,,2024-02
732,ORD-20240802-00732,12,2024-08-02,entregado,111.12,15,220,23.34,337.79,debit_card,same_day,,,2024-08
733,ORD-20231005-00733,432,2023-10-05,entregado,1878.95,6,280,394.58,2440.79,credit_card,same_day,,,2023-10
734,ORD-20240323-00734,102,2024-03-23,entregado,337.32,3,220,70.84,618.04,bank_transfer,same_day,,,2024-03
735,ORD-20240714-00735,257,2024-07-14,pendiente,992.15,14,460,208.35,1521.6,cash_on_delivery,standard,,,2024-07
736,ORD-20240403-00736,73,2024-04-03,enviado,4005.02,20,110,841.05,4155.07,cash_on_delivery,express,4.0,,2024-04
737,ORD-20250123-00737,393,2025-01-23,procesando,3439.59,9,160,722.31,4012.34,cash_on_delivery,pickup,9.0,,2025-01
738,ORD-20230904-00738,41,2023-09-04,pendiente,2848.1,20,170,598.1,3046.58,bank_transfer,pickup,,,2023-09
739,ORD-20250602-00739,130,2025-06-02,pendiente,403.91,13,260,84.82,696.22,debit_card,same_day,7.0,,2025-06
740,ORD-20240813-00740,285,2024-08-13,entregado,2031.2,16,110,426.55,2242.76,debit_card,same_day,,,2024-08
741,ORD-20250510-00741,269,2025-05-10,procesando,1300.65,14,10,273.14,1401.7,bank_transfer,pickup,,Nota del cliente: Envolver para regalo,2025-05
742,ORD-20241001-00742,164,2024-10-01,enviado,3662.03,15,420,769.03,4301.76,cash_on_delivery,pickup,,,2024-10
743,ORD-20230307-00743,426,2023-03-07,entregado,345.27,6,380,72.51,777.06,paypal,express,,,2023-03
744,ORD-20231018-00744,268,2023-10-18,entregado,3093.42,5,310,649.62,3898.37,paypal,pickup,,,2023-10
745,ORD-20230922-00745,68,2023-09-22,entregado,3701.38,8,220,777.29,4402.56,paypal,standard,,,2023-09
746,ORD-20250320-00746,375,2025-03-20,enviado,2655.14,14,340,557.58,3181.0,debit_card,same_day,,,2025-03
747,ORD-20230307-00747,84,2023-03-07,cancelado,1571.98,13,280,330.12,1977.74,cash_on_delivery,pickup,2.0,Nota del cliente: Envolver para regalo,2023-03
748,ORD-20250331-00748,29,2025-03-31,cancelado,3141.09,17,130,659.63,3396.73,paypal,standard,,,2025-03
749,ORD-20250313-00749,183,2025-03-13,procesando,3035.24,14,0,637.4,3247.71,bank_transfer,same_day,,,2025-03
750,ORD-20250402-00750,273,2025-04-02,procesando,776.62,6,480,163.09,1373.11,cash_on_delivery,express,,,2025-04
751,ORD-20241127-00751,117,2024-11-27,pendiente,4195.51,0,50,881.06,5126.57,cash_on_delivery,same_day,8.0,,2024-11
752,ORD-20251210-00752,296,2025-12-10,pendiente,1868.76,11,50,392.44,2105.64,debit_card,standard,9.0,,2025-12
753,ORD-20250628-00753,144,2025-06-28,entregado,981.51,0,450,206.12,1637.63,credit_card,pickup,1.0,,2025-06
754,ORD-20240926-00754,52,2024-09-26,cancelado,1473.74,17,480,309.49,2012.69,paypal,pickup,,,2024-09
755,ORD-20251209-00755,461,2025-12-09,procesando,3139.39,0,340,659.27,4138.66,debit_card,standard,,Nota del cliente: Dejar en portería,2025-12
756,ORD-20230426-00756,308,2023-04-26,entregado,3401.75,16,320,714.37,3891.84,cash_on_delivery,same_day,,,2023-04
757,ORD-20230214-00757,206,2023-02-14,entregado,2603.69,2,320,546.77,3418.39,credit_card,pickup,4.0,Nota del cliente: Llamar antes,2023-02
758,ORD-20230227-00758,221,2023-02-27,enviado,6184.53,9,330,1298.75,7256.67,debit_card,standard,,,2023-02
759,ORD-20230311-00759,15,2023-03-11,cancelado,2592.65,14,350,544.46,3124.14,paypal,standard,,,2023-03
760,ORD-20250303-00760,445,2025-03-03,pendiente,2160.91,3,390,453.79,2939.87,cash_on_delivery,same_day,,,2025-03
761,ORD-20230219-00761,217,2023-02-19,entregado,3980.71,6,310,835.95,4887.82,cash_on_delivery,standard,,,2023-02
762,ORD-20240522-00762,33,2024-05-22,procesando,911.53,10,370,191.42,1381.8,credit_card,pickup,,,2024-05
763,ORD-20240408-00763,299,2024-04-08,cancelado,2413.15,16,130,506.76,2663.81,paypal,express,,Nota del cliente: Llamar antes,2024-04
764,ORD-20230403-00764,33,2023-04-03,cancelado,676.32,6,140,142.03,917.77,debit_card,same_day,3.0,,2023-04
765,ORD-20251008-00765,104,2025-10-08,entregado,2259.87,11,490,474.57,2975.85,bank_transfer,standard,,,2025-10
766,ORD-20231013-00766,321,2023-10-13,procesando,2491.98,2,390,523.32,3355.46,debit_card,same_day,,,2023-10
767,ORD-20250129-00767,449,2025-01-29,pendiente,5012.15,18,200,1052.55,5362.51,paypal,express,,,2025-01
768,ORD-20241117-00768,207,2024-11-17,pendiente,2841.9,13,290,596.8,3359.25,paypal,same_day,,,2024-11
769,ORD-20250731-00769,380,2025-07-31,enviado,3100.08,11,310,651.02,3720.09,credit_card,express,5.0,,2025-07
770,ORD-20250511-00770,141,2025-05-11,enviado,316.26,6,0,66.41,363.69,bank_transfer,express,,,2025-05
771,ORD-20230624-00771,40,2023-06-24,pendiente,4386.67,1,300,921.2,5564.0,credit_card,pickup,,,2023-06
772,ORD-20251113-00772,223,2025-11-13,enviado,760.65,7,100,159.74,967.14,paypal,pickup,,Nota del cliente: Entregar por la tarde,2025-11
773,ORD-20240813-00773,291,2024-08-13,cancelado,1641.56,6,40,344.73,1927.8,bank_transfer,same_day,,,2024-08
774,ORD-20251128-00774,250,2025-11-28,pendiente,4372.06,5,380,918.13,5451.59,cash_on_delivery,same_day,5.0,,2025-11
775,ORD-20230626-00775,449,2023-06-26,enviado,4062.65,13,110,853.16,4497.67,cash_on_delivery,standard,,,2023-06
776,ORD-20240111-00776,175,2024-01-11,pendiente,4545.51,19,430,954.56,5066.42,paypal,express,,,2024-01
777,ORD-20240704-00777,435,2024-07-04,entregado,1235.27,1,120,259.41,1602.33,debit_card,pickup,10.0,,2024-07
778,ORD-20240723-00778,384,2024-07-23,entregado,1406.18,18,370,295.3,1818.37,debit_card,same_day,,Nota del cliente: Entregar por la tarde,2024-07
779,ORD-20250202-00779,71,2025-02-02,pendiente,4940.98,2,80,1037.61,5959.77,credit_card,pickup,,,2025-02
780,ORD-20250311-00780,19,2025-03-11,enviado,455.87,12,130,95.73,626.9,credit_card,pickup,,,2025-03
781,ORD-20231007-00781,399,2023-10-07,procesando,1234.38,7,170,259.22,1577.19,bank_transfer,standard,,,2023-10
782,ORD-20241201-00782,188,2024-12-01,entregado,3298.74,19,430,692.74,3794.72,credit_card,same_day,,,2024-12
783,ORD-20250420-00783,61,2025-04-20,enviado,4917.83,13,60,1032.74,5371.25,paypal,same_day,,,2025-04
784,ORD-20241130-00784,349,2024-11-30,pendiente,1113.88,9,400,233.91,1647.54,bank_transfer,express,1.0,,2024-11
785,ORD-20230922-00785,56,2023-09-22,procesando,1308.68,18,500,274.82,1847.94,debit_card,pickup,,,2023-09
786,ORD-20230401-00786,318,2023-04-01,cancelado,2010.94,0,180,422.3,2613.24,bank_transfer,same_day,,,2023-04
787,ORD-20250724-00787,93,2025-07-24,enviado,870.24,19,80,182.75,967.64,paypal,same_day,5.0,,2025-07
788,ORD-20240718-00788,201,2024-07-18,pendiente,1814.6,0,280,381.07,2475.67,cash_on_delivery,standard,,,2024-07
789,ORD-20230606-00789,43,2023-06-06,enviado,2413.18,6,450,506.77,3225.16,cash_on_delivery,express,8.0,,2023-06
790,ORD-20230206-00790,231,2023-02-06,pendiente,470.19,9,110,98.74,636.61,bank_transfer,pickup,,,2023-02
791,ORD-20250923-00791,279,2025-09-23,enviado,608.0,8,190,127.68,877.04,cash_on_delivery,same_day,,,2025-09
792,ORD-20240725-00792,130,2024-07-25,cancelado,2797.12,14,90,587.4,3082.92,paypal,express,,,2024-07
793,ORD-20231230-00793,158,2023-12-30,pendiente,3610.63,6,20,758.23,4172.22,bank_transfer,express,6.0,Nota del cliente: Entregar por la tarde,2023-12
794,ORD-20230507-00794,232,2023-05-07,entregado,1463.84,16,140,307.41,1677.04,debit_card,same_day,,,2023-05
795,ORD-20231208-00795,117,2023-12-08,procesando,193.32,14,230,40.6,436.86,cash_on_delivery,express,,,2023-12
796,ORD-20230315-00796,486,2023-03-15,enviado,1118.3,19,10,234.84,1150.66,debit_card,same_day,4.0,,2023-03
797,ORD-20230314-00797,68,2023-03-14,procesando,630.02,15,110,132.3,777.82,debit_card,standard,,,2023-03
798,ORD-20250324-00798,166,2025-03-24,procesando,1289.52,17,10,270.8,1351.1,cash_on_delivery,standard,,,2025-03
799,ORD-20230126-00799,133,2023-01-26,enviado,2805.28,17,90,589.11,3007.49,paypal,same_day,,,2023-01
800,ORD-20251012-00800,228,2025-10-12,cancelado,540.22,0,440,113.45,1093.67,credit_card,standard,,,2025-10
801,ORD-20251130-00801,97,2025-11-30,enviado,5757.53,8,440,1209.08,6946.01,credit_card,express,3.0,Nota del cliente: Llamar antes,2025-11
802,ORD-20250806-00802,103,2025-08-06,entregado,2307.93,17,280,484.67,2680.25,paypal,express,,,2025-08
803,ORD-20250429-00803,101,2025-04-29,pendiente,4721.39,6,80,991.49,5509.6,bank_transfer,standard,,,2025-04
804,ORD-20230205-00804,462,2023-02-05,enviado,2616.16,9,50,549.39,2980.1,paypal,same_day,,,2023-02
805,ORD-20230927-00805,120,2023-09-27,enviado,1234.38,12,410,259.22,1755.47,bank_transfer,express,2.0,,2023-09
806,ORD-20231030-00806,232,2023-10-30,cancelado,4807.77,10,440,1009.63,5776.62,debit_card,express,,,2023-10
807,ORD-20231221-00807,15,2023-12-21,entregado,2277.57,7,180,478.29,2776.43,bank_transfer,pickup,10.0,,2023-12
808,ORD-20241208-00808,365,2024-12-08,enviado,4034.7,16,180,847.29,4416.44,credit_card,same_day,,Nota del cliente: Envolver para regalo,2024-12
809,ORD-20250615-00809,340,2025-06-15,enviado,2244.04,12,250,471.25,2696.01,credit_card,standard,1.0,,2025-06
810,ORD-20230926-00810,455,2023-09-26,pendiente,3910.93,16,460,821.3,4566.48,bank_transfer,standard,,,2023-09
811,ORD-20230914-00811,359,2023-09-14,cancelado,3833.94,8,230,805.13,4562.35,bank_transfer,same_day,1.0,Nota del cliente: Entregar por la tarde,2023-09
812,ORD-20230221-00812,193,2023-02-21,entregado,241.8,20,120,50.78,364.22,credit_card,same_day,,,2023-02
813,ORD-20230118-00813,5,2023-01-18,entregado,2270.99,2,430,476.91,3132.48,paypal,express,,,2023-01
814,ORD-20251005-00814,104,2025-10-05,cancelado,1840.29,13,380,386.46,2367.51,bank_transfer,same_day,,,2025-10
815,ORD-20230805-00815,470,2023-08-05,enviado,773.16,5,80,162.36,976.86,paypal,pickup,,Nota del cliente: Llamar antes,2023-08
816,ORD-20230129-00816,221,2023-01-29,enviado,2467.37,9,480,518.15,3243.46,credit_card,express,,,2023-01
817,ORD-20240806-00817,156,2024-08-06,cancelado,1529.78,17,220,321.25,1810.97,credit_card,pickup,5.0,,2024-08
818,ORD-20230705-00818,70,2023-07-05,pendiente,321.94,18,110,67.61,441.6,debit_card,express,,,2023-07
819,ORD-20240302-00819,17,2024-03-02,cancelado,2936.71,5,20,616.71,3426.58,credit_card,standard,6.0,Nota del cliente: Envolver para regalo,2024-03
820,ORD-20240617-00820,203,2024-06-17,entregado,1522.96,18,140,319.82,1708.65,credit_card,pickup,,,2024-06
821,ORD-20240204-00821,202,2024-02-04,entregado,2199.8,5,380,461.96,2931.77,bank_transfer,pickup,,Nota del cliente: Envolver para regalo,2024-02
822,ORD-20240414-00822,126,2024-04-14,procesando,3626.68,20,120,761.6,3782.94,debit_card,pickup,,,2024-04
823,ORD-20240716-00823,125,2024-07-16,procesando,3213.94,8,460,674.93,4091.75,cash_on_delivery,pickup,3.0,Nota del cliente: Llamar antes,2024-07
824,ORD-20250430-00824,51,2025-04-30,pendiente,1267.53,17,500,266.18,1818.23,cash_on_delivery,pickup,,,2025-04
825,ORD-20240830-00825,93,2024-08-30,enviado,654.34,14,290,137.41,990.14,debit_card,express,,,2024-08
826,ORD-20230717-00826,70,2023-07-17,pendiente,4101.33,6,330,861.28,5046.53,bank_transfer,pickup,,,2023-07
827,ORD-20230616-00827,479,2023-06-16,pendiente,3739.81,8,320,785.36,4545.99,cash_on_delivery,express,,Nota del cliente: Envolver para regalo,2023-06
828,ORD-20240826-00828,26,2024-08-26,enviado,3876.83,15,170,814.13,4279.44,paypal,same_day,,Nota del cliente: Envolver para regalo,2024-08
829,ORD-20230430-00829,263,2023-04-30,entregado,2721.74,5,440,571.57,3597.22,credit_card,pickup,2.0,,2023-04
830,ORD-20240430-00830,4,2024-04-30,cancelado,919.05,3,60,193.0,1144.48,debit_card,standard,1.0,Nota del cliente: Dejar en portería,2024-04
831,ORD-20251209-00831,453,2025-12-09,pendiente,3158.71,2,10,663.33,3768.87,paypal,standard,,,2025-12
832,ORD-20250102-00832,16,2025-01-02,entregado,2863.06,13,40,601.24,3132.1,bank_transfer,same_day,9.0,,2025-01
833,ORD-20250726-00833,188,2025-07-26,pendiente,1767.79,2,120,371.24,2223.67,bank_transfer,standard,10.0,,2025-07
834,ORD-20240707-00834,386,2024-07-07,entregado,3616.73,19,30,759.51,3719.06,cash_on_delivery,same_day,,,2024-07
835,ORD-20230723-00835,155,2023-07-23,procesando,335.64,19,100,70.48,442.35,credit_card,same_day,,,2023-07
836,ORD-20251211-00836,165,2025-12-11,enviado,940.38,13,210,197.48,1225.61,cash_on_delivery,pickup,,Nota del cliente: Dejar en portería,2025-12
837,ORD-20241027-00837,19,2024-10-27,cancelado,886.84,15,310,186.24,1250.05,paypal,pickup,,,2024-10
838,ORD-20230711-00838,3,2023-07-11,entregado,735.78,12,270,154.51,1072.0,paypal,standard,9.0,,2023-07
839,ORD-20241221-00839,495,2024-12-21,pendiente,1530.81,11,130,321.47,1813.89,cash_on_delivery,same_day,,,2024-12
840,ORD-20250211-00840,286,2025-02-11,cancelado,6022.33,17,180,1264.69,6443.22,paypal,express,,,2025-02
841,ORD-20240518-00841,156,2024-05-18,pendiente,2655.6,16,230,557.68,3018.38,cash_on_delivery,same_day,8.0,,2024-05
842,ORD-20250930-00842,188,2025-09-30,entregado,2214.63,2,30,465.07,2665.41,debit_card,standard,,,2025-09
843,ORD-20250510-00843,392,2025-05-10,enviado,3447.87,11,100,724.05,3892.65,cash_on_delivery,express,,,2025-05
844,ORD-20240502-00844,348,2024-05-02,procesando,1347.23,5,210,282.92,1772.79,cash_on_delivery,pickup,7.0,Nota del cliente: Dejar en portería,2024-05
845,ORD-20250409-00845,430,2025-04-09,cancelado,4201.75,7,170,882.37,4960.0,cash_on_delivery,standard,,Nota del cliente: Entregar por la tarde,2025-04
846,ORD-20250824-00846,287,2025-08-24,enviado,4143.97,18,220,870.23,4488.29,debit_card,standard,5.0,,2025-08
847,ORD-20240816-00847,218,2024-08-16,entregado,856.92,4,30,179.95,1032.59,cash_on_delivery,same_day,,,2024-08
848,ORD-20240422-00848,285,2024-04-22,cancelado,4363.79,1,490,916.4,5726.55,paypal,standard,,,2024-04
849,ORD-20231019-00849,50,2023-10-19,procesando,2900.79,0,350,609.17,3859.96,credit_card,pickup,4.0,,2023-10
850,ORD-20251226-00850,106,2025-12-26,cancelado,3578.65,5,140,751.52,4291.24,debit_card,pickup,2.0,Nota del cliente: Dejar en portería,2025-12
851,ORD-20240617-00851,171,2024-06-17,cancelado,4196.66,11,300,881.3,4916.33,credit_card,pickup,,Nota del cliente: Llamar antes,2024-06
852,ORD-20240607-00852,239,2024-06-07,pendiente,456.39,11,220,95.84,722.03,debit_card,standard,,,2024-06
853,ORD-20230922-00853,163,2023-09-22,procesando,447.52,20,20,93.98,472.0,bank_transfer,same_day,,,2023-09
854,ORD-20240902-00854,404,2024-09-02,pendiente,2152.62,13,160,452.05,2484.83,debit_card,standard,5.0,,2024-09
855,ORD-20251219-00855,296,2025-12-19,procesando,4089.4,14,470,858.77,4845.65,debit_card,same_day,,,2025-12
856,ORD-20250109-00856,99,2025-01-09,pendiente,1786.76,10,180,375.22,2163.3,credit_card,same_day,,,2025-01
857,ORD-20230804-00857,230,2023-08-04,entregado,488.86,20,380,102.66,873.75,cash_on_delivery,express,,,2023-08
858,ORD-20240304-00858,106,2024-03-04,enviado,2003.99,16,130,420.84,2234.19,paypal,pickup,9.0,,2024-03
859,ORD-20250310-00859,400,2025-03-10,pendiente,2114.99,5,420,444.15,2873.39,debit_card,express,,,2025-03
860,ORD-20230424-00860,161,2023-04-24,cancelado,356.55,0,130,74.88,561.43,bank_transfer,standard,,,2023-04
861,ORD-20250514-00861,344,2025-05-14,pendiente,1803.92,15,390,378.82,2302.15,cash_on_delivery,same_day,,,2025-05
862,ORD-20250104-00862,284,2025-01-04,pendiente,7179.81,15,380,1507.76,7990.6,cash_on_delivery,standard,,,2025-01
863,ORD-20250502-00863,263,2025-05-02,cancelado,659.6,7,270,138.52,1021.95,cash_on_delivery,pickup,,Nota del cliente: Dejar en portería,2025-05
864,ORD-20250527-00864,483,2025-05-27,procesando,3550.02,20,210,745.5,3795.52,bank_transfer,pickup,,,2025-05
865,ORD-20231016-00865,433,2023-10-16,procesando,1843.6,19,460,387.16,2340.48,credit_card,express,,,2023-10
866,ORD-20251013-00866,277,2025-10-13,entregado,2285.82,11,140,480.02,2654.4,paypal,express,,,2025-10
867,ORD-20231109-00867,111,2023-11-09,pendiente,2164.26,16,390,454.49,2662.47,credit_card,pickup,2.0,,2023-11
868,ORD-20250120-00868,146,2025-01-20,enviado,3765.78,16,420,790.81,4374.07,bank_transfer,standard,,,2025-01
869,ORD-20230306-00869,173,2023-03-06,enviado,215.58,17,300,45.27,524.2,paypal,standard,,,2023-03
870,ORD-20250112-00870,299,2025-01-12,cancelado,4419.28,6,30,928.05,5112.17,credit_card,pickup,,,2025-01
871,ORD-20240530-00871,54,2024-05-30,cancelado,2636.3,1,440,553.62,3603.56,credit_card,express,,,2024-05
872,ORD-20230729-00872,446,2023-07-29,entregado,1478.53,11,440,310.49,2066.38,debit_card,same_day,,,2023-07
873,ORD-20250502-00873,62,2025-05-02,enviado,3220.16,19,470,676.23,3754.56,bank_transfer,pickup,8.0,,2025-05
874,ORD-20250103-00874,351,2025-01-03,cancelado,2511.1,13,0,527.33,2711.99,paypal,express,,,2025-01
875,ORD-20251027-00875,432,2025-10-27,pendiente,3069.59,7,120,644.61,3619.33,paypal,express,3.0,,2025-10
876,ORD-20240517-00876,60,2024-05-17,pendiente,545.6,12,260,114.58,854.71,paypal,standard,9.0,,2024-05
877,ORD-20230601-00877,349,2023-06-01,cancelado,730.02,17,110,153.3,869.22,bank_transfer,standard,,,2023-06
878,ORD-20251203-00878,241,2025-12-03,entregado,1791.15,17,420,376.14,2282.79,bank_transfer,express,5.0,Nota del cliente: Llamar antes,2025-12
879,ORD-20230831-00879,244,2023-08-31,pendiente,1214.32,1,30,255.01,1487.19,bank_transfer,pickup,,,2023-08
880,ORD-20251023-00880,319,2025-10-23,pendiente,2596.33,18,250,545.23,2924.22,cash_on_delivery,express,,,2025-10
881,ORD-20240718-00881,444,2024-07-18,enviado,3104.13,8,420,651.87,3927.67,paypal,express,,,2024-07
882,ORD-20250403-00882,74,2025-04-03,cancelado,1863.76,4,30,391.39,2210.6,cash_on_delivery,express,,,2025-04
883,ORD-20241021-00883,77,2024-10-21,procesando,893.06,15,60,187.54,1006.64,cash_on_delivery,same_day,,,2024-10
884,ORD-20250713-00884,307,2025-07-13,entregado,735.42,17,60,154.44,824.84,paypal,standard,2.0,,2025-07
885,ORD-20250228-00885,467,2025-02-28,cancelado,2482.84,0,170,521.4,3174.24,paypal,pickup,,,2025-02
886,ORD-20240426-00886,248,2024-04-26,cancelado,2490.26,16,400,522.95,3014.77,cash_on_delivery,standard,9.0,,2024-04
887,ORD-20230201-00887,93,2023-02-01,entregado,554.67,4,270,116.48,918.96,paypal,same_day,2.0,,2023-02
888,ORD-20230708-00888,70,2023-07-08,enviado,1220.23,3,360,256.25,1799.87,bank_transfer,standard,10.0,Nota del cliente: Dejar en portería,2023-07
889,ORD-20230814-00889,442,2023-08-14,cancelado,1474.81,9,10,309.71,1661.79,cash_on_delivery,standard,,,2023-08
890,ORD-20240327-00890,251,2024-03-27,procesando,1761.1,1,240,369.83,2353.32,credit_card,express,,,2024-03
891,ORD-20241205-00891,47,2024-12-05,entregado,491.01,4,160,103.11,734.48,cash_on_delivery,express,,,2024-12
892,ORD-20230611-00892,165,2023-06-11,entregado,1499.33,15,50,314.86,1639.29,bank_transfer,same_day,,Nota del cliente: Dejar en portería,2023-06
893,ORD-20230219-00893,89,2023-02-19,entregado,1178.58,1,140,247.5,1554.29,bank_transfer,express,,,2023-02
894,ORD-20230802-00894,74,2023-08-02,cancelado,1631.71,12,440,342.66,2218.56,cash_on_delivery,pickup,,,2023-08
895,ORD-20240914-00895,110,2024-09-14,enviado,1666.45,10,40,349.95,1889.76,bank_transfer,same_day,,,2024-09
896,ORD-20230522-00896,224,2023-05-22,pendiente,1367.22,2,410,287.12,2037.0,credit_card,pickup,,,2023-05
897,ORD-20250709-00897,254,2025-07-09,cancelado,3750.67,4,360,787.64,4748.28,bank_transfer,express,,,2025-07
898,ORD-20241016-00898,13,2024-10-16,enviado,3630.05,19,410,762.31,4112.65,credit_card,express,6.0,,2024-10
899,ORD-20230807-00899,338,2023-08-07,cancelado,2794.86,14,180,586.92,3170.5,debit_card,pickup,,,2023-08
900,ORD-20240724-00900,423,2024-07-24,cancelado,301.38,12,220,63.29,548.5,credit_card,same_day,8.0,,2024-07
901,ORD-20240117-00901,24,2024-01-17,cancelado,1134.2,9,390,238.18,1660.3,paypal,standard,,,2024-01
902,ORD-20241003-00902,411,2024-10-03,cancelado,652.68,20,270,137.06,929.2,paypal,standard,,,2024-10
903,ORD-20240210-00903,291,2024-02-10,procesando,1574.38,18,420,330.62,2041.61,bank_transfer,pickup,3.0,Nota del cliente: Llamar antes,2024-02
904,ORD-20240816-00904,220,2024-08-16,pendiente,3790.65,18,390,796.04,4294.37,bank_transfer,same_day,,Nota del cliente: Entregar por la tarde,2024-08
905,ORD-20230321-00905,428,2023-03-21,enviado,5052.24,13,10,1060.97,5466.42,cash_on_delivery,pickup,9.0,,2023-03
906,ORD-20231111-00906,484,2023-11-11,entregado,1689.62,17,90,354.82,1847.2,cash_on_delivery,standard,,,2023-11
907,ORD-20240131-00907,388,2024-01-31,procesando,469.76,8,370,98.65,900.83,debit_card,standard,,,2024-01
908,ORD-20231224-00908,173,2023-12-24,entregado,1266.9,4,420,266.05,1902.27,credit_card,same_day,,,2023-12
909,ORD-20230405-00909,95,2023-04-05,cancelado,1956.56,6,370,410.88,2620.05,paypal,standard,,,2023-04
910,ORD-20240131-00910,53,2024-01-31,procesando,105.42,18,190,22.14,298.58,credit_card,express,,,2024-01
911,ORD-20240811-00911,144,2024-08-11,enviado,4629.6,11,390,972.22,5482.56,debit_card,express,,,2024-08
912,ORD-20250406-00912,18,2025-04-06,entregado,1711.22,4,0,359.36,2002.13,credit_card,standard,,Nota del cliente: Dejar en portería,2025-04
913,ORD-20250616-00913,263,2025-06-16,procesando,1617.36,20,70,339.65,1703.54,debit_card,pickup,,Nota del cliente: Entregar por la tarde,2025-06
914,ORD-20240613-00914,141,2024-06-13,enviado,218.8,2,410,45.95,670.37,credit_card,same_day,,,2024-06
915,ORD-20250811-00915,169,2025-08-11,entregado,4165.01,17,80,874.65,4411.61,debit_card,express,,,2025-08
916,ORD-20231026-00916,360,2023-10-26,pendiente,881.64,4,100,185.14,1131.51,paypal,pickup,,,2023-10
917,ORD-20250414-00917,192,2025-04-14,enviado,1599.17,15,110,335.83,1805.12,bank_transfer,express,,,2025-04
918,ORD-20240726-00918,38,2024-07-26,entregado,4587.53,19,190,963.38,4869.28,debit_card,same_day,4.0,,2024-07
919,ORD-20240603-00919,482,2024-06-03,entregado,3644.79,8,190,765.41,4308.62,debit_card,standard,,,2024-06
920,ORD-20230327-00920,90,2023-03-27,cancelado,1814.98,18,160,381.15,2029.43,debit_card,same_day,,,2023-03
921,ORD-20241224-00921,141,2024-12-24,pendiente,3248.71,15,280,682.23,3723.63,bank_transfer,standard,10.0,Nota del cliente: Llamar antes,2024-12
922,ORD-20241114-00922,432,2024-11-14,cancelado,271.14,12,250,56.94,545.54,cash_on_delivery,pickup,,,2024-11
923,ORD-20230621-00923,483,2023-06-21,enviado,308.49,4,190,64.78,550.93,debit_card,same_day,,,2023-06
924,ORD-20241119-00924,334,2024-11-19,enviado,158.25,17,40,33.23,204.58,paypal,express,,,2024-11
925,ORD-20230120-00925,478,2023-01-20,enviado,1618.18,5,90,339.82,1967.09,credit_card,same_day,,Nota del cliente: Llamar antes,2023-01
926,ORD-20240629-00926,202,2024-06-29,entregado,1486.0,13,360,312.06,1964.88,cash_on_delivery,same_day,,Nota del cliente: Dejar en portería,2024-06
927,ORD-20230202-00927,243,2023-02-02,procesando,1465.3,18,210,307.71,1719.26,debit_card,standard,,,2023-02
928,ORD-20240527-00928,18,2024-05-27,cancelado,2575.02,4,460,540.75,3472.77,paypal,express,,,2024-05
929,ORD-20231224-00929,301,2023-12-24,enviado,2811.59,2,70,590.43,3415.79,debit_card,standard,,,2023-12
930,ORD-20251120-00930,423,2025-11-20,cancelado,486.4,9,450,102.14,994.76,debit_card,express,,,2025-11
931,ORD-20250921-00931,27,2025-09-21,pendiente,2464.76,20,170,517.6,2659.41,cash_on_delivery,standard,,,2025-09
932,ORD-20250722-00932,303,2025-07-22,pendiente,1834.7,18,440,385.29,2329.74,bank_transfer,pickup,,,2025-07
933,ORD-20241223-00933,18,2024-12-23,pendiente,6053.17,4,210,1271.17,7292.21,debit_card,same_day,,,2024-12
934,ORD-20230309-00934,226,2023-03-09,entregado,1786.29,2,270,375.12,2395.68,paypal,same_day,3.0,,2023-03
935,ORD-20241231-00935,25,2024-12-31,cancelado,1531.48,5,40,321.61,1816.52,debit_card,standard,,,2024-12
936,ORD-20240612-00936,204,2024-06-12,procesando,670.21,16,360,140.74,1063.72,debit_card,pickup,1.0,,2024-06
937,ORD-20250118-00937,123,2025-01-18,enviado,3194.04,8,260,670.75,3869.27,bank_transfer,same_day,,,2025-01
938,ORD-20240816-00938,69,2024-08-16,pendiente,5183.35,12,480,1088.5,6129.85,paypal,express,,Nota del cliente: Entregar por la tarde,2024-08
939,ORD-20230804-00939,427,2023-08-04,pendiente,3001.43,19,210,630.3,3271.46,cash_on_delivery,pickup,,Nota del cliente: Dejar en portería,2023-08
940,ORD-20230521-00940,163,2023-05-21,cancelado,297.2,5,150,62.41,494.75,credit_card,standard,,,2023-05
941,ORD-20240810-00941,45,2024-08-10,entregado,2883.72,1,170,605.58,3630.46,bank_transfer,standard,,,2024-08
942,ORD-20240921-00942,409,2024-09-21,enviado,3404.29,3,340,714.9,4357.06,debit_card,same_day,,,2024-09
943,ORD-20231219-00943,384,2023-12-19,cancelado,3120.5,15,200,655.31,3507.74,paypal,express,,,2023-12
944,ORD-20241022-00944,474,2024-10-22,cancelado,3658.85,1,200,768.36,4590.62,paypal,pickup,7.0,,2024-10
945,ORD-20231127-00945,212,2023-11-27,procesando,2728.71,4,210,573.03,3402.59,debit_card,standard,,,2023-11
946,ORD-20231210-00946,349,2023-12-10,pendiente,1484.16,14,110,311.67,1698.05,paypal,express,,,2023-12
947,ORD-20240910-00947,94,2024-09-10,procesando,2953.29,5,290,620.19,3715.82,paypal,same_day,,,2024-09
948,ORD-20250420-00948,156,2025-04-20,pendiente,3107.9,17,210,652.66,3442.22,bank_transfer,pickup,10.0,,2025-04
949,ORD-20241120-00949,301,2024-11-20,procesando,4023.14,2,10,844.86,4797.54,credit_card,express,,,2024-11
950,ORD-20250123-00950,13,2025-01-23,entregado,2074.87,6,270,435.72,2656.1,bank_transfer,same_day,,,2025-01
951,ORD-20251219-00951,199,2025-12-19,entregado,1288.74,3,20,270.64,1540.72,cash_on_delivery,express,6.0,,2025-12
952,ORD-20241105-00952,222,2024-11-05,entregado,3485.23,6,40,731.9,4048.02,credit_card,same_day,,,2024-11
953,ORD-20240921-00953,104,2024-09-21,entregado,3604.3,7,340,756.9,4448.9,cash_on_delivery,express,2.0,,2024-09
954,ORD-20250610-00954,428,2025-06-10,procesando,3644.52,6,150,765.35,4341.2,bank_transfer,express,1.0,,2025-06
955,ORD-20230223-00955,434,2023-02-23,cancelado,1154.72,10,420,242.49,1701.74,debit_card,standard,,,2023-02
956,ORD-20230104-00956,302,2023-01-04,pendiente,4000.34,10,280,840.07,4720.38,debit_card,pickup,,,2023-01
957,ORD-20230630-00957,287,2023-06-30,cancelado,985.7,5,380,207.0,1523.42,debit_card,standard,,Nota del cliente: Entregar por la tarde,2023-06
958,ORD-20230514-00958,476,2023-05-14,enviado,5787.54,11,30,1215.38,6396.29,paypal,pickup,,,2023-05
959,ORD-20240517-00959,278,2024-05-17,cancelado,300.33,6,290,63.07,635.38,bank_transfer,pickup,,,2024-05
960,ORD-20231003-00960,245,2023-10-03,cancelado,193.42,6,130,40.62,352.43,bank_transfer,pickup,,,2023-10
961,ORD-20241110-00961,175,2024-11-10,enviado,619.58,0,320,130.11,1069.69,paypal,pickup,,,2024-11
962,ORD-20250121-00962,374,2025-01-21,entregado,2473.2,19,160,519.37,2682.66,cash_on_delivery,express,,,2025-01
963,ORD-20240620-00963,470,2024-06-20,cancelado,132.49,0,100,27.82,260.31,bank_transfer,same_day,8.0,,2024-06
964,ORD-20230405-00964,286,2023-04-05,procesando,3862.6,11,430,811.15,4678.86,debit_card,pickup,,,2023-04
965,ORD-20230205-00965,454,2023-02-05,entregado,1347.0,5,470,282.87,2032.52,cash_on_delivery,same_day,,,2023-02
966,ORD-20251012-00966,358,2025-10-12,enviado,4681.22,8,490,983.06,5779.78,credit_card,express,,Nota del cliente: Dejar en portería,2025-10
967,ORD-20230626-00967,128,2023-06-26,cancelado,5315.53,10,50,1116.26,5950.24,debit_card,standard,,,2023-06
968,ORD-20250901-00968,74,2025-09-01,procesando,1656.03,6,200,347.77,2104.44,cash_on_delivery,express,5.0,,2025-09
969,ORD-20240112-00969,296,2024-01-12,pendiente,2220.9,20,340,466.39,2583.11,paypal,express,,,2024-01
970,ORD-20231010-00970,348,2023-10-10,pendiente,4987.1,16,230,1047.29,5466.45,paypal,express,,Nota del cliente: Llamar antes,2023-10
971,ORD-20251006-00971,239,2025-10-06,cancelado,1802.9,6,350,378.61,2423.34,credit_card,express,,,2025-10
972,ORD-20250406-00972,351,2025-04-06,pendiente,1435.89,12,310,301.54,1875.12,credit_card,same_day,10.0,Nota del cliente: Dejar en portería,2025-04
973,ORD-20240413-00973,39,2024-04-13,cancelado,2867.88,4,470,602.25,3825.41,bank_transfer,pickup,,,2024-04
974,ORD-20240211-00974,57,2024-02-11,pendiente,1114.23,16,230,233.99,1399.94,cash_on_delivery,express,,,2024-02
975,ORD-20250510-00975,230,2025-05-10,cancelado,3874.74,10,180,813.7,4480.97,cash_on_delivery,express,5.0,,2025-05
976,ORD-20230206-00976,265,2023-02-06,cancelado,762.14,7,80,160.05,948.84,credit_card,pickup,,,2023-02
977,ORD-20240123-00977,225,2024-01-23,enviado,932.0,4,250,195.72,1340.44,paypal,standard,,,2024-01
978,ORD-20250703-00978,13,2025-07-03,cancelado,1521.81,9,320,319.58,2024.43,paypal,same_day,,,2025-07
979,ORD-20240115-00979,31,2024-01-15,procesando,1900.81,13,380,399.17,2432.87,debit_card,pickup,,,2024-01
980,ORD-20230727-00980,157,2023-07-27,cancelado,1709.1,11,250,358.91,2130.01,paypal,pickup,,,2023-07
981,ORD-20250209-00981,151,2025-02-09,entregado,1853.84,17,120,389.31,2048.0,paypal,pickup,,Nota del cliente: Entregar por la tarde,2025-02
982,ORD-20240305-00982,473,2024-03-05,entregado,1901.3,15,130,399.27,2145.38,bank_transfer,standard,,,2024-03
983,ORD-20230423-00983,68,2023-04-23,pendiente,3408.88,12,210,715.86,3925.67,credit_card,same_day,,,2023-04
984,ORD-20230315-00984,214,2023-03-15,enviado,674.75,12,210,141.7,945.48,credit_card,standard,9.0,,2023-03
985,ORD-20230626-00985,318,2023-06-26,pendiente,1583.06,14,300,332.44,1993.87,paypal,express,,,2023-06
986,ORD-20230513-00986,261,2023-05-13,enviado,2619.74,3,60,550.15,3151.3,paypal,pickup,10.0,,2023-05
987,ORD-20251224-00987,79,2025-12-24,enviado,2359.79,20,380,495.56,2763.39,bank_transfer,pickup,7.0,,2025-12
988,ORD-20250429-00988,484,2025-04-29,entregado,5068.27,15,340,1064.34,5712.37,paypal,express,5.0,,2025-04
989,ORD-20231220-00989,257,2023-12-20,pendiente,1387.71,13,330,291.42,1828.73,bank_transfer,same_day,,,2023-12
990,ORD-20241224-00990,260,2024-12-24,cancelado,3683.93,20,50,773.63,3770.77,cash_on_delivery,same_day,,,2024-12
991,ORD-20230922-00991,258,2023-09-22,pendiente,600.66,16,330,126.14,960.69,credit_card,standard,,,2023-09
992,ORD-20231112-00992,386,2023-11-12,pendiente,2220.9,11,460,466.39,2902.99,paypal,pickup,,,2023-11
993,ORD-20250514-00993,399,2025-05-14,procesando,4169.1,15,40,875.51,4459.25,cash_on_delivery,same_day,,Nota del cliente: Envolver para regalo,2025-05
994,ORD-20231220-00994,246,2023-12-20,cancelado,2594.03,17,60,544.75,2757.79,cash_on_delivery,pickup,,Nota del cliente: Llamar antes,2023-12
995,ORD-20240307-00995,69,2024-03-07,entregado,910.43,9,10,191.19,1029.68,credit_card,pickup,,,2024-03
996,ORD-20240720-00996,442,2024-07-20,procesando,2179.93,9,140,457.79,2581.53,bank_transfer,standard,,,2024-07
997,ORD-20250126-00997,189,2025-01-26,enviado,3542.01,3,90,743.82,4269.57,bank_transfer,standard,,,2025-01
998,ORD-20240901-00998,351,2024-09-01,entregado,3017.78,3,10,633.73,3570.98,credit_card,standard,,,2024-09
999,ORD-20240224-00999,69,2024-02-24,cancelado,3871.86,8,320,813.09,4695.2,credit_card,pickup,9.0,,2024-02
1000,ORD-20230209-01000,250,2023-02-09,enviado,5303.89,7,260,1113.82,6306.44,credit_card,express,,,2023-02
1001,ORD-20230227-01001,91,2023-02-27,enviado,1918.92,16,40,402.97,2054.86,paypal,pickup,,,2023-02
1002,ORD-20250819-01002,318,2025-08-19,pendiente,859.71,11,80,180.54,1025.68,paypal,same_day,,,2025-08
1003,ORD-20230409-01003,280,2023-04-09,cancelado,1493.7,8,260,313.68,1947.88,credit_card,pickup,,,2023-04
1004,ORD-20240827-01004,408,2024-08-27,enviado,3475.77,0,130,729.91,4335.68,paypal,pickup,,Nota del cliente: Llamar antes,2024-08
1005,ORD-20240703-01005,191,2024-07-03,procesando,2096.7,8,230,440.31,2599.27,cash_on_delivery,pickup,3.0,Nota del cliente: Llamar antes,2024-07
1006,ORD-20231110-01006,329,2023-11-10,cancelado,3675.59,2,420,771.87,4793.95,paypal,express,8.0,Nota del cliente: Entregar por la tarde,2023-11
1007,ORD-20230924-01007,92,2023-09-24,procesando,1645.84,13,10,345.63,1787.51,paypal,pickup,5.0,,2023-09
1008,ORD-20230515-01008,405,2023-05-15,procesando,2296.14,10,40,482.19,2588.72,debit_card,express,8.0,,2023-05
1009,ORD-20240703-01009,87,2024-07-03,cancelado,166.68,17,20,35.0,193.34,paypal,standard,,,2024-07
1010,ORD-20240831-01010,474,2024-08-31,procesando,2254.1,1,360,473.36,3064.92,debit_card,express,,,2024-08
1011,ORD-20230426-01011,106,2023-04-26,procesando,2674.55,20,110,561.66,2811.3,paypal,pickup,2.0,,2023-04
1012,ORD-20250516-01012,403,2025-05-16,enviado,3561.95,11,490,748.01,4408.15,credit_card,same_day,,,2025-05
1013,ORD-20250803-01013,357,2025-08-03,pendiente,364.8,6,170,76.61,589.52,debit_card,express,,,2025-08
1014,ORD-20250821-01014,246,2025-08-21,entregado,725.4,6,290,152.33,1124.21,debit_card,standard,,,2025-08
1015,ORD-20240214-01015,230,2024-02-14,enviado,433.62,14,290,91.06,753.97,cash_on_delivery,same_day,,,2024-02
1016,ORD-20240328-01016,239,2024-03-28,pendiente,3631.45,10,190,762.6,4220.91,paypal,same_day,,,2024-03
1017,ORD-20240924-01017,406,2024-09-24,cancelado,5158.05,15,420,1083.19,5887.53,paypal,same_day,,,2024-09
1018,ORD-20230803-01018,463,2023-08-03,entregado,1925.78,6,120,404.41,2334.64,paypal,express,,,2023-08
1019,ORD-20240725-01019,107,2024-07-25,pendiente,1201.08,14,180,252.23,1465.16,paypal,pickup,,,2024-07
1020,ORD-20231012-01020,484,2023-10-12,procesando,4483.13,8,390,941.46,5455.94,cash_on_delivery,express,,Nota del cliente: Dejar en portería,2023-10
1021,ORD-20240416-01021,3,2024-04-16,cancelado,1519.52,3,330,319.1,2123.03,paypal,same_day,,,2024-04
1022,ORD-20251110-01022,152,2025-11-10,pendiente,909.25,2,150,190.94,1232.01,credit_card,same_day,,,2025-11
1023,ORD-20240921-01023,267,2024-09-21,cancelado,3449.62,0,250,724.42,4424.04,cash_on_delivery,standard,,Nota del cliente: Dejar en portería,2024-09
1024,ORD-20230227-01024,69,2023-02-27,entregado,2835.92,20,0,595.54,2864.28,paypal,standard,10.0,,2023-02
1025,ORD-20251201-01025,7,2025-12-01,pendiente,1735.91,20,0,364.54,1753.27,paypal,standard,4.0,,2025-12
1026,ORD-20240125-01026,132,2024-01-25,entregado,1081.99,8,410,227.22,1632.65,cash_on_delivery,pickup,10.0,Nota del cliente: Dejar en portería,2024-01
1027,ORD-20240120-01027,234,2024-01-20,procesando,720.82,2,10,151.37,867.77,paypal,express,,,2024-01
1028,ORD-20250510-01028,416,2025-05-10,procesando,164.1,8,40,34.46,225.43,credit_card,express,10.0,,2025-05
1029,ORD-20240210-01029,426,2024-02-10,enviado,3110.95,5,300,653.3,3908.7,bank_transfer,express,,Nota del cliente: Entregar por la tarde,2024-02
1030,ORD-20230603-01030,87,2023-06-03,pendiente,2806.77,15,410,589.42,3385.17,bank_transfer,express,,,2023-06
1031,ORD-20230928-01031,38,2023-09-28,procesando,3927.83,8,350,824.84,4788.44,bank_transfer,pickup,,,2023-09
1032,ORD-20240227-01032,344,2024-02-27,enviado,3727.76,18,70,782.83,3909.59,paypal,standard,,,2024-02
1033,ORD-20240208-01033,257,2024-02-08,enviado,65.06,17,120,13.66,187.66,bank_transfer,express,,,2024-02
1034,ORD-20250207-01034,199,2025-02-07,enviado,1127.45,5,340,236.76,1647.84,cash_on_delivery,standard,,Nota del cliente: Envolver para regalo,2025-02
1035,ORD-20231124-01035,179,2023-11-24,entregado,195.25,10,480,41.0,696.73,credit_card,express,,,2023-11
1036,ORD-20231004-01036,297,2023-10-04,enviado,3501.38,11,210,735.29,4061.52,cash_on_delivery,same_day,,,2023-10
1037,ORD-20230507-01037,34,2023-05-07,pendiente,3278.73,17,80,688.53,3489.88,paypal,express,,,2023-05
1038,ORD-20241105-01038,192,2024-11-05,pendiente,1959.64,6,150,411.52,2403.58,bank_transfer,standard,6.0,,2024-11
1039,ORD-20240216-01039,284,2024-02-16,procesando,751.14,13,440,157.74,1251.23,debit_card,same_day,,,2024-02
1040,ORD-20240728-01040,484,2024-07-28,procesando,2569.91,1,210,539.68,3293.89,paypal,express,,,2024-07
1041,ORD-20240202-01041,96,2024-02-02,pendiente,2029.77,1,360,426.25,2795.72,bank_transfer,same_day,,Nota del cliente: Dejar en portería,2024-02
1042,ORD-20230112-01042,183,2023-01-12,entregado,883.56,6,100,185.55,1116.1,bank_transfer,same_day,,,2023-01
1043,ORD-20250311-01043,292,2025-03-11,pendiente,441.78,20,390,92.77,836.19,cash_on_delivery,same_day,,,2025-03
1044,ORD-20240908-01044,406,2024-09-08,procesando,4463.95,12,440,937.43,5305.71,bank_transfer,express,3.0,,2024-09
1045,ORD-20240629-01045,455,2024-06-29,cancelado,1394.67,19,100,292.88,1522.56,debit_card,same_day,2.0,,2024-06
1046,ORD-20230601-01046,158,2023-06-01,enviado,2965.47,17,420,622.75,3504.09,credit_card,standard,,,2023-06
1047,ORD-20240705-01047,127,2024-07-05,enviado,2925.69,18,10,614.39,3023.46,credit_card,same_day,,,2024-07
1048,ORD-20240622-01048,94,2024-06-22,procesando,4876.91,1,220,1024.15,6072.29,cash_on_delivery,standard,,,2024-06
1049,ORD-20240103-01049,475,2024-01-03,enviado,401.84,5,110,84.39,576.14,debit_card,same_day,,,2024-01
1050,ORD-20251029-01050,69,2025-10-29,enviado,1534.3,17,420,322.2,2015.67,debit_card,same_day,,,2025-10
1051,ORD-20230801-01051,10,2023-08-01,enviado,2989.16,10,200,627.72,3517.96,credit_card,standard,,,2023-08
1052,ORD-20251012-01052,414,2025-10-12,cancelado,1675.2,3,90,351.79,2066.73,cash_on_delivery,express,6.0,Nota del cliente: Llamar antes,2025-10
1053,ORD-20250513-01053,47,2025-05-13,procesando,1954.94,12,90,410.54,2220.89,bank_transfer,same_day,,,2025-05
1054,ORD-20250422-01054,331,2025-04-22,enviado,2224.95,11,250,467.24,2697.45,debit_card,standard,8.0,,2025-04
1055,ORD-20230423-01055,227,2023-04-23,enviado,1087.8,8,70,228.44,1299.22,bank_transfer,express,,,2023-04
1056,ORD-20240920-01056,284,2024-09-20,procesando,2293.89,18,260,481.72,2622.71,cash_on_delivery,same_day,,,2024-09
1057,ORD-20240805-01057,311,2024-08-05,procesando,3506.98,7,180,736.47,4177.96,credit_card,same_day,4.0,Nota del cliente: Envolver para regalo,2024-08
1058,ORD-20230922-01058,216,2023-09-22,entregado,734.19,19,10,154.18,758.87,debit_card,express,,,2023-09
1059,ORD-20240523-01059,364,2024-05-23,procesando,1763.82,1,100,370.4,2216.58,paypal,express,,,2024-05
1060,ORD-20230719-01060,186,2023-07-19,cancelado,2368.31,19,470,497.35,2885.68,cash_on_delivery,standard,,,2023-07
1061,ORD-20240415-01061,65,2024-04-15,pendiente,889.29,16,260,186.75,1193.75,paypal,same_day,,,2024-04
1062,ORD-20241024-01062,17,2024-10-24,cancelado,879.85,4,300,184.77,1329.43,bank_transfer,express,1.0,,2024-10
1063,ORD-20251225-01063,160,2025-12-25,entregado,3512.65,0,0,737.66,4250.31,bank_transfer,express,,,2025-12
1064,ORD-20240609-01064,223,2024-06-09,procesando,1261.83,11,100,264.98,1488.01,paypal,standard,,Nota del cliente: Llamar antes,2024-06
1065,ORD-20240904-01065,317,2024-09-04,entregado,5171.0,17,440,1085.91,5817.84,debit_card,express,6.0,,2024-09
1066,ORD-20240205-01066,308,2024-02-05,procesando,3314.72,1,200,696.09,4177.66,cash_on_delivery,same_day,8.0,,2024-02
1067,ORD-20230219-01067,457,2023-02-19,cancelado,4914.84,2,40,1032.12,5888.66,paypal,express,5.0,,2023-02
1068,ORD-20240725-01068,489,2024-07-25,entregado,992.7,16,80,208.47,1122.34,credit_card,same_day,,,2024-07
1069,ORD-20251124-01069,346,2025-11-24,cancelado,2708.39,9,260,568.76,3293.39,debit_card,standard,10.0,,2025-11
1070,ORD-20250217-01070,440,2025-02-17,procesando,2259.73,14,400,474.54,2817.91,cash_on_delivery,pickup,,,2025-02
1071,ORD-20230509-01071,500,2023-05-09,entregado,3288.12,15,100,690.51,3585.41,cash_on_delivery,pickup,8.0,,2023-05
1072,ORD-20240223-01072,431,2024-02-23,enviado,2709.47,0,50,568.99,3328.46,cash_on_delivery,same_day,,,2024-02
1073,ORD-20240112-01073,65,2024-01-12,entregado,1081.37,12,230,227.09,1408.7,credit_card,same_day,,Nota del cliente: Dejar en portería,2024-01
1074,ORD-20250901-01074,456,2025-09-01,procesando,581.89,10,330,122.2,975.9,credit_card,same_day,,Nota del cliente: Entregar por la tarde,2025-09
1075,ORD-20250215-01075,446,2025-02-15,cancelado,4284.57,3,150,899.76,5205.79,debit_card,same_day,8.0,,2025-02
1076,ORD-20251024-01076,281,2025-10-24,pendiente,3931.42,19,250,825.6,4260.05,cash_on_delivery,pickup,,,2025-10
1077,ORD-20241101-01077,126,2024-11-01,cancelado,1443.4,17,410,303.11,1911.13,cash_on_delivery,express,,Nota del cliente: Envolver para regalo,2024-11
1078,ORD-20230226-01078,404,2023-02-26,cancelado,2324.82,13,360,488.21,2870.8,paypal,standard,,,2023-02
1079,ORD-20230623-01079,297,2023-06-23,enviado,1390.5,7,260,292.01,1845.18,bank_transfer,express,8.0,,2023-06
1080,ORD-20240805-01080,480,2024-08-05,pendiente,6262.92,0,390,1315.21,7968.13,paypal,same_day,4.0,,2024-08
1081,ORD-20230416-01081,406,2023-04-16,procesando,3337.28,15,390,700.83,3927.52,credit_card,express,,,2023-04
1082,ORD-20250826-01082,183,2025-08-26,pendiente,4097.36,20,370,860.45,4508.34,debit_card,pickup,,,2025-08
1083,ORD-20241202-01083,160,2024-12-02,pendiente,2503.38,8,190,525.71,3018.82,cash_on_delivery,same_day,,Nota del cliente: Envolver para regalo,2024-12
1084,ORD-20251206-01084,484,2025-12-06,procesando,373.92,3,170,78.52,611.22,bank_transfer,standard,1.0,,2025-12
1085,ORD-20240324-01085,418,2024-03-24,cancelado,1061.7,15,330,222.96,1455.41,debit_card,pickup,,,2024-03
1086,ORD-20251124-01086,322,2025-11-24,procesando,4780.24,10,240,1003.85,5546.07,paypal,pickup,1.0,,2025-11
1087,ORD-20251216-01087,416,2025-12-16,entregado,1443.4,10,240,303.11,1842.17,cash_on_delivery,express,,,2025-12
1088,ORD-20251125-01088,169,2025-11-25,cancelado,1137.19,9,120,238.81,1393.65,debit_card,express,5.0,,2025-11
1089,ORD-20230722-01089,465,2023-07-22,enviado,3111.56,16,430,653.43,3697.14,bank_transfer,same_day,,,2023-07
1090,ORD-20230829-01090,145,2023-08-29,procesando,1637.53,13,300,343.88,2068.53,cash_on_delivery,same_day,,,2023-08
1091,ORD-20230601-01091,128,2023-06-01,pendiente,373.92,20,450,78.52,827.66,credit_card,standard,,,2023-06
1092,ORD-20250921-01092,457,2025-09-21,cancelado,2339.63,4,50,491.32,2787.36,cash_on_delivery,express,,,2025-09
1093,ORD-20250207-01093,104,2025-02-07,enviado,325.3,9,200,68.31,564.33,paypal,same_day,,Nota del cliente: Envolver para regalo,2025-02
1094,ORD-20230330-01094,125,2023-03-30,enviado,1925.56,10,260,404.37,2397.37,debit_card,standard,,,2023-03
1095,ORD-20241018-01095,417,2024-10-18,enviado,5563.89,11,390,1168.42,6510.28,cash_on_delivery,express,2.0,,2024-10
1096,ORD-20240707-01096,352,2024-07-07,pendiente,2730.95,9,480,573.5,3538.66,bank_transfer,pickup,,,2024-07
1097,ORD-20240127-01097,490,2024-01-27,cancelado,2353.94,12,140,494.33,2705.8,bank_transfer,standard,,,2024-01
1098,ORD-20230513-01098,136,2023-05-13,pendiente,242.78,2,50,50.98,338.9,debit_card,standard,9.0,,2023-05
1099,ORD-20240719-01099,413,2024-07-19,entregado,608.57,12,390,127.8,1053.34,paypal,express,,,2024-07
1100,ORD-20240325-01100,273,2024-03-25,pendiente,567.1,15,80,119.09,681.13,cash_on_delivery,pickup,5.0,,2024-03
1101,ORD-20240204-01101,146,2024-02-04,enviado,1452.5,18,0,305.03,1496.08,debit_card,express,,Nota del cliente: Llamar antes,2024-02
1102,ORD-20240716-01102,190,2024-07-16,entregado,4306.41,15,140,904.35,4704.8,paypal,pickup,,,2024-07
1103,ORD-20240913-01103,286,2024-09-13,procesando,2183.73,9,140,458.58,2585.77,debit_card,pickup,,,2024-09
1104,ORD-20230910-01104,90,2023-09-10,pendiente,3360.44,11,460,705.69,4156.48,cash_on_delivery,express,10.0,,2023-09
1105,ORD-20230813-01105,470,2023-08-13,enviado,1901.3,18,460,399.27,2418.34,cash_on_delivery,pickup,,,2023-08
1106,ORD-20231109-01106,408,2023-11-09,enviado,4961.96,3,290,1042.01,6145.11,credit_card,same_day,,,2023-11
1107,ORD-20230811-01107,448,2023-08-11,procesando,1895.69,11,40,398.09,2125.25,debit_card,express,,,2023-08
1108,ORD-20230623-01108,177,2023-06-23,procesando,5032.89,5,330,1056.91,6168.16,debit_card,standard,,,2023-06
1109,ORD-20230901-01109,463,2023-09-01,enviado,1479.63,13,430,310.72,2028.0,cash_on_delivery,pickup,10.0,,2023-09
1110,ORD-20241122-01110,145,2024-11-22,procesando,1419.33,19,310,298.06,1757.72,cash_on_delivery,express,,,2024-11
1111,ORD-20240731-01111,297,2024-07-31,cancelado,102.83,2,490,21.59,612.36,cash_on_delivery,pickup,2.0,,2024-07
1112,ORD-20250910-01112,139,2025-09-10,cancelado,31.65,11,0,6.65,34.82,paypal,pickup,,,2025-09
1113,ORD-20231015-01113,477,2023-10-15,pendiente,3146.4,19,480,660.74,3689.32,bank_transfer,standard,2.0,,2023-10
1114,ORD-20250427-01114,244,2025-04-27,enviado,2208.67,13,270,463.82,2655.36,debit_card,pickup,2.0,,2025-04
1115,ORD-20250802-01115,360,2025-08-02,cancelado,1801.71,1,400,378.36,2562.05,debit_card,pickup,1.0,,2025-08
1116,ORD-20240928-01116,185,2024-09-28,pendiente,4790.62,6,500,1006.03,6009.21,cash_on_delivery,standard,,,2024-09
1117,ORD-20230303-01117,15,2023-03-03,procesando,460.63,13,310,96.73,807.48,bank_transfer,pickup,9.0,Nota del cliente: Entregar por la tarde,2023-03
1118,ORD-20240224-01118,262,2024-02-24,procesando,4651.45,18,450,976.8,5240.99,credit_card,express,,,2024-02
1119,ORD-20230417-01119,456,2023-04-17,pendiente,888.36,1,0,186.56,1066.04,bank_transfer,standard,,,2023-04
1120,ORD-20250920-01120,142,2025-09-20,entregado,4384.74,10,40,920.8,4907.07,paypal,same_day,,Nota del cliente: Entregar por la tarde,2025-09
1121,ORD-20241027-01121,72,2024-10-27,entregado,3757.98,14,240,789.18,4261.04,debit_card,standard,,,2024-10
1122,ORD-20230813-01122,464,2023-08-13,enviado,130.12,17,170,27.33,305.33,bank_transfer,same_day,,,2023-08
1123,ORD-20240207-01123,324,2024-02-07,pendiente,1364.21,1,330,286.48,1967.05,bank_transfer,pickup,,,2024-02
1124,ORD-20250819-01124,193,2025-08-19,cancelado,638.42,13,300,134.07,989.5,cash_on_delivery,pickup,,,2025-08
1125,ORD-20240320-01125,161,2024-03-20,enviado,1815.36,4,270,381.23,2393.98,bank_transfer,standard,3.0,Nota del cliente: Envolver para regalo,2024-03
1126,ORD-20241217-01126,302,2024-12-17,procesando,3190.99,12,410,670.11,3888.18,debit_card,pickup,,,2024-12
1127,ORD-20240214-01127,374,2024-02-14,pendiente,577.36,15,20,121.25,632.01,credit_card,standard,8.0,,2024-02
1128,ORD-20230509-01128,66,2023-05-09,cancelado,479.73,10,10,100.74,542.5,bank_transfer,pickup,,,2023-05
1129,ORD-20230423-01129,42,2023-04-23,enviado,2331.67,19,70,489.65,2448.3,cash_on_delivery,express,,,2023-04
1130,ORD-20250602-01130,223,2025-06-02,entregado,888.36,16,380,186.56,1312.78,paypal,pickup,5.0,Nota del cliente: Envolver para regalo,2025-06
1131,ORD-20250625-01131,176,2025-06-25,enviado,5413.58,0,240,1136.85,6790.43,paypal,pickup,,,2025-06
1132,ORD-20240304-01132,229,2024-03-04,procesando,1663.34,17,460,349.3,2189.87,paypal,standard,,,2024-03
1133,ORD-20250321-01133,432,2025-03-21,pendiente,2817.22,0,70,591.62,3478.84,debit_card,same_day,,Nota del cliente: Envolver para regalo,2025-03
1134,ORD-20240712-01134,154,2024-07-12,cancelado,4568.16,15,390,959.31,5232.25,bank_transfer,standard,,,2024-07
1135,ORD-20250507-01135,59,2025-05-07,pendiente,2523.6,8,350,529.96,3201.67,cash_on_delivery,express,,,2025-05
1136,ORD-20241025-01136,304,2024-10-25,procesando,4905.15,20,110,1030.08,5064.2,paypal,express,5.0,Nota del cliente: Entregar por la tarde,2024-10
1137,ORD-20240506-01137,108,2024-05-06,pendiente,3460.48,18,390,726.7,3954.29,credit_card,standard,6.0,,2024-05
1138,ORD-20240215-01138,470,2024-02-15,entregado,5288.69,2,100,1110.62,6393.54,paypal,same_day,4.0,,2024-02
1139,ORD-20250928-01139,121,2025-09-28,cancelado,1270.84,12,240,266.88,1625.22,bank_transfer,same_day,4.0,,2025-09
1140,ORD-20230328-01140,306,2023-03-28,cancelado,2798.4,11,140,587.66,3218.24,debit_card,express,5.0,,2023-03
1141,ORD-20231213-01141,398,2023-12-13,entregado,4175.78,20,230,876.91,4447.53,credit_card,same_day,,,2023-12
1142,ORD-20230906-01142,283,2023-09-06,entregado,3977.0,7,290,835.17,4823.78,cash_on_delivery,express,,Nota del cliente: Entregar por la tarde,2023-09
1143,ORD-20230712-01143,294,2023-07-12,cancelado,5355.51,4,450,1124.66,6715.95,bank_transfer,same_day,,Nota del cliente: Entregar por la tarde,2023-07
1144,ORD-20251213-01144,199,2025-12-13,entregado,2287.17,18,220,480.31,2575.79,credit_card,pickup,10.0,,2025-12
1145,ORD-20241019-01145,150,2024-10-19,enviado,1054.03,11,170,221.35,1329.44,credit_card,express,7.0,,2024-10
1146,ORD-20250303-01146,482,2025-03-03,pendiente,2983.75,12,10,626.59,3262.29,paypal,same_day,,,2025-03
1147,ORD-20230818-01147,356,2023-08-18,entregado,200.92,19,30,42.19,234.94,bank_transfer,pickup,,,2023-08
1148,ORD-20240708-01148,77,2024-07-08,cancelado,4230.71,9,90,888.45,4828.4,credit_card,same_day,,,2024-07
1149,ORD-20240524-01149,332,2024-05-24,pendiente,2395.91,7,430,503.14,3161.34,debit_card,standard,,,2024-05
1150,ORD-20230523-01150,270,2023-05-23,enviado,280.44,13,430,58.89,732.87,bank_transfer,express,,,2023-05
1151,ORD-20241121-01151,338,2024-11-21,pendiente,1149.36,12,220,241.37,1472.81,cash_on_delivery,standard,,,2024-11
1152,ORD-20240619-01152,50,2024-06-19,cancelado,432.06,14,0,90.73,462.3,bank_transfer,same_day,,,2024-06
1153,ORD-20250703-01153,122,2025-07-03,enviado,3269.27,15,110,686.55,3575.43,paypal,pickup,,,2025-07
1154,ORD-20230225-01154,159,2023-02-25,enviado,1773.7,14,450,372.48,2347.86,bank_transfer,pickup,,,2023-02
1155,ORD-20250827-01155,52,2025-08-27,pendiente,1485.0,14,60,311.85,1648.95,paypal,same_day,,,2025-08
1156,ORD-20250701-01156,330,2025-07-01,pendiente,2746.27,16,90,576.72,2973.59,paypal,pickup,,,2025-07
1157,ORD-20231104-01157,258,2023-11-04,procesando,4746.93,7,390,996.86,5801.5,cash_on_delivery,pickup,,,2023-11
1158,ORD-20231007-01158,88,2023-10-07,entregado,2127.66,1,10,446.81,2563.19,cash_on_delivery,pickup,,Nota del cliente: Dejar en portería,2023-10
1159,ORD-20230302-01159,493,2023-03-02,enviado,1497.51,20,330,314.48,1842.49,credit_card,standard,,Nota del cliente: Llamar antes,2023-03
1160,ORD-20240311-01160,449,2024-03-11,cancelado,290.5,2,500,61.01,845.7,debit_card,express,,Nota del cliente: Entregar por la tarde,2024-03
1161,ORD-20230427-01161,102,2023-04-27,entregado,2198.65,0,470,461.72,3130.37,credit_card,express,,,2023-04
1162,ORD-20251216-01162,168,2025-12-16,entregado,517.8,20,190,108.74,712.98,credit_card,express,,Nota del cliente: Envolver para regalo,2025-12
1163,ORD-20240111-01163,262,2024-01-11,cancelado,1714.99,15,290,360.15,2107.89,cash_on_delivery,express,,Nota del cliente: Dejar en portería,2024-01
1164,ORD-20250825-01164,362,2025-08-25,procesando,2187.74,13,190,459.43,2552.76,credit_card,pickup,,,2025-08
1165,ORD-20240703-01165,307,2024-07-03,procesando,2763.78,8,130,580.39,3253.07,paypal,express,,,2024-07
1166,ORD-20251125-01166,4,2025-11-25,pendiente,572.49,2,410,120.22,1091.26,debit_card,same_day,10.0,,2025-11
1167,ORD-20251220-01167,269,2025-12-20,enviado,2526.68,5,320,530.6,3250.95,debit_card,same_day,1.0,,2025-12
1168,ORD-20230227-01168,408,2023-02-27,pendiente,1033.64,10,340,217.06,1487.34,credit_card,same_day,,,2023-02
1169,ORD-20230810-01169,180,2023-08-10,pendiente,2460.9,9,370,516.79,3126.21,bank_transfer,same_day,,,2023-08
1170,ORD-20251201-01170,157,2025-12-01,enviado,2571.35,3,190,539.98,3224.19,bank_transfer,pickup,,,2025-12
1171,ORD-20230311-01171,79,2023-03-11,entregado,511.35,3,230,107.38,833.39,paypal,pickup,,,2023-03
1172,ORD-20241122-01172,409,2024-11-22,procesando,222.24,19,110,46.67,336.68,debit_card,express,9.0,,2024-11
1173,ORD-20230419-01173,294,2023-04-19,pendiente,4225.91,16,280,887.44,4717.2,bank_transfer,standard,,,2023-04
1174,ORD-20230523-01174,119,2023-05-23,procesando,1186.72,7,500,249.21,1852.86,bank_transfer,same_day,,,2023-05
1175,ORD-20250324-01175,334,2025-03-24,pendiente,1853.84,1,330,389.31,2554.61,paypal,pickup,,,2025-03
1176,ORD-20241210-01176,45,2024-12-10,cancelado,1813.85,4,400,380.91,2522.21,debit_card,pickup,,,2024-12
1177,ORD-20231221-01177,240,2023-12-21,entregado,4238.67,18,10,890.12,4375.83,cash_on_delivery,express,,,2023-12
1178,ORD-20230606-01178,262,2023-06-06,enviado,337.32,5,410,70.84,801.29,bank_transfer,same_day,,,2023-06
1179,ORD-20240131-01179,395,2024-01-31,entregado,1038.18,18,450,218.02,1519.33,paypal,express,,,2024-01
1180,ORD-20250804-01180,50,2025-08-04,enviado,2912.12,2,220,611.55,3685.43,debit_card,express,8.0,,2025-08
1181,ORD-20230730-01181,174,2023-07-30,enviado,2463.3,5,70,517.29,2927.43,cash_on_delivery,standard,,,2023-07
1182,ORD-20230404-01182,295,2023-04-04,entregado,840.7,7,220,176.55,1178.4,paypal,express,6.0,,2023-04
1183,ORD-20250619-01183,421,2025-06-19,entregado,1894.02,13,360,397.74,2405.54,cash_on_delivery,same_day,,,2025-06
1184,ORD-20230730-01184,460,2023-07-30,entregado,488.86,11,420,102.66,957.75,paypal,same_day,,Nota del cliente: Llamar antes,2023-07
1185,ORD-20230323-01185,449,2023-03-23,cancelado,1621.63,19,180,340.54,1834.06,bank_transfer,express,,,2023-03
1186,ORD-20240409-01186,245,2024-04-09,cancelado,1638.92,7,260,344.17,2128.37,debit_card,express,5.0,Nota del cliente: Dejar en portería,2024-04
1187,ORD-20250905-01187,212,2025-09-05,cancelado,2481.69,5,270,521.15,3148.76,cash_on_delivery,pickup,,,2025-09
1188,ORD-20230806-01188,415,2023-08-06,procesando,1682.63,1,270,353.35,2289.15,credit_card,pickup,,,2023-08
1189,ORD-20230525-01189,475,2023-05-25,enviado,985.32,17,380,206.92,1404.74,bank_transfer,same_day,,Nota del cliente: Envolver para regalo,2023-05
1190,ORD-20230615-01190,471,2023-06-15,enviado,3466.27,3,420,727.92,4510.2,debit_card,standard,,,2023-06
1191,ORD-20250919-01191,483,2025-09-19,cancelado,386.82,20,210,81.23,600.69,bank_transfer,same_day,,,2025-09
1192,ORD-20250507-01192,315,2025-05-07,entregado,788.4,16,310,165.56,1137.82,bank_transfer,standard,,,2025-05
1193,ORD-20250103-01193,336,2025-01-03,entregado,2232.46,18,70,468.82,2369.44,debit_card,standard,,,2025-01
1194,ORD-20230816-01194,18,2023-08-16,procesando,3971.87,7,330,834.09,4857.93,credit_card,pickup,2.0,,2023-08
1195,ORD-20240314-01195,425,2024-03-14,enviado,2607.8,7,30,547.64,3002.89,paypal,same_day,,,2024-03
1196,ORD-20230621-01196,227,2023-06-21,entregado,2421.47,13,490,508.51,3105.19,credit_card,same_day,4.0,,2023-06
1197,ORD-20231216-01197,66,2023-12-16,pendiente,273.5,15,130,57.44,419.92,credit_card,pickup,4.0,,2023-12
1198,ORD-20240221-01198,266,2024-02-21,procesando,2023.03,1,290,424.84,2717.64,credit_card,express,,,2024-02
1199,ORD-20251101-01199,395,2025-11-01,entregado,3207.71,8,60,673.62,3684.71,paypal,same_day,,,2025-11
1200,ORD-20230121-01200,273,2023-01-21,cancelado,2194.84,8,60,460.92,2540.17,paypal,same_day,6.0,,2023-01
1201,ORD-20240319-01201,110,2024-03-19,procesando,5294.25,11,470,1111.79,6293.67,cash_on_delivery,express,1.0,,2024-03
1202,ORD-20241004-01202,223,2024-10-04,pendiente,2744.3,1,450,576.3,3743.16,bank_transfer,standard,,,2024-10
1203,ORD-20250331-01203,469,2025-03-31,enviado,2863.7,7,40,601.38,3304.62,debit_card,same_day,3.0,,2025-03
1204,ORD-20250923-01204,320,2025-09-23,procesando,1683.75,5,450,353.59,2403.15,paypal,express,,,2025-09
1205,ORD-20250608-01205,236,2025-06-08,procesando,4618.32,18,260,969.85,5016.87,cash_on_delivery,standard,,,2025-06
1206,ORD-20250809-01206,45,2025-08-09,enviado,2575.47,3,250,540.85,3289.06,cash_on_delivery,pickup,,Nota del cliente: Entregar por la tarde,2025-08
1207,ORD-20251218-01207,141,2025-12-18,entregado,2487.05,9,90,522.28,2875.5,bank_transfer,standard,,,2025-12
1208,ORD-20251227-01208,433,2025-12-27,enviado,488.86,17,490,102.66,998.41,paypal,express,7.0,,2025-12
1209,ORD-20251123-01209,287,2025-11-23,entregado,1044.13,3,10,219.27,1242.08,credit_card,express,,,2025-11
1210,ORD-20231007-01210,462,2023-10-07,enviado,2688.79,2,50,564.65,3249.66,bank_transfer,pickup,,,2023-10
1211,ORD-20231215-01211,30,2023-12-15,entregado,559.4,7,310,117.47,947.71,paypal,same_day,7.0,,2023-12
1212,ORD-20250423-01212,242,2025-04-23,entregado,2316.67,11,440,486.5,2988.34,bank_transfer,same_day,,,2025-04
1213,ORD-20230109-01213,458,2023-01-09,pendiente,2463.3,16,500,517.29,3086.46,cash_on_delivery,pickup,,,2023-01
1214,ORD-20240511-01214,446,2024-05-11,cancelado,2641.17,20,290,554.65,2957.59,credit_card,standard,,,2024-05
1215,ORD-20230531-01215,420,2023-05-31,entregado,2449.95,6,440,514.49,3257.44,cash_on_delivery,express,,,2023-05
1216,ORD-20240404-01216,100,2024-04-04,entregado,4110.09,2,390,863.12,5281.01,cash_on_delivery,same_day,1.0,,2024-04
1217,ORD-20230803-01217,143,2023-08-03,pendiente,4138.33,17,440,869.05,4743.86,paypal,pickup,,,2023-08
1218,ORD-20250423-01218,469,2025-04-23,cancelado,656.61,9,270,137.89,1005.41,credit_card,same_day,,,2025-04
1219,ORD-20250812-01219,214,2025-08-12,procesando,1702.55,13,170,357.54,2008.76,paypal,express,,,2025-08
1220,ORD-20250102-01220,207,2025-01-02,pendiente,6239.59,3,150,1310.31,7512.71,bank_transfer,standard,,,2025-01
1221,ORD-20251109-01221,2,2025-11-09,cancelado,362.77,10,400,76.18,802.67,bank_transfer,pickup,,,2025-11
1222,ORD-20251216-01222,239,2025-12-16,cancelado,1127.37,16,160,236.75,1343.74,paypal,standard,,,2025-12
1223,ORD-20230626-01223,150,2023-06-26,enviado,830.96,11,320,174.5,1234.05,cash_on_delivery,pickup,,,2023-06
1224,ORD-20240829-01224,304,2024-08-29,enviado,1486.0,13,270,312.06,1874.88,credit_card,same_day,,Nota del cliente: Dejar en portería,2024-08
1225,ORD-20240206-01225,54,2024-02-06,enviado,1347.0,1,40,282.87,1656.4,debit_card,pickup,,Nota del cliente: Llamar antes,2024-02
1226,ORD-20230715-01226,454,2023-07-15,cancelado,950.65,15,390,199.64,1397.69,bank_transfer,express,,,2023-07
1227,ORD-20250602-01227,134,2025-06-02,entregado,1309.02,14,310,274.89,1710.65,debit_card,standard,,Nota del cliente: Envolver para regalo,2025-06
1228,ORD-20230519-01228,342,2023-05-19,entregado,3176.77,20,380,667.12,3588.54,credit_card,standard,,,2023-05
1229,ORD-20250215-01229,453,2025-02-15,enviado,1216.49,7,60,255.46,1446.8,bank_transfer,same_day,,,2025-02
1230,ORD-20230224-01230,135,2023-02-24,enviado,4030.01,9,150,846.3,4663.61,cash_on_delivery,standard,,,2023-02
1231,ORD-20240627-01231,405,2024-06-27,entregado,322.2,1,260,67.66,646.64,debit_card,express,,,2024-06
1232,ORD-20240322-01232,421,2024-03-22,procesando,1590.36,6,220,333.98,2048.92,bank_transfer,express,,,2024-03
1233,ORD-20240513-01233,82,2024-05-13,cancelado,4951.42,10,0,1039.8,5496.08,credit_card,express,,,2024-05
1234,ORD-20230520-01234,270,2023-05-20,procesando,109.4,2,20,22.97,150.18,credit_card,same_day,10.0,Nota del cliente: Envolver para regalo,2023-05
1235,ORD-20241215-01235,411,2024-12-15,enviado,1434.03,18,200,301.15,1677.05,bank_transfer,pickup,2.0,,2024-12
1236,ORD-20250207-01236,73,2025-02-07,cancelado,68.8,6,380,14.45,459.12,bank_transfer,same_day,,,2025-02
1237,ORD-20231207-01237,182,2023-12-07,procesando,4226.96,6,430,887.66,5291.0,cash_on_delivery,same_day,,Nota del cliente: Dejar en portería,2023-12
1238,ORD-20240815-01238,319,2024-08-15,enviado,2786.44,10,240,585.15,3332.95,paypal,pickup,,,2024-08
1239,ORD-20240528-01239,236,2024-05-28,procesando,740.7,11,230,155.55,1044.77,paypal,express,,,2024-05
1240,ORD-20250210-01240,477,2025-02-10,procesando,4128.05,18,280,866.89,4531.89,paypal,express,,,2025-02
1241,ORD-20230130-01241,76,2023-01-30,enviado,871.9,13,110,183.1,1051.65,debit_card,same_day,10.0,Nota del cliente: Entregar por la tarde,2023-01
1242,ORD-20231026-01242,238,2023-10-26,pendiente,2581.41,11,280,542.1,3119.55,paypal,standard,,Nota del cliente: Envolver para regalo,2023-10
1243,ORD-20240906-01243,165,2024-09-06,entregado,4216.89,10,490,885.55,5170.75,bank_transfer,express,,,2024-09
1244,ORD-20230430-01244,278,2023-04-30,cancelado,3819.07,19,160,802.0,4055.45,bank_transfer,pickup,9.0,,2023-04
1245,ORD-20241125-01245,96,2024-11-25,pendiente,3616.67,5,350,759.5,4545.34,debit_card,express,,,2024-11
1246,ORD-20230124-01246,378,2023-01-24,enviado,2976.16,13,140,624.99,3354.25,cash_on_delivery,pickup,,,2023-01
1247,ORD-20240417-01247,460,2024-04-17,entregado,1283.44,19,90,269.52,1399.11,bank_transfer,standard,,,2024-04
1248,ORD-20251130-01248,75,2025-11-30,enviado,4622.2,16,340,970.66,5193.31,debit_card,same_day,,,2025-11
1249,ORD-20241110-01249,500,2024-11-10,enviado,3088.09,16,290,648.5,3532.5,paypal,express,,,2024-11
1250,ORD-20230109-01250,185,2023-01-09,entregado,2992.61,6,30,628.45,3471.5,cash_on_delivery,pickup,,,2023-01
1251,ORD-20230309-01251,16,2023-03-09,entregado,2005.04,9,390,421.06,2635.65,bank_transfer,pickup,,,2023-03
1252,ORD-20251030-01252,258,2025-10-30,enviado,1048.33,6,300,220.15,1505.58,cash_on_delivery,express,,,2025-10
1253,ORD-20251113-01253,384,2025-11-13,pendiente,3303.92,3,0,693.82,3898.62,debit_card,standard,,,2025-11
1254,ORD-20230308-01254,103,2023-03-08,cancelado,5378.45,15,260,1129.47,5961.15,cash_on_delivery,pickup,10.0,,2023-03
1255,ORD-20230311-01255,128,2023-03-11,pendiente,1547.28,15,210,324.93,1850.12,paypal,standard,,,2023-03
1256,ORD-20230626-01256,214,2023-06-26,pendiente,3697.24,10,130,776.42,4233.94,cash_on_delivery,pickup,2.0,,2023-06
1257,ORD-20241215-01257,372,2024-12-15,pendiente,3402.23,13,390,714.47,4064.41,bank_transfer,standard,10.0,,2024-12
1258,ORD-20240908-01258,331,2024-09-08,procesando,2431.66,5,240,510.65,3060.73,debit_card,pickup,,,2024-09
1259,ORD-20240311-01259,237,2024-03-11,cancelado,3087.01,5,250,648.27,3830.93,credit_card,standard,10.0,,2024-03
1260,ORD-20250621-01260,60,2025-06-21,enviado,2537.02,12,90,532.77,2855.35,bank_transfer,standard,,,2025-06
1261,ORD-20250719-01261,38,2025-07-19,entregado,3660.8,5,140,768.77,4386.53,debit_card,pickup,6.0,,2025-07
1262,ORD-20240308-01262,384,2024-03-08,procesando,1279.04,12,430,268.6,1824.16,credit_card,express,,,2024-03
1263,ORD-20230604-01263,443,2023-06-04,enviado,3628.04,20,120,761.89,3784.32,bank_transfer,express,7.0,,2023-06
1264,ORD-20230222-01264,48,2023-02-22,entregado,620.77,6,140,130.36,853.88,paypal,pickup,2.0,,2023-02
1265,ORD-20250406-01265,191,2025-04-06,enviado,3133.14,12,190,657.96,3605.12,paypal,same_day,,,2025-04
1266,ORD-20240929-01266,200,2024-09-29,procesando,3757.35,6,390,789.04,4710.95,cash_on_delivery,standard,,,2024-09
1267,ORD-20250710-01267,93,2025-07-10,pendiente,2582.59,7,400,542.34,3344.15,debit_card,pickup,,,2025-07
1268,ORD-20250812-01268,40,2025-08-12,enviado,2800.64,19,420,588.13,3276.65,bank_transfer,express,,,2025-08
1269,ORD-20230423-01269,421,2023-04-23,entregado,1596.92,3,190,335.35,2074.36,debit_card,pickup,5.0,,2023-04
1270,ORD-20231225-01270,239,2023-12-25,pendiente,3668.16,13,30,770.31,3991.61,bank_transfer,same_day,,,2023-12
1271,ORD-20240328-01271,443,2024-03-28,enviado,2721.93,13,60,571.61,2999.69,debit_card,pickup,,,2024-03
1272,ORD-20240222-01272,306,2024-02-22,entregado,847.57,14,10,177.99,916.9,debit_card,same_day,,,2024-02
1273,ORD-20241105-01273,491,2024-11-05,entregado,55.04,2,70,11.56,135.5,paypal,pickup,,,2024-11
1274,ORD-20230110-01274,272,2023-01-10,pendiente,2646.5,2,140,555.77,3289.34,cash_on_delivery,same_day,,,2023-01
1275,ORD-20250422-01275,119,2025-04-22,enviado,979.4,3,480,205.67,1635.69,paypal,express,4.0,Nota del cliente: Entregar por la tarde,2025-04
1276,ORD-20240528-01276,244,2024-05-28,procesando,405.91,15,370,85.24,800.26,debit_card,pickup,,,2024-05
1277,ORD-20230501-01277,26,2023-05-01,cancelado,6809.76,12,180,1430.05,7602.64,credit_card,pickup,1.0,,2023-05
1278,ORD-20230916-01278,276,2023-09-16,cancelado,483.6,19,40,101.56,533.28,bank_transfer,express,,,2023-09
1279,ORD-20230410-01279,466,2023-04-10,cancelado,2369.74,7,260,497.65,2961.51,credit_card,pickup,,Nota del cliente: Envolver para regalo,2023-04
1280,ORD-20230326-01280,415,2023-03-26,pendiente,5289.3,14,410,1110.75,6069.55,credit_card,same_day,,,2023-03
1281,ORD-20250320-01281,155,2025-03-20,entregado,2383.23,2,500,500.48,3336.05,debit_card,same_day,1.0,Nota del cliente: Envolver para regalo,2025-03
1282,ORD-20240324-01282,202,2024-03-24,cancelado,1743.8,4,30,366.2,2070.25,paypal,same_day,,,2024-03
1283,ORD-20230612-01283,259,2023-06-12,pendiente,1040.45,15,440,218.49,1542.87,paypal,express,,Nota del cliente: Envolver para regalo,2023-06
1284,ORD-20240424-01284,258,2024-04-24,enviado,2237.74,8,410,469.93,2938.65,cash_on_delivery,same_day,5.0,,2024-04
1285,ORD-20240406-01285,264,2024-04-06,entregado,1473.97,12,70,309.53,1676.62,debit_card,express,,,2024-04
1286,ORD-20230818-01286,294,2023-08-18,cancelado,2021.7,12,120,424.56,2323.66,bank_transfer,express,,,2023-08
1287,ORD-20241013-01287,30,2024-10-13,pendiente,2675.13,13,280,561.78,3169.14,paypal,express,,,2024-10
1288,ORD-20250616-01288,259,2025-06-16,enviado,1178.58,19,290,247.5,1492.15,credit_card,standard,,,2025-06
1289,ORD-20240614-01289,400,2024-06-14,procesando,1758.14,7,420,369.21,2424.28,debit_card,same_day,4.0,,2024-06
1290,ORD-20231215-01290,394,2023-12-15,pendiente,1160.46,16,120,243.7,1338.49,paypal,express,,,2023-12
1291,ORD-20250613-01291,114,2025-06-13,enviado,5111.8,2,180,1073.48,6263.04,debit_card,pickup,,,2025-06
1292,ORD-20250401-01292,304,2025-04-01,cancelado,3499.21,8,340,734.83,4294.1,bank_transfer,express,,,2025-04
1293,ORD-20240704-01293,378,2024-07-04,cancelado,640.59,6,400,134.52,1136.67,paypal,standard,,,2024-07
1294,ORD-20230719-01294,384,2023-07-19,cancelado,6775.33,20,30,1422.82,6873.08,bank_transfer,pickup,,,2023-07
1295,ORD-20240729-01295,77,2024-07-29,entregado,482.91,20,390,101.41,877.74,cash_on_delivery,standard,,Nota del cliente: Dejar en portería,2024-07
1296,ORD-20230720-01296,16,2023-07-20,procesando,1344.33,12,390,282.31,1855.32,cash_on_delivery,same_day,,,2023-07
1297,ORD-20230412-01297,456,2023-04-12,pendiente,1019.35,11,30,214.06,1151.28,credit_card,express,,,2023-04
1298,ORD-20241209-01298,70,2024-12-09,enviado,3312.92,5,360,695.71,4202.98,debit_card,standard,,,2024-12
1299,ORD-20250917-01299,322,2025-09-17,procesando,971.58,16,140,204.03,1160.16,cash_on_delivery,express,,,2025-09
1300,ORD-20250103-01300,426,2025-01-03,pendiente,5290.01,18,240,1110.9,5688.71,debit_card,standard,9.0,Nota del cliente: Envolver para regalo,2025-01
1301,ORD-20250306-01301,8,2025-03-06,enviado,2501.98,11,500,525.42,3252.18,cash_on_delivery,same_day,2.0,,2025-03
1302,ORD-20241228-01302,155,2024-12-28,procesando,3867.27,11,100,812.13,4354.0,credit_card,pickup,,,2024-12
1303,ORD-20240919-01303,68,2024-09-19,cancelado,1706.49,15,380,358.36,2188.88,bank_transfer,pickup,6.0,,2024-09
1304,ORD-20240402-01304,460,2024-04-02,pendiente,760.52,5,330,159.71,1212.2,cash_on_delivery,express,,,2024-04
1305,ORD-20240724-01305,133,2024-07-24,cancelado,4161.46,12,120,873.91,4655.99,cash_on_delivery,pickup,,,2024-07
1306,ORD-20241021-01306,46,2024-10-21,procesando,3944.24,13,310,828.29,4569.78,cash_on_delivery,pickup,,Nota del cliente: Llamar antes,2024-10
1307,ORD-20231006-01307,321,2023-10-06,entregado,2539.02,0,70,533.19,3142.21,cash_on_delivery,pickup,,,2023-10
1308,ORD-20241013-01308,27,2024-10-13,enviado,3477.76,19,120,730.33,3667.32,bank_transfer,standard,,,2024-10
1309,ORD-20231023-01309,311,2023-10-23,procesando,2937.3,3,450,616.83,3916.01,debit_card,standard,,,2023-10
1310,ORD-20251125-01310,428,2025-11-25,procesando,1465.9,2,490,307.84,2234.42,cash_on_delivery,standard,,,2025-11
1311,ORD-20250810-01311,349,2025-08-10,pendiente,1819.56,13,100,382.11,2065.13,bank_transfer,express,,Nota del cliente: Dejar en portería,2025-08
1312,ORD-20230912-01312,473,2023-09-12,pendiente,1980.61,4,430,415.93,2747.32,credit_card,standard,,Nota del cliente: Llamar antes,2023-09
1313,ORD-20240807-01313,365,2024-08-07,cancelado,450.98,5,380,94.71,903.14,credit_card,same_day,5.0,,2024-08
1314,ORD-20250201-01314,334,2025-02-01,enviado,2488.74,12,390,522.64,3102.73,bank_transfer,pickup,10.0,,2025-02
1315,ORD-20240606-01315,369,2024-06-06,entregado,2543.54,5,310,534.14,3260.5,paypal,standard,,,2024-06
1316,ORD-20240425-01316,251,2024-04-25,entregado,4227.71,8,130,887.82,4907.31,debit_card,standard,,,2024-04
1317,ORD-20250611-01317,196,2025-06-11,cancelado,701.12,14,270,147.24,1020.2,paypal,express,,Nota del cliente: Dejar en portería,2025-06
1318,ORD-20240303-01318,45,2024-03-03,pendiente,203.8,12,260,42.8,482.14,cash_on_delivery,same_day,,,2024-03
1319,ORD-20250423-01319,21,2025-04-23,enviado,4407.47,5,220,925.57,5332.67,paypal,standard,,Nota del cliente: Llamar antes,2025-04
1320,ORD-20230524-01320,18,2023-05-24,pendiente,1502.67,11,350,315.56,2002.94,bank_transfer,standard,2.0,,2023-05
1321,ORD-20250304-01321,43,2025-03-04,cancelado,686.21,8,150,144.1,925.41,credit_card,standard,,,2025-03
1322,ORD-20230603-01322,272,2023-06-03,enviado,3301.03,0,480,693.22,4474.25,bank_transfer,pickup,,,2023-06
1323,ORD-20240120-01323,362,2024-01-20,enviado,488.86,20,50,102.66,543.75,debit_card,same_day,,Nota del cliente: Entregar por la tarde,2024-01
1324,ORD-20231125-01324,66,2023-11-25,entregado,1381.89,13,410,290.2,1902.44,debit_card,express,,Nota del cliente: Llamar antes,2023-11
1325,ORD-20230121-01325,396,2023-01-21,pendiente,785.22,20,40,164.9,833.08,credit_card,express,,,2023-01
1326,ORD-20240520-01326,48,2024-05-20,entregado,1683.65,6,70,353.57,2006.2,paypal,standard,,,2024-05
1327,ORD-20250605-01327,138,2025-06-05,cancelado,1461.12,11,110,306.84,1717.24,cash_on_delivery,standard,,Nota del cliente: Dejar en portería,2025-06
1328,ORD-20230703-01328,174,2023-07-03,pendiente,2665.88,0,230,559.83,3455.71,cash_on_delivery,standard,8.0,Nota del cliente: Entregar por la tarde,2023-07
1329,ORD-20230307-01329,378,2023-03-07,enviado,2021.7,18,60,424.56,2142.35,cash_on_delivery,express,,Nota del cliente: Llamar antes,2023-03
1330,ORD-20251009-01330,104,2025-10-09,procesando,636.96,0,230,133.76,1000.72,bank_transfer,same_day,,,2025-10
1331,ORD-20250922-01331,143,2025-09-22,procesando,4621.83,10,30,970.58,5160.23,bank_transfer,same_day,,,2025-09
1332,ORD-20250411-01332,125,2025-04-11,enviado,292.36,6,360,61.4,696.22,credit_card,same_day,,,2025-04
1333,ORD-20240206-01333,453,2024-02-06,enviado,6659.23,0,350,1398.44,8407.67,cash_on_delivery,pickup,,,2024-02
1334,ORD-20231004-01334,93,2023-10-04,pendiente,1715.15,9,150,360.18,2070.97,debit_card,express,,,2023-10
1335,ORD-20250503-01335,64,2025-05-03,entregado,3716.6,0,240,780.49,4737.09,debit_card,pickup,,,2025-05
1336,ORD-20230322-01336,419,2023-03-22,pendiente,1982.18,6,120,416.26,2399.51,paypal,express,1.0,,2023-03
1337,ORD-20240627-01337,465,2024-06-27,cancelado,2551.66,5,370,535.85,3329.93,cash_on_delivery,pickup,,,2024-06
1338,ORD-20230121-01338,402,2023-01-21,procesando,926.92,4,40,194.65,1124.49,cash_on_delivery,express,,,2023-01
1339,ORD-20240410-01339,337,2024-04-10,cancelado,1095.03,17,210,229.96,1348.83,credit_card,pickup,,Nota del cliente: Envolver para regalo,2024-04
1340,ORD-20240903-01340,166,2024-09-03,pendiente,1320.85,7,40,277.38,1545.77,credit_card,express,,,2024-09
1341,ORD-20231223-01341,134,2023-12-23,pendiente,1203.99,9,360,252.84,1708.47,bank_transfer,standard,,,2023-12
1342,ORD-20250203-01342,396,2025-02-03,pendiente,3187.49,5,450,669.37,4147.49,credit_card,express,3.0,Nota del cliente: Llamar antes,2025-02
1343,ORD-20240424-01343,307,2024-04-24,cancelado,3885.09,1,390,815.87,5052.11,bank_transfer,express,,,2024-04
1344,ORD-20230528-01344,297,2023-05-28,entregado,2929.31,1,150,615.16,3665.18,cash_on_delivery,pickup,,,2023-05
1345,ORD-20250519-01345,38,2025-05-19,entregado,1636.18,9,210,343.6,2042.52,paypal,standard,,,2025-05
1346,ORD-20240413-01346,100,2024-04-13,cancelado,1167.24,1,40,245.12,1440.69,bank_transfer,express,,,2024-04
1347,ORD-20240410-01347,11,2024-04-10,enviado,3189.54,7,190,669.8,3826.07,paypal,express,,,2024-04
1348,ORD-20230902-01348,441,2023-09-02,pendiente,3784.63,4,500,794.77,4928.01,bank_transfer,standard,2.0,,2023-09
1349,ORD-20240205-01349,114,2024-02-05,enviado,2206.2,5,40,463.3,2599.19,paypal,pickup,,,2024-02
1350,ORD-20240902-01350,378,2024-09-02,procesando,1774.0,10,260,372.54,2229.14,paypal,express,,,2024-09
1351,ORD-20230706-01351,375,2023-07-06,cancelado,1797.48,4,70,377.47,2173.05,paypal,express,2.0,,2023-07
1352,ORD-20231219-01352,418,2023-12-19,enviado,1367.0,12,360,287.07,1850.03,credit_card,pickup,,,2023-12
1353,ORD-20240225-01353,194,2024-02-25,enviado,3908.52,15,320,820.79,4463.03,bank_transfer,same_day,,,2024-02
1354,ORD-20231022-01354,482,2023-10-22,procesando,2505.99,19,210,526.26,2766.11,bank_transfer,standard,,Nota del cliente: Llamar antes,2023-10
1355,ORD-20250101-01355,390,2025-01-01,entregado,2155.05,11,240,452.56,2610.55,bank_transfer,standard,,Nota del cliente: Entregar por la tarde,2025-01
1356,ORD-20240621-01356,35,2024-06-21,cancelado,2607.52,7,330,547.58,3302.57,paypal,same_day,,,2024-06
1357,ORD-20230501-01357,185,2023-05-01,pendiente,962.36,8,160,202.1,1247.47,paypal,pickup,,,2023-05
1358,ORD-20230607-01358,476,2023-06-07,entregado,5657.52,19,210,1188.08,5980.67,paypal,pickup,,,2023-06
1359,ORD-20250112-01359,470,2025-01-12,entregado,5197.58,14,470,1091.49,6031.41,paypal,pickup,,,2025-01
1360,ORD-20231226-01360,50,2023-12-26,procesando,4247.85,8,200,892.05,5000.07,cash_on_delivery,pickup,,,2023-12
1361,ORD-20240518-01361,420,2024-05-18,entregado,3537.43,8,470,742.86,4467.3,bank_transfer,pickup,,,2024-05
1362,ORD-20241112-01362,456,2024-11-12,entregado,1375.47,0,270,288.85,1934.32,paypal,same_day,,,2024-11
1363,ORD-20250621-01363,211,2025-06-21,pendiente,2598.34,2,490,545.65,3582.02,credit_card,standard,,,2025-06
1364,ORD-20240319-01364,228,2024-03-19,entregado,924.45,11,490,194.13,1506.89,bank_transfer,pickup,,,2024-03
1365,ORD-20240724-01365,125,2024-07-24,entregado,862.3,20,230,181.08,1100.92,credit_card,same_day,10.0,Nota del cliente: Entregar por la tarde,2024-07
1366,ORD-20240308-01366,39,2024-03-08,procesando,4647.51,16,190,975.98,5069.89,cash_on_delivery,express,,,2024-03
1367,ORD-20240504-01367,320,2024-05-04,enviado,2300.75,2,430,483.16,3167.9,paypal,pickup,1.0,Nota del cliente: Llamar antes,2024-05
1368,ORD-20250828-01368,173,2025-08-28,cancelado,5246.74,5,160,1101.82,6246.22,credit_card,standard,,,2025-08
1369,ORD-20230521-01369,499,2023-05-21,entregado,319.21,18,90,67.03,418.78,debit_card,express,8.0,,2023-05
1370,ORD-20240321-01370,18,2024-03-21,pendiente,400.14,0,270,84.03,754.17,paypal,express,,,2024-03
1371,ORD-20250507-01371,251,2025-05-07,cancelado,2036.37,3,330,427.64,2732.92,debit_card,standard,,,2025-05
1372,ORD-20230527-01372,390,2023-05-27,entregado,585.75,15,440,123.01,1060.9,bank_transfer,express,,,2023-05
1373,ORD-20250610-01373,182,2025-06-10,entregado,3621.25,2,210,760.46,4519.29,debit_card,pickup,3.0,,2025-06
1374,ORD-20240906-01374,9,2024-09-06,pendiente,901.96,16,410,189.41,1357.06,debit_card,standard,,,2024-09
1375,ORD-20230703-01375,495,2023-07-03,cancelado,4159.11,5,0,873.41,4824.56,paypal,standard,,,2023-07
1376,ORD-20230722-01376,157,2023-07-22,cancelado,1895.68,12,220,398.09,2286.29,paypal,express,,,2023-07
1377,ORD-20240418-01377,230,2024-04-18,cancelado,2474.14,13,290,519.57,2962.07,debit_card,pickup,,,2024-04
1378,ORD-20240530-01378,227,2024-05-30,pendiente,373.92,11,320,78.52,731.31,credit_card,pickup,,,2024-05
1379,ORD-20251224-01379,236,2025-12-24,pendiente,848.8,19,90,178.25,955.78,credit_card,express,,Nota del cliente: Entregar por la tarde,2025-12
1380,ORD-20250201-01380,205,2025-02-01,procesando,2252.94,20,360,473.12,2635.47,cash_on_delivery,express,,,2025-02
1381,ORD-20230904-01381,430,2023-09-04,cancelado,3092.82,18,220,649.49,3405.6,bank_transfer,pickup,10.0,Nota del cliente: Envolver para regalo,2023-09
1382,ORD-20230201-01382,220,2023-02-01,enviado,3617.04,18,330,759.58,4055.55,credit_card,same_day,,,2023-02
1383,ORD-20231127-01383,486,2023-11-27,cancelado,3684.36,11,10,773.72,4062.8,debit_card,standard,,,2023-11
1384,ORD-20250715-01384,217,2025-07-15,procesando,1930.37,13,460,405.38,2544.8,debit_card,same_day,,,2025-07
1385,ORD-20240614-01385,188,2024-06-14,enviado,4569.05,5,180,959.5,5480.1,paypal,pickup,7.0,,2024-06
1386,ORD-20230506-01386,94,2023-05-06,cancelado,2853.11,11,270,599.15,3408.42,credit_card,pickup,3.0,Nota del cliente: Dejar en portería,2023-05
1387,ORD-20230919-01387,254,2023-09-19,procesando,203.8,7,480,42.8,712.33,debit_card,standard,,,2023-09
1388,ORD-20241002-01388,23,2024-10-02,enviado,55.04,5,410,11.56,473.85,cash_on_delivery,same_day,,,2024-10
1389,ORD-20231215-01389,348,2023-12-15,pendiente,40.22,8,330,8.45,375.45,credit_card,express,,Nota del cliente: Entregar por la tarde,2023-12
1390,ORD-20230418-01390,123,2023-04-18,enviado,325.3,3,360,68.31,743.85,debit_card,express,2.0,,2023-04
1391,ORD-20250116-01391,428,2025-01-16,pendiente,1970.4,3,270,413.78,2595.07,credit_card,same_day,,,2025-01
1392,ORD-20230526-01392,442,2023-05-26,procesando,1536.28,17,40,322.62,1637.73,paypal,pickup,,,2023-05
1393,ORD-20240416-01393,419,2024-04-16,enviado,1989.28,11,380,417.75,2568.21,credit_card,standard,,,2024-04
1394,ORD-20230905-01394,390,2023-09-05,pendiente,2504.6,12,140,525.97,2870.02,paypal,same_day,6.0,,2023-09
1395,ORD-20240913-01395,380,2024-09-13,enviado,2223.62,12,230,466.96,2653.75,credit_card,same_day,,,2024-09
1396,ORD-20240305-01396,208,2024-03-05,cancelado,2046.12,19,260,429.69,2347.05,paypal,same_day,1.0,,2024-03
1397,ORD-20240904-01397,129,2024-09-04,entregado,2057.3,8,300,432.03,2624.75,paypal,same_day,1.0,Nota del cliente: Envolver para regalo,2024-09
1398,ORD-20241224-01398,317,2024-12-24,enviado,1934.55,5,170,406.26,2414.08,credit_card,standard,,,2024-12
1399,ORD-20241014-01399,268,2024-10-14,cancelado,1880.76,3,70,394.96,2289.3,credit_card,same_day,,,2024-10
1400,ORD-20240706-01400,457,2024-07-06,procesando,760.46,4,100,159.7,989.74,debit_card,express,8.0,,2024-07
1401,ORD-20250824-01401,197,2025-08-24,entregado,3099.93,2,180,650.99,3868.92,paypal,same_day,,,2025-08
1402,ORD-20240909-01402,306,2024-09-09,procesando,2734.07,20,140,574.15,2901.41,credit_card,standard,,Nota del cliente: Entregar por la tarde,2024-09
1403,ORD-20230808-01403,165,2023-08-08,enviado,2178.18,13,90,457.42,2442.44,paypal,same_day,,,2023-08
1404,ORD-20240103-01404,279,2024-01-03,pendiente,4646.34,6,10,975.73,5353.29,bank_transfer,pickup,,,2024-01
1405,ORD-20230725-01405,378,2023-07-25,cancelado,1192.58,17,130,250.44,1370.28,bank_transfer,express,,Nota del cliente: Llamar antes,2023-07
1406,ORD-20240717-01406,365,2024-07-17,procesando,5464.35,10,210,1147.51,6275.43,debit_card,same_day,7.0,,2024-07
1407,ORD-20250517-01407,86,2025-05-17,entregado,2610.02,10,210,548.1,3107.12,cash_on_delivery,standard,4.0,,2025-05
1408,ORD-20230326-01408,1,2023-03-26,pendiente,676.47,6,240,142.06,1017.94,credit_card,same_day,4.0,,2023-03
1409,ORD-20240103-01409,371,2024-01-03,pendiente,2860.4,16,100,600.68,3103.42,bank_transfer,same_day,,,2024-01
1410,ORD-20240807-01410,97,2024-08-07,enviado,5359.95,10,340,1125.59,6289.55,bank_transfer,pickup,,,2024-08
1411,ORD-20250415-01411,364,2025-04-15,procesando,838.45,19,100,176.07,955.21,paypal,standard,,,2025-04
1412,ORD-20240621-01412,279,2024-06-21,entregado,288.68,6,320,60.62,651.98,bank_transfer,express,,,2024-06
1413,ORD-20240512-01413,18,2024-05-12,procesando,4906.31,10,20,1030.33,5466.01,debit_card,same_day,,,2024-05
1414,ORD-20241126-01414,269,2024-11-26,pendiente,760.65,10,400,159.74,1244.33,paypal,same_day,,Nota del cliente: Entregar por la tarde,2024-11
1415,ORD-20250911-01415,395,2025-09-11,pendiente,3568.06,1,70,749.29,4351.67,bank_transfer,express,,,2025-09
1416,ORD-20230406-01416,497,2023-04-06,cancelado,1188.34,10,250,249.55,1569.06,credit_card,pickup,,,2023-04
1417,ORD-20251015-01417,237,2025-10-15,cancelado,3246.87,20,280,681.84,3559.34,cash_on_delivery,express,9.0,,2025-10
1418,ORD-20250201-01418,348,2025-02-01,procesando,2637.27,12,200,553.83,3074.63,bank_transfer,express,,,2025-02
1419,ORD-20231211-01419,59,2023-12-11,pendiente,308.49,16,370,64.78,693.91,cash_on_delivery,express,4.0,,2023-12
1420,ORD-20241201-01420,71,2024-12-01,entregado,1863.95,14,220,391.43,2214.43,paypal,same_day,,,2024-12
1421,ORD-20240715-01421,76,2024-07-15,pendiente,1288.24,18,130,270.53,1456.89,debit_card,same_day,,,2024-07
1422,ORD-20251114-01422,240,2025-11-14,cancelado,4324.17,2,240,908.08,5385.77,cash_on_delivery,same_day,8.0,,2025-11
1423,ORD-20231105-01423,32,2023-11-05,entregado,1111.78,7,220,233.47,1487.43,cash_on_delivery,express,,,2023-11
1424,ORD-20240313-01424,33,2024-03-13,entregado,1575.15,17,330,330.78,1968.15,bank_transfer,standard,,Nota del cliente: Envolver para regalo,2024-03
1425,ORD-20230721-01425,15,2023-07-21,enviado,2139.34,11,280,449.26,2633.27,cash_on_delivery,standard,,Nota del cliente: Entregar por la tarde,2023-07
1426,ORD-20240323-01426,300,2024-03-23,procesando,3028.91,2,190,636.07,3794.4,credit_card,standard,,,2024-03
1427,ORD-20251030-01427,352,2025-10-30,cancelado,6247.47,9,320,1311.97,7317.17,bank_transfer,standard,,,2025-10
1428,ORD-20241014-01428,259,2024-10-14,cancelado,1201.32,13,30,252.28,1327.43,credit_card,express,,,2024-10
1429,ORD-20240429-01429,196,2024-04-29,enviado,3386.1,12,0,711.08,3690.85,cash_on_delivery,standard,,,2024-04
1430,ORD-20240207-01430,74,2024-02-07,enviado,1186.03,16,400,249.07,1645.34,bank_transfer,pickup,,Nota del cliente: Envolver para regalo,2024-02
1431,ORD-20230423-01431,184,2023-04-23,entregado,4455.64,20,120,935.68,4620.19,debit_card,standard,,,2023-04
1432,ORD-20240403-01432,457,2024-04-03,enviado,2914.21,10,350,611.98,3584.77,cash_on_delivery,pickup,4.0,,2024-04
1433,ORD-20241222-01433,278,2024-12-22,cancelado,266.1,9,320,55.88,618.03,paypal,express,6.0,Nota del cliente: Entregar por la tarde,2024-12
1434,ORD-20231111-01434,425,2023-11-11,cancelado,4122.0,0,110,865.62,5097.62,cash_on_delivery,same_day,,,2023-11
1435,ORD-20241019-01435,50,2024-10-19,cancelado,3716.67,5,80,780.5,4391.34,cash_on_delivery,express,,Nota del cliente: Llamar antes,2024-10
1436,ORD-20230912-01436,356,2023-09-12,pendiente,1818.95,11,380,381.98,2380.85,credit_card,standard,,,2023-09
1437,ORD-20250916-01437,23,2025-09-16,entregado,2564.98,12,180,538.65,2975.83,bank_transfer,standard,,,2025-09
1438,ORD-20230301-01438,2,2023-03-01,procesando,4921.39,4,320,1033.49,6078.02,debit_card,express,,,2023-03
1439,ORD-20250424-01439,27,2025-04-24,enviado,1587.04,19,300,333.28,1918.78,cash_on_delivery,standard,,,2025-04
1440,ORD-20240405-01440,215,2024-04-05,entregado,358.22,10,100,75.23,497.63,paypal,same_day,,,2024-04
1441,ORD-20250405-01441,189,2025-04-05,pendiente,3563.13,13,130,748.26,3978.18,paypal,same_day,,,2025-04
1442,ORD-20240528-01442,46,2024-05-28,enviado,1051.62,13,240,220.84,1375.75,cash_on_delivery,pickup,,,2024-05
1443,ORD-20240828-01443,262,2024-08-28,pendiente,1871.91,17,380,393.1,2326.79,debit_card,express,8.0,,2024-08
1444,ORD-20230827-01444,26,2023-08-27,enviado,6153.47,19,340,1292.23,6616.54,paypal,same_day,2.0,,2023-08
1445,ORD-20230609-01445,337,2023-06-09,entregado,2398.13,11,0,503.61,2637.95,debit_card,same_day,,Nota del cliente: Dejar en portería,2023-06
1446,ORD-20240904-01446,449,2024-09-04,enviado,920.42,9,190,193.29,1220.87,paypal,same_day,,,2024-09
1447,ORD-20240414-01447,399,2024-04-14,pendiente,3744.64,1,380,786.37,4873.56,debit_card,express,9.0,Nota del cliente: Llamar antes,2024-04
1448,ORD-20250422-01448,25,2025-04-22,entregado,1721.96,6,310,361.61,2290.25,paypal,express,,,2025-04
1449,ORD-20251106-01449,294,2025-11-06,procesando,996.14,8,340,209.19,1465.64,credit_card,express,,,2025-11
1450,ORD-20250115-01450,257,2025-01-15,enviado,832.36,14,440,174.8,1330.63,bank_transfer,pickup,,,2025-01
1451,ORD-20251220-01451,104,2025-12-20,procesando,939.27,12,190,197.25,1213.81,bank_transfer,pickup,,,2025-12
1452,ORD-20250415-01452,287,2025-04-15,cancelado,1211.73,9,370,254.46,1727.13,debit_card,standard,,,2025-04
1453,ORD-20250217-01453,472,2025-02-17,pendiente,4164.08,10,370,874.46,4992.13,cash_on_delivery,same_day,,,2025-02
1454,ORD-20240719-01454,210,2024-07-19,cancelado,1809.76,9,230,380.05,2256.93,paypal,standard,6.0,,2024-07
1455,ORD-20231222-01455,287,2023-12-22,cancelado,4305.89,2,360,904.24,5484.01,credit_card,standard,7.0,Nota del cliente: Dejar en portería,2023-12
1456,ORD-20250205-01456,448,2025-02-05,cancelado,992.42,9,490,208.41,1601.51,credit_card,standard,,,2025-02
1457,ORD-20250824-01457,342,2025-08-24,procesando,1168.24,3,450,245.33,1828.52,cash_on_delivery,same_day,1.0,,2025-08
1458,ORD-20231030-01458,433,2023-10-30,entregado,2754.57,4,190,578.46,3412.85,credit_card,express,,,2023-10
1459,ORD-20250103-01459,433,2025-01-03,procesando,1516.46,14,220,318.46,1842.62,cash_on_delivery,express,,,2025-01
1460,ORD-20230206-01460,125,2023-02-06,entregado,1923.56,9,160,403.95,2314.39,cash_on_delivery,same_day,2.0,,2023-02
1461,ORD-20230616-01461,391,2023-06-16,procesando,3561.39,1,130,747.89,4403.67,cash_on_delivery,standard,,,2023-06
1462,ORD-20230220-01462,298,2023-02-20,procesando,1033.81,10,290,217.1,1437.53,debit_card,standard,,,2023-02
1463,ORD-20240717-01463,87,2024-07-17,pendiente,6498.83,2,70,1364.75,7803.6,credit_card,pickup,6.0,,2024-07
1464,ORD-20230327-01464,169,2023-03-27,procesando,2375.38,6,310,498.83,3041.69,cash_on_delivery,express,5.0,,2023-03
1465,ORD-20250301-01465,88,2025-03-01,entregado,2995.32,2,10,629.02,3574.43,bank_transfer,pickup,,,2025-03
1466,ORD-20240216-01466,371,2024-02-16,enviado,5217.21,7,280,1095.61,6227.62,paypal,express,,,2024-02
1467,ORD-20250212-01467,27,2025-02-12,entregado,1615.57,9,10,339.27,1819.44,debit_card,standard,,,2025-02
1468,ORD-20230701-01468,226,2023-07-01,enviado,525.88,18,10,110.43,551.65,cash_on_delivery,same_day,,,2023-07
1469,ORD-20230828-01469,308,2023-08-28,cancelado,2276.6,0,130,478.09,2884.69,paypal,same_day,,,2023-08
1470,ORD-20241227-01470,76,2024-12-27,entregado,529.16,0,210,111.12,850.28,cash_on_delivery,standard,,,2024-12
1471,ORD-20241215-01471,91,2024-12-15,pendiente,1422.33,15,420,298.69,1927.67,debit_card,standard,,Nota del cliente: Dejar en portería,2024-12
1472,ORD-20240613-01472,464,2024-06-13,enviado,2809.83,16,390,590.06,3340.32,debit_card,express,8.0,,2024-06
1473,ORD-20250104-01473,462,2025-01-04,entregado,3662.67,16,370,769.16,4215.8,bank_transfer,same_day,5.0,,2025-01
1474,ORD-20230330-01474,289,2023-03-30,pendiente,2019.55,19,370,424.11,2429.95,bank_transfer,pickup,,,2023-03
1475,ORD-20251210-01475,474,2025-12-10,enviado,4747.17,14,380,996.91,5459.48,cash_on_delivery,express,,,2025-12
1476,ORD-20230802-01476,493,2023-08-02,pendiente,3388.75,2,230,711.64,4262.62,paypal,same_day,,,2023-08
1477,ORD-20231104-01477,116,2023-11-04,enviado,3889.85,12,10,816.87,4249.94,credit_card,express,,,2023-11
1478,ORD-20250818-01478,287,2025-08-18,enviado,3104.11,2,360,651.86,4053.89,bank_transfer,standard,,,2025-08
1479,ORD-20240320-01479,308,2024-03-20,pendiente,4692.19,15,410,985.36,5383.72,bank_transfer,standard,,Nota del cliente: Llamar antes,2024-03
1480,ORD-20240604-01480,404,2024-06-04,pendiente,2579.0,15,290,541.59,3023.74,bank_transfer,express,,,2024-06
1481,ORD-20240728-01481,333,2024-07-28,enviado,3671.76,1,200,771.07,4606.11,credit_card,same_day,6.0,,2024-07
1482,ORD-20240722-01482,453,2024-07-22,entregado,2242.32,20,390,470.89,2654.75,debit_card,standard,,,2024-07
1483,ORD-20240513-01483,457,2024-05-13,enviado,2721.48,14,200,571.51,3111.98,paypal,pickup,,,2024-05
1484,ORD-20231004-01484,390,2023-10-04,pendiente,5526.63,10,410,1160.59,6544.56,debit_card,standard,,,2023-10
1485,ORD-20240520-01485,150,2024-05-20,pendiente,3592.23,14,90,754.37,3933.69,paypal,pickup,10.0,,2024-05
1486,ORD-20230117-01486,69,2023-01-17,entregado,1617.36,8,250,339.65,2077.62,paypal,standard,,,2023-01
1487,ORD-20250610-01487,91,2025-06-10,procesando,4594.35,10,440,964.81,5539.73,debit_card,pickup,1.0,,2025-06
1488,ORD-20230512-01488,358,2023-05-12,pendiente,6081.67,10,220,1277.15,6970.65,bank_transfer,same_day,,,2023-05
1489,ORD-20230112-01489,380,2023-01-12,procesando,1410.26,2,250,296.15,1928.2,debit_card,pickup,8.0,,2023-01
1490,ORD-20240614-01490,48,2024-06-14,cancelado,672.32,8,190,141.19,949.72,credit_card,same_day,2.0,,2024-06
1491,ORD-20250731-01491,79,2025-07-31,enviado,1366.06,3,430,286.87,2041.95,credit_card,same_day,,,2025-07
1492,ORD-20250329-01492,8,2025-03-29,entregado,773.8,14,70,162.5,897.97,debit_card,pickup,,,2025-03
1493,ORD-20240723-01493,193,2024-07-23,enviado,2818.55,1,200,591.9,3582.26,credit_card,express,,,2024-07
1494,ORD-20240413-01494,344,2024-04-13,pendiente,1853.84,17,100,389.31,2028.0,bank_transfer,standard,,,2024-04
1495,ORD-20230831-01495,267,2023-08-31,procesando,2057.3,3,500,432.03,2927.61,credit_card,pickup,,,2023-08
1496,ORD-20251203-01496,405,2025-12-03,cancelado,529.96,1,420,111.29,1055.95,bank_transfer,pickup,,,2025-12
1497,ORD-20230522-01497,86,2023-05-22,entregado,899.86,10,110,188.97,1108.84,credit_card,standard,,Nota del cliente: Llamar antes,2023-05
1498,ORD-20230605-01498,63,2023-06-05,procesando,5274.55,4,270,1107.66,6441.23,cash_on_delivery,pickup,9.0,,2023-06
1499,ORD-20240626-01499,180,2024-06-26,cancelado,1387.04,10,90,291.28,1629.62,credit_card,standard,,,2024-06
1500,ORD-20240718-01500,436,2024-07-18,cancelado,2563.78,13,20,538.39,2788.88,cash_on_delivery,express,5.0,,2024-07
1501,ORD-20230913-01501,68,2023-09-13,pendiente,3785.05,4,280,794.86,4708.51,debit_card,standard,,,2023-09
1502,ORD-20240608-01502,323,2024-06-08,enviado,3158.16,16,0,663.21,3316.06,credit_card,express,,,2024-06
1503,ORD-20241007-01503,321,2024-10-07,entregado,2236.04,3,10,469.57,2648.53,paypal,same_day,,,2024-10
1504,ORD-20230701-01504,200,2023-07-01,enviado,2926.37,10,340,614.54,3588.27,bank_transfer,pickup,,Nota del cliente: Envolver para regalo,2023-07
1505,ORD-20231011-01505,358,2023-10-11,cancelado,3758.4,16,260,789.26,4206.32,debit_card,express,,,2023-10
1506,ORD-20241105-01506,416,2024-11-05,pendiente,1430.47,15,210,300.4,1726.3,debit_card,same_day,,Nota del cliente: Dejar en portería,2024-11
1507,ORD-20231123-01507,311,2023-11-23,pendiente,4097.94,19,40,860.57,4219.9,cash_on_delivery,pickup,2.0,Nota del cliente: Envolver para regalo,2023-11
1508,ORD-20230130-01508,205,2023-01-30,procesando,1654.2,19,180,347.38,1867.28,paypal,standard,,,2023-01
1509,ORD-20251010-01509,349,2025-10-10,cancelado,3406.02,11,270,715.26,4016.62,paypal,pickup,,,2025-10
1510,ORD-20250812-01510,337,2025-08-12,pendiente,68.8,10,430,14.45,506.37,debit_card,standard,,,2025-08
1511,ORD-20230414-01511,76,2023-04-14,enviado,1591.47,7,290,334.21,2104.28,paypal,standard,,,2023-04
1512,ORD-20240717-01512,113,2024-07-17,procesando,1586.26,9,340,333.11,2116.61,credit_card,express,,Nota del cliente: Dejar en portería,2024-07
1513,ORD-20250709-01513,73,2025-07-09,cancelado,2405.95,8,160,505.25,2878.72,paypal,same_day,,,2025-07
1514,ORD-20230114-01514,227,2023-01-14,entregado,1980.6,12,400,415.93,2558.86,cash_on_delivery,standard,,,2023-01
1515,ORD-20240716-01515,415,2024-07-16,entregado,1873.13,4,240,393.36,2431.56,credit_card,pickup,,,2024-07
1516,ORD-20250825-01516,24,2025-08-25,entregado,1559.88,16,250,327.57,1887.87,credit_card,same_day,,Nota del cliente: Envolver para regalo,2025-08
1517,ORD-20240613-01517,356,2024-06-13,procesando,4882.08,3,180,1025.24,5940.86,cash_on_delivery,same_day,,,2024-06
1518,ORD-20240126-01518,164,2024-01-26,cancelado,1970.65,8,460,413.84,2686.84,paypal,standard,,,2024-01
1519,ORD-20230514-01519,132,2023-05-14,pendiente,5221.83,0,120,1096.58,6438.41,debit_card,pickup,,,2023-05
1520,ORD-20250315-01520,9,2025-03-15,procesando,1908.35,15,230,400.75,2252.85,bank_transfer,same_day,,,2025-03
1521,ORD-20230207-01521,331,2023-02-07,entregado,2479.79,19,320,520.76,2849.39,credit_card,standard,,,2023-02
1522,ORD-20230702-01522,384,2023-07-02,entregado,429.12,14,320,90.12,779.16,cash_on_delivery,pickup,,,2023-07
1523,ORD-20240419-01523,72,2024-04-19,procesando,1635.15,17,330,343.38,2030.55,debit_card,same_day,,,2024-04
1524,ORD-20230614-01524,17,2023-06-14,cancelado,2994.44,0,190,628.83,3813.27,credit_card,same_day,8.0,,2023-06
1525,ORD-20240926-01525,471,2024-09-26,pendiente,5232.25,15,30,1098.77,5576.18,credit_card,express,,,2024-09
1526,ORD-20241215-01526,351,2024-12-15,pendiente,2190.57,6,20,460.02,2539.16,credit_card,express,,,2024-12
1527,ORD-20250508-01527,448,2025-05-08,procesando,293.18,19,460,61.57,759.05,bank_transfer,express,,,2025-05
1528,ORD-20230402-01528,203,2023-04-02,pendiente,950.65,14,110,199.64,1127.2,paypal,standard,,,2023-04
1529,ORD-20230525-01529,265,2023-05-25,pendiente,1622.96,10,330,340.82,2131.48,bank_transfer,express,7.0,,2023-05
1530,ORD-20240211-01530,423,2024-02-11,pendiente,455.87,20,100,95.73,560.43,cash_on_delivery,pickup,,,2024-02
1531,ORD-20250305-01531,4,2025-03-05,cancelado,4323.13,7,290,907.86,5218.37,cash_on_delivery,express,3.0,,2025-03
1532,ORD-20250605-01532,412,2025-06-05,procesando,2594.85,12,170,544.92,2998.39,cash_on_delivery,express,,,2025-06
1533,ORD-20240916-01533,83,2024-09-16,enviado,1532.43,1,280,321.81,2118.92,credit_card,pickup,,,2024-09
1534,ORD-20250416-01534,377,2025-04-16,entregado,3722.1,6,380,781.64,4660.41,credit_card,express,,,2025-04
1535,ORD-20230212-01535,51,2023-02-12,pendiente,2655.69,7,390,557.69,3417.48,debit_card,pickup,,,2023-02
1536,ORD-20231027-01536,38,2023-10-27,cancelado,3387.0,1,30,711.27,4094.4,paypal,same_day,7.0,,2023-10
1537,ORD-20250621-01537,384,2025-06-21,cancelado,2205.22,7,450,463.1,2963.95,bank_transfer,standard,,,2025-06
1538,ORD-20251113-01538,38,2025-11-13,enviado,2987.66,18,70,627.41,3147.29,debit_card,same_day,,,2025-11
1539,ORD-20240412-01539,131,2024-04-12,pendiente,1737.85,10,450,364.95,2379.02,bank_transfer,express,7.0,,2024-04
1540,ORD-20241205-01540,467,2024-12-05,procesando,1192.77,15,230,250.48,1494.33,paypal,express,,,2024-12
1541,ORD-20250514-01541,149,2025-05-14,entregado,1802.9,4,470,378.61,2579.39,cash_on_delivery,express,,,2025-05
1542,ORD-20230220-01542,52,2023-02-20,cancelado,3422.89,2,230,718.81,4303.24,credit_card,pickup,,,2023-02
1543,ORD-20231216-01543,84,2023-12-16,enviado,2286.24,16,40,480.11,2440.55,paypal,pickup,,,2023-12
1544,ORD-20240324-01544,383,2024-03-24,cancelado,3455.81,8,220,725.72,4125.07,paypal,same_day,,Nota del cliente: Llamar antes,2024-03
1545,ORD-20241111-01545,486,2024-11-11,entregado,345.07,8,50,72.46,439.92,paypal,same_day,10.0,,2024-11
1546,ORD-20240524-01546,478,2024-05-24,cancelado,2207.43,5,280,463.56,2840.62,debit_card,same_day,,,2024-05
1547,ORD-20240312-01547,408,2024-03-12,cancelado,1060.01,8,360,222.6,1557.81,debit_card,same_day,6.0,,2024-03
1548,ORD-20241003-01548,126,2024-10-03,cancelado,259.68,18,70,54.53,337.47,credit_card,standard,,,2024-10
1549,ORD-20231227-01549,383,2023-12-27,procesando,1010.25,20,20,212.15,1040.35,debit_card,standard,,,2023-12
1550,ORD-20230225-01550,221,2023-02-25,enviado,1206.12,15,460,253.29,1738.49,debit_card,pickup,,,2023-02
1551,ORD-20250618-01551,494,2025-06-18,entregado,4049.36,5,200,850.37,4897.26,paypal,pickup,10.0,,2025-06
1552,ORD-20241225-01552,83,2024-12-25,procesando,1915.88,1,130,402.33,2429.05,paypal,standard,10.0,,2024-12
1553,ORD-20250925-01553,485,2025-09-25,pendiente,4096.35,6,20,860.23,4730.8,paypal,pickup,7.0,Nota del cliente: Envolver para regalo,2025-09
1554,ORD-20231107-01554,342,2023-11-07,cancelado,961.13,11,370,201.84,1427.25,paypal,express,,Nota del cliente: Envolver para regalo,2023-11
1555,ORD-20251012-01555,221,2025-10-12,entregado,2940.13,18,170,617.43,3198.34,bank_transfer,express,,,2025-10
1556,ORD-20250525-01556,282,2025-05-25,enviado,1298.4,12,370,272.66,1785.25,debit_card,standard,,Nota del cliente: Envolver para regalo,2025-05
1557,ORD-20230518-01557,485,2023-05-18,entregado,2487.12,7,450,522.3,3285.32,paypal,pickup,7.0,,2023-05
1558,ORD-20240312-01558,4,2024-03-12,procesando,342.24,4,290,71.87,690.42,bank_transfer,express,,Nota del cliente: Envolver para regalo,2024-03
1559,ORD-20250704-01559,157,2025-07-04,entregado,1038.72,7,340,218.13,1524.14,cash_on_delivery,standard,,,2025-07
1560,ORD-20230211-01560,305,2023-02-11,cancelado,3273.06,3,200,687.34,4062.21,paypal,same_day,,Nota del cliente: Dejar en portería,2023-02
1561,ORD-20230725-01561,321,2023-07-25,enviado,2489.45,6,440,522.78,3302.86,cash_on_delivery,pickup,,,2023-07
1562,ORD-20240928-01562,404,2024-09-28,enviado,2744.0,3,400,576.24,3637.92,debit_card,standard,8.0,,2024-09
1563,ORD-20241025-01563,386,2024-10-25,cancelado,186.96,3,110,39.26,330.61,credit_card,express,,,2024-10
1564,ORD-20241021-01564,24,2024-10-21,procesando,2613.56,12,380,548.85,3228.78,cash_on_delivery,pickup,,,2024-10
1565,ORD-20241029-01565,139,2024-10-29,procesando,2398.74,7,500,503.74,3234.57,cash_on_delivery,same_day,,,2024-10
1566,ORD-20240411-01566,142,2024-04-11,enviado,2482.86,8,430,521.4,3235.63,credit_card,standard,3.0,,2024-04
1567,ORD-20230803-01567,467,2023-08-03,procesando,4881.14,8,300,1025.04,5815.69,credit_card,express,,,2023-08
1568,ORD-20230222-01568,152,2023-02-22,enviado,4718.97,4,310,990.98,5831.19,paypal,express,,Nota del cliente: Entregar por la tarde,2023-02
1569,ORD-20230525-01569,20,2023-05-25,enviado,2694.46,13,240,565.84,3150.02,cash_on_delivery,same_day,,,2023-05
1570,ORD-20230328-01570,66,2023-03-28,entregado,1522.96,2,210,319.82,2022.32,bank_transfer,same_day,,,2023-03
1571,ORD-20240731-01571,329,2024-07-31,enviado,3018.61,0,320,633.91,3972.52,cash_on_delivery,pickup,,,2024-07
1572,ORD-20230120-01572,150,2023-01-20,procesando,3917.96,7,200,822.77,4666.47,debit_card,standard,,,2023-01
1573,ORD-20250804-01573,185,2025-08-04,cancelado,5413.69,11,370,1136.87,6325.05,bank_transfer,pickup,,,2025-08
1574,ORD-20230629-01574,287,2023-06-29,procesando,893.06,17,140,187.54,1068.78,credit_card,standard,,,2023-06
1575,ORD-20230508-01575,309,2023-05-08,pendiente,2828.31,3,400,593.95,3737.41,credit_card,same_day,,,2023-05
1576,ORD-20250301-01576,219,2025-03-01,pendiente,3584.82,0,450,752.81,4787.63,paypal,pickup,,,2025-03
1577,ORD-20230812-01577,340,2023-08-12,procesando,259.68,14,10,54.53,287.85,bank_transfer,pickup,,,2023-08
1578,ORD-20241006-01578,231,2024-10-06,pendiente,4771.36,4,300,1001.99,5882.5,cash_on_delivery,pickup,,,2024-10
1579,ORD-20250423-01579,100,2025-04-23,pendiente,720.64,5,220,151.33,1055.94,bank_transfer,standard,,,2025-04
1580,ORD-20240325-01580,497,2024-03-25,entregado,2161.62,18,420,453.94,2646.47,cash_on_delivery,same_day,2.0,,2024-03
1581,ORD-20240103-01581,443,2024-01-03,cancelado,3672.59,5,240,771.24,4500.2,cash_on_delivery,pickup,,,2024-01
1582,ORD-20230316-01582,456,2023-03-16,entregado,2780.2,19,440,583.84,3275.8,paypal,express,,,2023-03
1583,ORD-20230619-01583,245,2023-06-19,procesando,1986.48,13,390,417.16,2535.4,bank_transfer,same_day,4.0,,2023-06
1584,ORD-20230623-01584,123,2023-06-23,cancelado,3571.73,6,230,750.06,4337.49,credit_card,same_day,,,2023-06
1585,ORD-20240211-01585,208,2024-02-11,cancelado,2483.13,3,20,521.46,2950.1,debit_card,standard,,,2024-02
1586,ORD-20231111-01586,430,2023-11-11,cancelado,1842.52,8,430,386.93,2512.05,cash_on_delivery,pickup,,,2023-11
1587,ORD-20230617-01587,484,2023-06-17,cancelado,2524.41,17,240,530.13,2865.39,credit_card,same_day,,,2023-06
1588,ORD-20230905-01588,349,2023-09-05,procesando,1390.38,18,480,291.98,1912.09,cash_on_delivery,pickup,,,2023-09
1589,ORD-20230829-01589,467,2023-08-29,procesando,2416.02,18,380,507.36,2868.5,bank_transfer,pickup,,,2023-08
1590,ORD-20240405-01590,275,2024-04-05,enviado,2954.86,0,10,620.52,3585.38,bank_transfer,same_day,1.0,,2024-04
1591,ORD-20230827-01591,415,2023-08-27,procesando,2707.06,10,370,568.48,3374.83,credit_card,standard,,Nota del cliente: Llamar antes,2023-08
1592,ORD-20250730-01592,390,2025-07-30,enviado,1486.0,2,230,312.06,1998.34,cash_on_delivery,express,,,2025-07
1593,ORD-20240204-01593,120,2024-02-04,enviado,594.25,14,470,124.79,1105.85,debit_card,same_day,4.0,,2024-02
1594,ORD-20250719-01594,69,2025-07-19,cancelado,4909.4,7,420,1030.97,6016.71,cash_on_delivery,standard,2.0,,2025-07
1595,ORD-20251102-01595,183,2025-11-02,cancelado,1620.46,16,20,340.3,1721.49,cash_on_delivery,standard,,,2025-11
1596,ORD-20231124-01596,423,2023-11-24,entregado,102.27,0,430,21.48,553.75,paypal,same_day,,,2023-11
1597,ORD-20241013-01597,241,2024-10-13,cancelado,1772.85,17,460,372.3,2303.77,debit_card,same_day,,,2024-10
1598,ORD-20240107-01598,297,2024-01-07,entregado,534.77,1,230,112.3,871.72,debit_card,same_day,,Nota del cliente: Llamar antes,2024-01
1599,ORD-20250827-01599,405,2025-08-27,entregado,690.93,18,10,145.1,721.66,credit_card,pickup,,,2025-08
1600,ORD-20250713-01600,427,2025-07-13,pendiente,1466.58,0,350,307.98,2124.56,debit_card,standard,2.0,Nota del cliente: Envolver para regalo,2025-07
1601,ORD-20240804-01601,203,2024-08-04,enviado,2415.82,7,260,507.32,3014.03,debit_card,express,,,2024-08
1602,ORD-20250502-01602,268,2025-05-02,enviado,1989.89,7,440,417.88,2708.48,bank_transfer,standard,,,2025-05
1603,ORD-20230429-01603,345,2023-04-29,cancelado,2808.23,2,240,589.73,3581.8,bank_transfer,standard,2.0,,2023-04
1604,ORD-20230123-01604,59,2023-01-23,procesando,2620.11,18,230,550.22,2928.71,paypal,express,,,2023-01
1605,ORD-20230214-01605,8,2023-02-14,enviado,411.32,14,20,86.38,460.12,debit_card,same_day,6.0,Nota del cliente: Entregar por la tarde,2023-02
1606,ORD-20241013-01606,326,2024-10-13,pendiente,2378.9,16,310,499.57,2807.85,paypal,pickup,9.0,,2024-10
1607,ORD-20241020-01607,3,2024-10-20,cancelado,3523.5,18,350,739.94,3979.21,paypal,express,,,2024-10
1608,ORD-20240417-01608,155,2024-04-17,pendiente,73.35,10,90,15.4,171.42,credit_card,standard,1.0,,2024-04
1609,ORD-20240414-01609,193,2024-04-14,cancelado,782.76,16,70,164.38,891.9,paypal,standard,,,2024-04
1610,ORD-20230731-01610,81,2023-07-31,cancelado,4025.14,7,480,845.28,5068.66,bank_transfer,express,,,2023-07
1611,ORD-20230429-01611,495,2023-04-29,procesando,3059.33,4,140,642.46,3719.42,paypal,express,,,2023-04
1612,ORD-20240629-01612,32,2024-06-29,pendiente,2308.81,7,300,484.85,2932.04,credit_card,pickup,2.0,,2024-06
1613,ORD-20230705-01613,128,2023-07-05,cancelado,3054.94,15,350,641.54,3588.24,debit_card,express,,Nota del cliente: Envolver para regalo,2023-07
1614,ORD-20240723-01614,280,2024-07-23,cancelado,5473.61,5,390,1149.46,6739.39,cash_on_delivery,standard,,,2024-07
1615,ORD-20240415-01615,246,2024-04-15,entregado,3301.02,7,300,693.21,4063.16,credit_card,express,,,2024-04
1616,ORD-20240605-01616,325,2024-06-05,enviado,2065.78,4,380,433.81,2796.96,cash_on_delivery,express,,,2024-06
1617,ORD-20251109-01617,371,2025-11-09,cancelado,897.42,5,40,188.46,1081.01,debit_card,standard,,,2025-11
1618,ORD-20250708-01618,12,2025-07-08,cancelado,4462.54,9,480,937.13,5478.04,credit_card,standard,6.0,,2025-07
1619,ORD-20240226-01619,85,2024-02-26,cancelado,2769.19,17,140,581.53,3019.96,bank_transfer,same_day,,,2024-02
1620,ORD-20230920-01620,127,2023-09-20,procesando,2759.46,8,300,579.49,3418.19,cash_on_delivery,same_day,,,2023-09
1621,ORD-20250314-01621,69,2025-03-14,procesando,2495.3,2,430,524.01,3399.4,paypal,express,,,2025-03
1622,ORD-20230401-01622,26,2023-04-01,procesando,3514.9,13,310,738.13,4106.09,bank_transfer,same_day,,,2023-04
1623,ORD-20240730-01623,245,2024-07-30,cancelado,4043.39,11,300,849.11,4747.73,bank_transfer,standard,,,2024-07
1624,ORD-20241015-01624,223,2024-10-15,entregado,594.25,12,0,124.79,647.73,cash_on_delivery,express,3.0,,2024-10
1625,ORD-20251106-01625,47,2025-11-06,cancelado,2593.55,18,350,544.65,3021.36,paypal,pickup,,,2025-11
1626,ORD-20240629-01626,216,2024-06-29,procesando,3312.15,19,300,695.55,3678.39,credit_card,same_day,,,2024-06
1627,ORD-20251028-01627,500,2025-10-28,enviado,705.95,2,20,148.25,860.08,paypal,express,,,2025-10
1628,ORD-20240622-01628,55,2024-06-22,cancelado,4294.76,15,270,901.9,4822.45,debit_card,standard,,,2024-06
1629,ORD-20230304-01629,275,2023-03-04,entregado,362.77,0,120,76.18,558.95,debit_card,pickup,,,2023-03
1630,ORD-20250401-01630,249,2025-04-01,enviado,1845.73,12,60,387.6,2071.84,debit_card,standard,,,2025-04
1631,ORD-20251224-01631,471,2025-12-24,enviado,5784.62,17,180,1214.77,6196.0,paypal,express,,,2025-12
1632,ORD-20250505-01632,499,2025-05-05,procesando,3658.19,8,280,768.22,4413.75,debit_card,pickup,,Nota del cliente: Llamar antes,2025-05
1633,ORD-20230513-01633,57,2023-05-13,cancelado,3595.78,6,100,755.11,4235.14,bank_transfer,standard,,,2023-05
1634,ORD-20241113-01634,65,2024-11-13,entregado,2620.54,5,290,550.31,3329.82,debit_card,express,,Nota del cliente: Envolver para regalo,2024-11
1635,ORD-20250410-01635,111,2025-04-10,pendiente,2160.76,0,70,453.76,2684.52,cash_on_delivery,same_day,,,2025-04
1636,ORD-20240519-01636,2,2024-05-19,cancelado,2410.3,8,10,506.16,2733.64,credit_card,standard,,,2024-05
1637,ORD-20230823-01637,47,2023-08-23,pendiente,3080.53,3,170,646.91,3805.02,cash_on_delivery,express,6.0,,2023-08
1638,ORD-20241231-01638,314,2024-12-31,enviado,2316.66,2,60,486.5,2816.83,debit_card,standard,,,2024-12
1639,ORD-20231103-01639,258,2023-11-03,cancelado,2371.79,0,460,498.08,3329.87,paypal,express,,,2023-11
1640,ORD-20230309-01640,256,2023-03-09,cancelado,4186.66,16,300,879.2,4695.99,debit_card,express,,Nota del cliente: Envolver para regalo,2023-03
1641,ORD-20250309-01641,243,2025-03-09,procesando,4810.48,11,370,1010.2,5661.53,cash_on_delivery,same_day,3.0,,2025-03
1642,ORD-20230424-01642,229,2023-04-24,pendiente,462.03,4,340,97.03,880.58,paypal,pickup,,,2023-04
1643,ORD-20230131-01643,37,2023-01-31,entregado,2680.4,6,430,562.88,3512.46,cash_on_delivery,pickup,,,2023-01
1644,ORD-20240419-01644,368,2024-04-19,pendiente,2689.16,1,110,564.72,3336.99,debit_card,standard,,,2024-04
1645,ORD-20230213-01645,345,2023-02-13,procesando,753.34,8,100,158.2,951.27,cash_on_delivery,express,6.0,,2023-02
1646,ORD-20241011-01646,158,2024-10-11,entregado,2375.22,3,500,498.8,3302.76,debit_card,same_day,5.0,Nota del cliente: Envolver para regalo,2024-10
1647,ORD-20240514-01647,88,2024-05-14,enviado,4176.95,4,140,877.16,5027.03,credit_card,same_day,3.0,,2024-05
1648,ORD-20231011-01648,203,2023-10-11,cancelado,838.66,12,350,176.12,1264.14,cash_on_delivery,same_day,,,2023-10
1649,ORD-20231030-01649,127,2023-10-30,pendiente,3340.41,9,290,701.49,4031.26,credit_card,express,,,2023-10
1650,ORD-20230412-01650,217,2023-04-12,pendiente,1125.25,0,90,236.3,1451.55,bank_transfer,same_day,,,2023-04
1651,ORD-20240101-01651,111,2024-01-01,pendiente,4842.59,17,430,1016.94,5466.29,bank_transfer,express,9.0,,2024-01
1652,ORD-20250329-01652,402,2025-03-29,enviado,2205.93,14,490,463.25,2850.35,debit_card,standard,,,2025-03
1653,ORD-20241227-01653,143,2024-12-27,cancelado,1465.9,2,290,307.84,2034.42,cash_on_delivery,same_day,,,2024-12
1654,ORD-20250831-01654,159,2025-08-31,cancelado,832.36,4,80,174.8,1053.87,debit_card,standard,,,2025-08
1655,ORD-20250228-01655,83,2025-02-28,cancelado,1642.58,19,250,344.94,1925.43,debit_card,standard,4.0,,2025-02
1656,ORD-20250205-01656,203,2025-02-05,entregado,5525.01,19,450,1160.25,6085.51,cash_on_delivery,same_day,9.0,,2025-02
1657,ORD-20230707-01657,230,2023-07-07,enviado,2105.16,4,360,442.08,2823.03,debit_card,standard,,,2023-07
1658,ORD-20240220-01658,133,2024-02-20,pendiente,1611.85,0,300,338.49,2250.34,cash_on_delivery,same_day,,Nota del cliente: Envolver para regalo,2024-02
1659,ORD-20250131-01659,159,2025-01-31,pendiente,1255.47,5,110,263.65,1566.35,debit_card,standard,,,2025-01
1660,ORD-20241212-01660,67,2024-12-12,entregado,360.32,0,310,75.67,745.99,debit_card,same_day,1.0,,2024-12
1661,ORD-20240628-01661,121,2024-06-28,procesando,1988.48,5,40,417.58,2346.64,bank_transfer,pickup,,,2024-06
1662,ORD-20240228-01662,165,2024-02-28,entregado,202.66,14,90,42.56,306.85,credit_card,pickup,5.0,Nota del cliente: Dejar en portería,2024-02
1663,ORD-20251001-01663,454,2025-10-01,entregado,3261.05,15,440,684.82,3896.71,debit_card,same_day,,Nota del cliente: Dejar en portería,2025-10
1664,ORD-20231123-01664,242,2023-11-23,cancelado,304.26,4,40,63.89,395.98,credit_card,same_day,,,2023-11
1665,ORD-20251214-01665,447,2025-12-14,pendiente,2080.03,8,110,436.81,2460.44,bank_transfer,same_day,,,2025-12
1666,ORD-20230426-01666,444,2023-04-26,pendiente,48.9,10,240,10.27,294.28,paypal,same_day,,,2023-04
1667,ORD-20230902-01667,448,2023-09-02,entregado,2470.26,4,500,518.75,3390.2,bank_transfer,standard,,,2023-09
1668,ORD-20251128-01668,242,2025-11-28,entregado,3652.38,0,60,767.0,4479.38,bank_transfer,pickup,,,2025-11
1669,ORD-20230325-01669,258,2023-03-25,pendiente,2670.14,17,170,560.73,2946.95,bank_transfer,pickup,,Nota del cliente: Envolver para regalo,2023-03
1670,ORD-20250418-01670,11,2025-04-18,enviado,1708.09,3,470,358.7,2485.55,credit_card,standard,,,2025-04
1671,ORD-20230411-01671,348,2023-04-11,enviado,1697.9,11,140,356.56,2007.69,debit_card,standard,,,2023-04
1672,ORD-20241006-01672,113,2024-10-06,enviado,2588.22,4,190,543.53,3218.22,bank_transfer,standard,,,2024-10
1673,ORD-20250206-01673,472,2025-02-06,cancelado,2920.7,5,400,613.35,3788.02,credit_card,pickup,7.0,,2025-02
1674,ORD-20250810-01674,328,2025-08-10,procesando,1675.98,16,20,351.96,1779.78,paypal,same_day,,,2025-08
1675,ORD-20250217-01675,143,2025-02-17,pendiente,1142.22,14,210,239.87,1432.18,debit_card,pickup,5.0,,2025-02
1676,ORD-20230808-01676,65,2023-08-08,cancelado,1021.0,6,330,214.41,1504.15,paypal,standard,,,2023-08
1677,ORD-20250121-01677,28,2025-01-21,cancelado,3213.22,6,400,674.78,4095.21,debit_card,pickup,,,2025-01
1678,ORD-20251217-01678,166,2025-12-17,cancelado,2101.77,3,280,441.37,2760.09,credit_card,pickup,4.0,,2025-12
1679,ORD-20241224-01679,246,2024-12-24,entregado,397.47,18,250,83.47,659.4,cash_on_delivery,standard,,,2024-12
1680,ORD-20250419-01680,446,2025-04-19,pendiente,4582.17,10,10,962.26,5096.21,cash_on_delivery,same_day,,,2025-04
1681,ORD-20250419-01681,360,2025-04-19,entregado,502.3,1,440,105.48,1042.76,debit_card,same_day,,,2025-04
1682,ORD-20251213-01682,187,2025-12-13,enviado,2665.26,18,470,559.7,3215.21,debit_card,same_day,,,2025-12
1683,ORD-20231114-01683,19,2023-11-14,enviado,2401.53,11,240,504.32,2881.68,credit_card,same_day,1.0,,2023-11
1684,ORD-20250810-01684,445,2025-08-10,pendiente,1261.27,17,60,264.87,1371.72,cash_on_delivery,standard,,,2025-08
1685,ORD-20250428-01685,324,2025-04-28,entregado,1824.08,6,130,383.06,2227.7,paypal,same_day,,,2025-04
1686,ORD-20250320-01686,229,2025-03-20,entregado,895.28,3,290,188.01,1346.43,debit_card,express,,,2025-03
1687,ORD-20240526-01687,326,2024-05-26,enviado,1989.04,13,280,417.7,2428.16,paypal,express,4.0,,2024-05
1688,ORD-20251212-01688,169,2025-12-12,procesando,5583.69,6,470,1172.57,6891.24,paypal,standard,,,2025-12
1689,ORD-20251119-01689,354,2025-11-19,enviado,3723.77,7,130,781.99,4375.1,paypal,standard,,,2025-11
1690,ORD-20230804-01690,58,2023-08-04,cancelado,3553.64,5,280,746.26,4402.22,debit_card,standard,,,2023-08
1691,ORD-20250303-01691,30,2025-03-03,cancelado,6753.7,7,290,1418.28,7989.22,bank_transfer,standard,,,2025-03
1692,ORD-20231116-01692,82,2023-11-16,enviado,3318.64,8,0,696.91,3750.06,debit_card,standard,,,2023-11
1693,ORD-20250815-01693,8,2025-08-15,procesando,2406.5,5,450,505.37,3241.55,cash_on_delivery,standard,10.0,,2025-08
1694,ORD-20251003-01694,416,2025-10-03,entregado,3554.29,6,250,746.4,4337.43,debit_card,standard,3.0,Nota del cliente: Envolver para regalo,2025-10
1695,ORD-20250514-01695,451,2025-05-14,entregado,1972.84,2,230,414.3,2577.68,cash_on_delivery,standard,,Nota del cliente: Envolver para regalo,2025-05
1696,ORD-20250706-01696,271,2025-07-06,entregado,2045.22,11,120,429.5,2369.75,debit_card,standard,8.0,,2025-07
1697,ORD-20250326-01697,87,2025-03-26,pendiente,985.32,11,390,206.92,1473.85,credit_card,express,,,2025-03
1698,ORD-20250712-01698,268,2025-07-12,enviado,1615.64,17,150,339.28,1830.26,cash_on_delivery,same_day,,,2025-07
1699,ORD-20230702-01699,424,2023-07-02,pendiente,2902.16,5,40,609.45,3406.5,debit_card,same_day,,,2023-07
1700,ORD-20251012-01700,489,2025-10-12,procesando,4081.23,13,150,857.06,4557.73,debit_card,same_day,,,2025-10
1701,ORD-20250303-01701,56,2025-03-03,pendiente,1700.91,17,440,357.19,2208.95,paypal,standard,4.0,,2025-03
1702,ORD-20231114-01702,474,2023-11-14,entregado,1184.01,3,320,248.64,1717.13,credit_card,pickup,,,2023-11
1703,ORD-20241025-01703,283,2024-10-25,cancelado,524.17,3,330,110.08,948.52,credit_card,same_day,,,2024-10
1704,ORD-20251014-01704,420,2025-10-14,enviado,3383.56,9,90,710.55,3879.59,credit_card,pickup,,,2025-10
1705,ORD-20230418-01705,132,2023-04-18,entregado,1474.73,4,150,309.69,1875.43,credit_card,standard,6.0,,2023-04
1706,ORD-20240310-01706,254,2024-03-10,enviado,679.31,15,70,142.66,790.07,bank_transfer,standard,,,2024-03
1707,ORD-20240619-01707,345,2024-06-19,pendiente,1529.31,15,430,321.16,2051.07,cash_on_delivery,same_day,8.0,Nota del cliente: Dejar en portería,2024-06
1708,ORD-20230830-01708,101,2023-08-30,pendiente,5052.37,0,180,1061.0,6293.37,debit_card,same_day,,,2023-08
1709,ORD-20251024-01709,214,2025-10-24,pendiente,122.25,4,240,25.67,383.03,bank_transfer,standard,,,2025-10
1710,ORD-20231111-01710,408,2023-11-11,enviado,3393.19,10,170,712.57,3936.44,credit_card,pickup,,,2023-11
1711,ORD-20250707-01711,99,2025-07-07,pendiente,1432.83,4,230,300.89,1906.41,credit_card,pickup,,,2025-07
1712,ORD-20230408-01712,7,2023-04-08,enviado,3108.04,3,390,652.69,4057.49,cash_on_delivery,express,,,2023-04
1713,ORD-20240725-01713,346,2024-07-25,pendiente,1101.16,13,370,231.24,1559.25,debit_card,same_day,,,2024-07
1714,ORD-20231017-01714,446,2023-10-17,procesando,3447.27,2,400,723.93,4502.25,debit_card,express,,,2023-10
1715,ORD-20231120-01715,440,2023-11-20,procesando,3290.51,0,320,691.01,4301.52,credit_card,express,,,2023-11
1716,ORD-20240510-01716,208,2024-05-10,procesando,1687.72,15,360,354.42,2148.98,paypal,express,,,2024-05
1717,ORD-20230121-01717,308,2023-01-21,enviado,2892.36,20,330,607.4,3251.29,debit_card,pickup,,Nota del cliente: Llamar antes,2023-01
1718,ORD-20250524-01718,472,2025-05-24,pendiente,2968.92,16,100,623.47,3217.36,debit_card,standard,,,2025-05
1719,ORD-20250112-01719,200,2025-01-12,enviado,3110.47,5,240,653.2,3848.15,bank_transfer,same_day,7.0,Nota del cliente: Llamar antes,2025-01
1720,ORD-20240523-01720,431,2024-05-23,pendiente,5127.75,8,340,1076.83,6134.36,cash_on_delivery,pickup,5.0,,2024-05
1721,ORD-20240420-01721,363,2024-04-20,enviado,322.06,3,20,67.63,400.03,cash_on_delivery,same_day,4.0,,2024-04
1722,ORD-20241121-01722,343,2024-11-21,pendiente,1174.4,1,140,246.62,1549.28,paypal,same_day,,,2024-11
1723,ORD-20230712-01723,191,2023-07-12,procesando,1065.86,9,110,223.83,1303.76,debit_card,standard,,,2023-07
1724,ORD-20250322-01724,177,2025-03-22,cancelado,5587.3,15,140,1173.33,6062.54,debit_card,same_day,,,2025-03
1725,ORD-20230602-01725,250,2023-06-02,pendiente,105.2,15,380,22.09,491.51,bank_transfer,standard,,Nota del cliente: Llamar antes,2023-06
1726,ORD-20250411-01726,444,2025-04-11,pendiente,4730.47,5,410,993.4,5897.35,paypal,pickup,,,2025-04
1727,ORD-20240421-01727,231,2024-04-21,enviado,4289.0,15,130,900.69,4676.34,debit_card,same_day,,,2024-04
1728,ORD-20230822-01728,90,2023-08-22,entregado,3737.98,16,150,784.98,4074.88,bank_transfer,same_day,,,2023-08
1729,ORD-20240918-01729,199,2024-09-18,cancelado,1756.73,7,300,368.91,2302.67,credit_card,pickup,4.0,,2024-09
1730,ORD-20230728-01730,2,2023-07-28,enviado,941.14,17,190,197.64,1168.79,bank_transfer,pickup,,,2023-07
1731,ORD-20240731-01731,441,2024-07-31,cancelado,1591.36,19,60,334.19,1683.19,cash_on_delivery,same_day,,,2024-07
1732,ORD-20251106-01732,315,2025-11-06,enviado,1508.99,20,310,316.89,1834.08,debit_card,standard,,,2025-11
1733,ORD-20231216-01733,373,2023-12-16,procesando,1919.09,2,200,403.01,2483.72,bank_transfer,standard,,,2023-12
1734,ORD-20231229-01734,88,2023-12-29,pendiente,3518.13,10,310,738.81,4215.13,paypal,same_day,,,2023-12
1735,ORD-20251113-01735,26,2025-11-13,entregado,3176.45,0,100,667.05,3943.5,debit_card,same_day,,,2025-11
1736,ORD-20250703-01736,6,2025-07-03,cancelado,1813.14,5,120,380.76,2223.24,debit_card,standard,,,2025-07
1737,ORD-20240328-01737,306,2024-03-28,cancelado,2371.9,0,90,498.1,2960.0,bank_transfer,standard,,,2024-03
1738,ORD-20230329-01738,190,2023-03-29,procesando,884.56,9,20,185.76,1010.71,cash_on_delivery,express,,,2023-03
1739,ORD-20230403-01739,295,2023-04-03,pendiente,3538.66,20,150,743.12,3724.05,paypal,same_day,6.0,Nota del cliente: Entregar por la tarde,2023-04
1740,ORD-20230416-01740,186,2023-04-16,entregado,1455.26,9,140,305.6,1769.89,debit_card,same_day,,,2023-04
1741,ORD-20250503-01741,451,2025-05-03,procesando,1842.52,10,490,386.93,2535.2,credit_card,standard,,,2025-05
1742,ORD-20251006-01742,71,2025-10-06,procesando,1434.1,12,210,301.16,1773.17,bank_transfer,standard,,,2025-10
1743,ORD-20230707-01743,276,2023-07-07,cancelado,331.07,15,170,69.52,520.93,bank_transfer,same_day,,,2023-07
1744,ORD-20230304-01744,472,2023-03-04,pendiente,1693.09,9,400,355.55,2296.26,cash_on_delivery,pickup,,Nota del cliente: Dejar en portería,2023-03
1745,ORD-20230926-01745,19,2023-09-26,entregado,2846.21,5,120,597.7,3421.6,bank_transfer,express,4.0,,2023-09
1746,ORD-20230526-01746,118,2023-05-26,pendiente,121.6,17,50,25.54,176.47,paypal,same_day,,,2023-05
1747,ORD-20231022-01747,459,2023-10-22,pendiente,3767.56,18,450,791.19,4330.59,credit_card,standard,,,2023-10
1748,ORD-20240724-01748,65,2024-07-24,entregado,4318.82,7,460,906.95,5383.45,credit_card,pickup,3.0,,2024-07
1749,ORD-20250221-01749,277,2025-02-21,enviado,1556.16,7,480,326.79,2254.02,debit_card,same_day,5.0,,2025-02
1750,ORD-20240106-01750,30,2024-01-06,pendiente,577.36,19,200,121.25,788.91,bank_transfer,standard,,,2024-01
1751,ORD-20240127-01751,417,2024-01-27,cancelado,3579.04,11,450,751.6,4386.95,credit_card,same_day,,,2024-01
1752,ORD-20240521-01752,441,2024-05-21,pendiente,3520.72,17,260,739.35,3921.55,paypal,standard,,,2024-05
1753,ORD-20241121-01753,225,2024-11-21,pendiente,2485.7,1,250,522.0,3232.84,credit_card,express,,Nota del cliente: Llamar antes,2024-11
1754,ORD-20250126-01754,432,2025-01-26,cancelado,4597.01,5,240,965.37,5572.53,bank_transfer,pickup,4.0,,2025-01
1755,ORD-20230427-01755,456,2023-04-27,enviado,3176.12,11,320,666.99,3813.74,cash_on_delivery,express,6.0,,2023-04
1756,ORD-20250922-01756,339,2025-09-22,entregado,559.4,10,310,117.47,930.93,cash_on_delivery,same_day,,,2025-09
1757,ORD-20230104-01757,388,2023-01-04,entregado,4684.56,12,80,983.76,5186.17,bank_transfer,same_day,8.0,,2023-01
1758,ORD-20250404-01758,67,2025-04-04,cancelado,2551.36,12,450,535.79,3230.99,bank_transfer,pickup,,Nota del cliente: Dejar en portería,2025-04
1759,ORD-20250612-01759,31,2025-06-12,cancelado,4665.83,20,90,979.82,4802.48,paypal,express,,,2025-06
1760,ORD-20241122-01760,67,2024-11-22,enviado,2686.0,16,480,564.06,3300.3,cash_on_delivery,same_day,,,2024-11
1761,ORD-20230130-01761,241,2023-01-30,entregado,3764.9,2,410,790.63,4890.23,cash_on_delivery,pickup,,,2023-01
1762,ORD-20250908-01762,259,2025-09-08,cancelado,2172.04,6,400,456.13,2897.85,credit_card,pickup,,,2025-09
1763,ORD-20231218-01763,416,2023-12-18,entregado,3084.73,16,250,647.79,3488.96,debit_card,standard,,,2023-12
1764,ORD-20250725-01764,411,2025-07-25,enviado,1842.52,3,30,386.93,2204.17,debit_card,same_day,,,2025-07
1765,ORD-20250415-01765,174,2025-04-15,entregado,1781.48,16,280,374.11,2150.55,debit_card,same_day,,,2025-04
1766,ORD-20251120-01766,472,2025-11-20,pendiente,2138.32,5,480,449.05,2960.45,paypal,standard,,,2025-11
1767,ORD-20230419-01767,178,2023-04-19,pendiente,1162.0,18,280,244.02,1476.86,paypal,standard,,Nota del cliente: Envolver para regalo,2023-04
1768,ORD-20240521-01768,422,2024-05-21,procesando,598.28,11,310,125.64,968.11,debit_card,same_day,,,2024-05
1769,ORD-20250926-01769,212,2025-09-26,cancelado,1472.08,14,310,309.14,1885.13,debit_card,pickup,,,2025-09
1770,ORD-20250715-01770,393,2025-07-15,procesando,1683.6,7,200,353.56,2119.31,bank_transfer,pickup,,,2025-07
1771,ORD-20241217-01771,222,2024-12-17,pendiente,1703.86,0,190,357.81,2251.67,paypal,express,,Nota del cliente: Llamar antes,2024-12
1772,ORD-20250102-01772,323,2025-01-02,procesando,1030.4,17,80,216.38,1151.61,bank_transfer,express,,Nota del cliente: Llamar antes,2025-01
1773,ORD-20230824-01773,339,2023-08-24,entregado,2688.62,2,210,564.61,3409.46,debit_card,pickup,9.0,,2023-08
1774,ORD-20240601-01774,294,2024-06-01,enviado,132.49,15,230,27.82,370.44,cash_on_delivery,pickup,,,2024-06
1775,ORD-20250306-01775,208,2025-03-06,procesando,2780.9,5,400,583.99,3625.85,paypal,same_day,,Nota del cliente: Dejar en portería,2025-03
1776,ORD-20230504-01776,389,2023-05-04,entregado,730.1,2,430,153.32,1298.82,debit_card,pickup,5.0,,2023-05
1777,ORD-20230118-01777,387,2023-01-18,pendiente,1878.95,5,280,394.58,2459.58,cash_on_delivery,express,,,2023-01
1778,ORD-20230410-01778,420,2023-04-10,entregado,1508.46,2,470,316.78,2265.07,cash_on_delivery,standard,,,2023-04
1779,ORD-20241024-01779,247,2024-10-24,entregado,3831.16,14,230,804.54,4329.34,bank_transfer,pickup,,,2024-10
1780,ORD-20230202-01780,448,2023-02-02,pendiente,3166.77,16,10,665.02,3335.11,paypal,standard,,,2023-02
1781,ORD-20240105-01781,376,2024-01-05,pendiente,4481.96,16,330,941.21,5036.06,bank_transfer,same_day,,Nota del cliente: Llamar antes,2024-01
1782,ORD-20231024-01782,104,2023-10-24,entregado,1853.84,1,130,389.31,2354.61,cash_on_delivery,pickup,,,2023-10
1783,ORD-20231105-01783,138,2023-11-05,enviado,673.5,11,120,141.44,860.86,credit_card,same_day,,Nota del cliente: Llamar antes,2023-11
1784,ORD-20250316-01784,228,2025-03-16,enviado,128.88,14,60,27.06,197.9,credit_card,standard,,,2025-03
1785,ORD-20240220-01785,323,2024-02-20,cancelado,1372.49,0,50,288.22,1710.71,credit_card,express,2.0,Nota del cliente: Llamar antes,2024-02
1786,ORD-20250529-01786,34,2025-05-29,pendiente,3916.28,15,130,822.42,4281.26,bank_transfer,standard,,,2025-05
1787,ORD-20241217-01787,31,2024-12-17,cancelado,3895.94,5,280,818.15,4799.29,credit_card,express,,,2024-12
1788,ORD-20250510-01788,217,2025-05-10,enviado,3717.44,20,380,780.66,4134.61,paypal,same_day,,Nota del cliente: Llamar antes,2025-05
1789,ORD-20241011-01789,114,2024-10-11,cancelado,1723.21,3,20,361.87,2053.38,credit_card,express,,,2024-10
1790,ORD-20241028-01790,89,2024-10-28,cancelado,608.52,15,460,127.79,1105.03,bank_transfer,express,,Nota del cliente: Envolver para regalo,2024-10
1791,ORD-20231028-01791,483,2023-10-28,cancelado,3271.12,6,350,686.94,4111.79,bank_transfer,standard,,,2023-10
1792,ORD-20241111-01792,325,2024-11-11,procesando,336.28,8,20,70.62,400.0,bank_transfer,standard,,,2024-11
1793,ORD-20241229-01793,324,2024-12-29,cancelado,1220.82,8,340,256.37,1719.52,cash_on_delivery,same_day,4.0,,2024-12
1794,ORD-20240924-01794,228,2024-09-24,procesando,2931.29,17,180,615.57,3228.54,paypal,same_day,,Nota del cliente: Envolver para regalo,2024-09
1795,ORD-20230804-01795,396,2023-08-04,enviado,2645.46,9,10,555.55,2972.92,paypal,express,3.0,,2023-08
1796,ORD-20240812-01796,254,2024-08-12,cancelado,1004.26,7,430,210.89,1574.85,paypal,standard,,,2024-08
1797,ORD-20230810-01797,307,2023-08-10,enviado,2136.22,10,20,448.61,2391.21,credit_card,express,,,2023-08
1798,ORD-20240516-01798,102,2024-05-16,enviado,3713.75,0,280,779.89,4773.64,paypal,pickup,9.0,,2024-05
1799,ORD-20241231-01799,204,2024-12-31,entregado,2624.8,16,0,551.21,2756.04,cash_on_delivery,same_day,,Nota del cliente: Dejar en portería,2024-12
1800,ORD-20250824-01800,222,2025-08-24,entregado,3582.16,15,440,752.25,4237.09,paypal,standard,,,2025-08
1801,ORD-20231006-01801,30,2023-10-06,entregado,2298.67,7,150,482.72,2770.48,debit_card,express,,,2023-10
1802,ORD-20240415-01802,34,2024-04-15,enviado,2490.76,15,340,523.06,2980.21,cash_on_delivery,same_day,,,2024-04
1803,ORD-20230504-01803,308,2023-05-04,enviado,675.94,6,350,141.95,1127.33,credit_card,standard,,,2023-05
1804,ORD-20251102-01804,426,2025-11-02,entregado,3311.75,10,180,695.47,3856.05,paypal,same_day,,,2025-11
1805,ORD-20251116-01805,118,2025-11-16,procesando,4308.48,11,220,904.78,4959.33,bank_transfer,same_day,5.0,,2025-11
1806,ORD-20250318-01806,120,2025-03-18,pendiente,4938.16,2,240,1037.01,6116.41,paypal,pickup,,,2025-03
1807,ORD-20230709-01807,414,2023-07-09,pendiente,3223.81,15,370,677.0,3787.24,credit_card,express,,,2023-07
1808,ORD-20240716-01808,459,2024-07-16,procesando,1548.95,15,460,325.28,2101.89,paypal,same_day,,Nota del cliente: Envolver para regalo,2024-07
1809,ORD-20250518-01809,498,2025-05-18,enviado,2616.92,11,130,549.55,3008.61,credit_card,express,10.0,,2025-05
1810,ORD-20251220-01810,194,2025-12-20,entregado,3886.44,17,80,816.15,4121.9,cash_on_delivery,same_day,8.0,,2025-12
1811,ORD-20240416-01811,287,2024-04-16,procesando,4130.08,0,390,867.32,5387.4,debit_card,same_day,,,2024-04
1812,ORD-20240329-01812,234,2024-03-29,enviado,4239.57,18,490,890.31,4856.76,cash_on_delivery,pickup,,,2024-03
1813,ORD-20240801-01813,35,2024-08-01,pendiente,2224.3,11,360,467.1,2806.73,debit_card,pickup,,,2024-08
1814,ORD-20250103-01814,148,2025-01-03,procesando,1521.04,12,340,319.42,1997.94,paypal,pickup,,Nota del cliente: Envolver para regalo,2025-01
1815,ORD-20230130-01815,292,2023-01-30,cancelado,2978.4,13,140,625.46,3356.67,credit_card,same_day,6.0,,2023-01
1816,ORD-20250625-01816,12,2025-06-25,pendiente,2233.52,18,180,469.04,2480.53,paypal,express,3.0,,2025-06
1817,ORD-20250413-01817,308,2025-04-13,enviado,3594.34,5,320,754.81,4489.43,credit_card,standard,,,2025-04
1818,ORD-20230118-01818,145,2023-01-18,pendiente,559.4,2,120,117.47,785.68,bank_transfer,standard,,,2023-01
1819,ORD-20230810-01819,300,2023-08-10,entregado,1745.76,12,80,366.61,1982.88,debit_card,same_day,,,2023-08
1820,ORD-20250112-01820,84,2025-01-12,cancelado,1753.41,8,20,368.22,2001.36,paypal,express,,,2025-01
1821,ORD-20251226-01821,490,2025-12-26,entregado,1889.91,6,30,396.88,2203.4,bank_transfer,same_day,,,2025-12
1822,ORD-20240209-01822,499,2024-02-09,pendiente,2536.33,6,150,532.63,3066.78,credit_card,standard,3.0,,2024-02
1823,ORD-20240314-01823,70,2024-03-14,enviado,567.1,0,280,119.09,966.19,debit_card,standard,,,2024-03
1824,ORD-20230209-01824,228,2023-02-09,entregado,5646.99,18,110,1185.87,5926.4,cash_on_delivery,standard,,,2023-02
1825,ORD-20240805-01825,11,2024-08-05,enviado,1381.89,16,320,290.2,1770.99,cash_on_delivery,express,,,2024-08
1826,ORD-20250305-01826,313,2025-03-05,pendiente,1622.3,8,240,340.68,2073.2,bank_transfer,same_day,7.0,Nota del cliente: Dejar en portería,2025-03
1827,ORD-20230823-01827,165,2023-08-23,cancelado,317.43,9,120,66.66,475.52,debit_card,standard,,,2023-08
1828,ORD-20251224-01828,3,2025-12-24,cancelado,2315.02,2,250,486.15,3004.87,paypal,standard,7.0,Nota del cliente: Entregar por la tarde,2025-12
1829,ORD-20250705-01829,56,2025-07-05,enviado,2724.83,0,140,572.21,3437.04,paypal,same_day,,,2025-07
1830,ORD-20251217-01830,169,2025-12-17,cancelado,4188.49,2,490,879.58,5474.3,credit_card,pickup,,,2025-12
1831,ORD-20240823-01831,216,2024-08-23,cancelado,1624.81,0,490,341.21,2456.02,cash_on_delivery,pickup,,,2024-08
1832,ORD-20240101-01832,75,2024-01-01,cancelado,1612.34,14,230,338.59,1955.2,debit_card,express,,,2024-01
1833,ORD-20240908-01833,6,2024-09-08,cancelado,1982.22,18,240,416.27,2281.69,debit_card,express,3.0,,2024-09
1834,ORD-20251220-01834,483,2025-12-20,enviado,1703.03,19,20,357.64,1757.09,bank_transfer,same_day,,,2025-12
1835,ORD-20240702-01835,107,2024-07-02,procesando,3855.3,5,480,809.61,4952.15,debit_card,same_day,,,2024-07
1836,ORD-20240222-01836,331,2024-02-22,procesando,1393.72,15,340,292.68,1817.34,paypal,express,,,2024-02
1837,ORD-20230227-01837,122,2023-02-27,enviado,3505.11,4,130,736.07,4230.98,credit_card,express,10.0,,2023-02
1838,ORD-20250815-01838,47,2025-08-15,pendiente,2966.58,0,150,622.98,3739.56,debit_card,express,4.0,Nota del cliente: Llamar antes,2025-08
1839,ORD-20250718-01839,260,2025-07-18,pendiente,1878.23,5,200,394.43,2378.75,bank_transfer,pickup,,,2025-07
1840,ORD-20231006-01840,60,2023-10-06,entregado,143.68,16,20,30.17,170.86,bank_transfer,express,,,2023-10
1841,ORD-20240708-01841,401,2024-07-08,entregado,1653.62,20,380,347.26,2050.16,paypal,pickup,,,2024-07
1842,ORD-20240528-01842,194,2024-05-28,cancelado,55.56,3,260,11.67,325.56,debit_card,standard,,,2024-05
1843,ORD-20231122-01843,490,2023-11-22,entregado,2452.12,15,280,514.95,2879.25,bank_transfer,same_day,,,2023-11
1844,ORD-20250410-01844,224,2025-04-10,enviado,3254.33,1,320,683.41,4225.2,cash_on_delivery,pickup,,,2025-04
1845,ORD-20230430-01845,102,2023-04-30,cancelado,4871.3,0,440,1022.97,6334.27,credit_card,standard,,Nota del cliente: Dejar en portería,2023-04
1846,ORD-20240103-01846,386,2024-01-03,procesando,5151.36,18,210,1081.79,5515.91,cash_on_delivery,same_day,,,2024-01
1847,ORD-20230129-01847,198,2023-01-29,entregado,609.08,18,460,127.91,1087.36,cash_on_delivery,same_day,,,2023-01
1848,ORD-20250404-01848,306,2025-04-04,enviado,535.24,10,290,112.4,884.12,paypal,standard,,,2025-04
1849,ORD-20240523-01849,323,2024-05-23,pendiente,3884.18,5,340,815.68,4845.65,credit_card,express,3.0,,2024-05
1850,ORD-20240520-01850,256,2024-05-20,pendiente,133.38,1,160,28.01,320.06,bank_transfer,standard,6.0,,2024-05
1851,ORD-20240214-01851,206,2024-02-14,entregado,143.68,18,200,30.17,347.99,credit_card,express,,,2024-02
1852,ORD-20230929-01852,227,2023-09-29,pendiente,3962.27,13,480,832.08,4759.25,credit_card,standard,10.0,,2023-09
1853,ORD-20230211-01853,114,2023-02-11,procesando,608.52,6,410,127.79,1109.8,cash_on_delivery,standard,,,2023-02
1854,ORD-20230211-01854,176,2023-02-11,enviado,3799.45,18,140,797.88,4053.43,paypal,express,2.0,,2023-02
1855,ORD-20240218-01855,147,2024-02-18,pendiente,5514.97,9,140,1158.14,6316.76,debit_card,pickup,,Nota del cliente: Llamar antes,2024-02
1856,ORD-20251114-01856,499,2025-11-14,pendiente,7183.83,4,80,1508.6,8485.08,debit_card,same_day,,,2025-11
1857,ORD-20240910-01857,115,2024-09-10,pendiente,4724.57,8,470,992.16,5808.76,credit_card,pickup,,,2024-09
1858,ORD-20231218-01858,452,2023-12-18,entregado,1646.1,17,380,345.68,2091.94,cash_on_delivery,pickup,,,2023-12
1859,ORD-20231017-01859,300,2023-10-17,entregado,332.44,4,240,69.81,628.95,bank_transfer,express,,,2023-10
1860,ORD-20231203-01860,475,2023-12-03,procesando,2751.22,2,50,577.76,3323.96,paypal,express,,,2023-12
1861,ORD-20240406-01861,250,2024-04-06,procesando,4431.54,6,30,930.62,5126.27,bank_transfer,standard,,,2024-04
1862,ORD-20230527-01862,104,2023-05-27,procesando,4868.14,7,210,1022.31,5759.68,credit_card,express,6.0,Nota del cliente: Llamar antes,2023-05
1863,ORD-20250405-01863,162,2025-04-05,entregado,3995.91,20,0,839.14,4035.87,paypal,standard,,,2025-04
1864,ORD-20240223-01864,122,2024-02-23,enviado,624.27,11,180,131.1,866.7,bank_transfer,same_day,,,2024-02
1865,ORD-20240213-01865,400,2024-02-13,enviado,3057.97,0,170,642.17,3870.14,paypal,pickup,8.0,,2024-02
1866,ORD-20250721-01866,1,2025-07-21,cancelado,4432.66,16,50,930.86,4704.29,paypal,same_day,,,2025-07
1867,ORD-20241019-01867,262,2024-10-19,entregado,2187.96,18,320,459.47,2573.6,paypal,same_day,4.0,Nota del cliente: Envolver para regalo,2024-10
1868,ORD-20241205-01868,77,2024-12-05,enviado,2756.45,4,30,578.85,3255.04,paypal,pickup,,,2024-12
1869,ORD-20241109-01869,268,2024-11-09,enviado,1127.45,5,470,236.76,1777.84,debit_card,express,,,2024-11
1870,ORD-20250930-01870,14,2025-09-30,enviado,4578.94,10,70,961.58,5152.63,credit_card,pickup,,,2025-09
1871,ORD-20231112-01871,343,2023-11-12,procesando,1432.7,11,430,300.87,2005.97,debit_card,same_day,10.0,,2023-11
1872,ORD-20240808-01872,372,2024-08-08,cancelado,4378.59,13,190,919.5,4918.87,debit_card,same_day,7.0,Nota del cliente: Envolver para regalo,2024-08
1873,ORD-20241014-01873,130,2024-10-14,procesando,97.8,11,380,20.54,487.58,paypal,standard,,,2024-10
1874,ORD-20250718-01874,417,2025-07-18,procesando,1798.5,12,390,377.69,2350.37,bank_transfer,pickup,1.0,,2025-07
1875,ORD-20251217-01875,134,2025-12-17,procesando,2484.79,16,160,521.81,2769.03,credit_card,standard,10.0,,2025-12
1876,ORD-20250529-01876,282,2025-05-29,pendiente,971.58,12,110,204.03,1169.02,debit_card,standard,,,2025-05
1877,ORD-20240701-01877,296,2024-07-01,pendiente,3982.54,7,490,836.33,5030.09,debit_card,express,,,2024-07
1878,ORD-20240813-01878,139,2024-08-13,enviado,4630.04,1,150,972.31,5706.05,bank_transfer,same_day,,,2024-08
1879,ORD-20240318-01879,451,2024-03-18,enviado,164.1,19,210,34.46,377.38,debit_card,express,4.0,,2024-03
1880,ORD-20250410-01880,309,2025-04-10,enviado,4961.61,20,440,1041.94,5451.23,paypal,pickup,5.0,,2025-04
1881,ORD-20230403-01881,383,2023-04-03,pendiente,2637.86,11,250,553.95,3151.65,bank_transfer,pickup,,,2023-04
1882,ORD-20250214-01882,30,2025-02-14,pendiente,504.42,20,70,105.93,579.47,paypal,same_day,,,2025-02
1883,ORD-20230519-01883,49,2023-05-19,procesando,759.81,11,0,159.56,835.79,bank_transfer,express,,,2023-05
1884,ORD-20250928-01884,431,2025-09-28,procesando,2375.72,3,210,498.9,3013.35,paypal,same_day,,,2025-09
1885,ORD-20250312-01885,457,2025-03-12,pendiente,1124.67,4,220,236.18,1535.86,bank_transfer,standard,4.0,,2025-03
1886,ORD-20250213-01886,40,2025-02-13,procesando,1682.44,17,160,353.31,1909.74,paypal,express,,,2025-02
1887,ORD-20241226-01887,2,2024-12-26,pendiente,2094.17,8,60,439.78,2426.42,debit_card,pickup,,,2024-12
1888,ORD-20230106-01888,368,2023-01-06,procesando,455.87,10,490,95.73,996.01,bank_transfer,standard,,,2023-01
1889,ORD-20240530-01889,320,2024-05-30,enviado,3185.37,3,80,668.93,3838.74,credit_card,standard,,,2024-05
1890,ORD-20230928-01890,379,2023-09-28,enviado,1928.19,15,40,404.92,2083.88,cash_on_delivery,express,,,2023-09
1891,ORD-20230803-01891,375,2023-08-03,entregado,2187.63,18,270,459.4,2523.26,credit_card,pickup,,,2023-08
1892,ORD-20240202-01892,136,2024-02-02,entregado,3470.37,17,400,728.78,4009.19,credit_card,same_day,,,2024-02
1893,ORD-20240922-01893,30,2024-09-22,cancelado,3338.03,1,40,700.99,4045.64,bank_transfer,standard,,,2024-09
1894,ORD-20231226-01894,13,2023-12-26,entregado,1875.94,20,200,393.95,2094.7,cash_on_delivery,express,,,2023-12
1895,ORD-20240516-01895,455,2024-05-16,enviado,4291.1,10,30,901.13,4793.12,debit_card,standard,9.0,,2024-05
1896,ORD-20250104-01896,311,2025-01-04,pendiente,3305.58,1,400,694.17,4366.69,paypal,standard,,,2025-01
1897,ORD-20231226-01897,39,2023-12-26,entregado,2149.16,7,190,451.32,2640.04,bank_transfer,same_day,,,2023-12
1898,ORD-20230520-01898,39,2023-05-20,cancelado,1925.74,12,70,404.41,2169.06,credit_card,same_day,,,2023-05
1899,ORD-20231116-01899,286,2023-11-16,cancelado,5657.95,10,240,1188.17,6520.33,bank_transfer,pickup,,,2023-11
1900,ORD-20250529-01900,247,2025-05-29,cancelado,725.54,12,350,152.36,1140.84,bank_transfer,express,4.0,,2025-05
1901,ORD-20230522-01901,460,2023-05-22,cancelado,4465.88,19,270,937.83,4825.19,cash_on_delivery,standard,10.0,,2023-05
1902,ORD-20240402-01902,312,2024-04-02,cancelado,1873.14,6,370,393.36,2524.11,credit_card,pickup,,,2024-04
1903,ORD-20251006-01903,331,2025-10-06,procesando,3821.03,14,80,802.42,4168.51,credit_card,standard,8.0,,2025-10
1904,ORD-20231227-01904,406,2023-12-27,procesando,195.25,14,80,41.0,288.92,paypal,same_day,,,2023-12
1905,ORD-20250123-01905,225,2025-01-23,pendiente,786.07,17,270,165.07,1087.51,cash_on_delivery,pickup,,,2025-01
1906,ORD-20241011-01906,19,2024-10-11,procesando,173.92,16,60,36.52,242.61,bank_transfer,same_day,,,2024-10
1907,ORD-20231214-01907,276,2023-12-14,cancelado,4946.05,2,260,1038.67,6145.8,bank_transfer,standard,,,2023-12
1908,ORD-20250724-01908,372,2025-07-24,cancelado,1142.22,18,430,239.87,1606.49,paypal,express,5.0,,2025-07
1909,ORD-20241008-01909,134,2024-10-08,cancelado,303.32,5,250,63.7,601.85,credit_card,standard,8.0,,2024-10
1910,ORD-20230803-01910,178,2023-08-03,entregado,1277.14,1,320,268.2,1852.57,debit_card,same_day,6.0,,2023-08
1911,ORD-20250126-01911,86,2025-01-26,pendiente,2812.59,3,20,590.64,3338.85,bank_transfer,standard,5.0,,2025-01
1912,ORD-20250929-01912,165,2025-09-29,pendiente,1624.14,19,80,341.07,1736.62,debit_card,standard,,,2025-09
1913,ORD-20241217-01913,393,2024-12-17,cancelado,5901.42,2,210,1239.3,7232.69,bank_transfer,standard,3.0,,2024-12
1914,ORD-20240720-01914,424,2024-07-20,entregado,456.39,20,10,95.84,470.95,paypal,express,4.0,,2024-07
1915,ORD-20240411-01915,100,2024-04-11,entregado,1899.79,14,430,398.96,2462.78,bank_transfer,same_day,,,2024-04
1916,ORD-20230818-01916,124,2023-08-18,procesando,2545.77,4,330,534.61,3308.55,credit_card,standard,9.0,,2023-08
1917,ORD-20240628-01917,234,2024-06-28,enviado,2214.64,16,100,465.07,2425.37,debit_card,same_day,,,2024-06
1918,ORD-20251206-01918,363,2025-12-06,cancelado,5733.59,19,190,1204.05,6038.26,paypal,pickup,,,2025-12
1919,ORD-20250410-01919,401,2025-04-10,pendiente,3981.36,17,180,836.09,4320.62,credit_card,express,,,2025-04
1920,ORD-20240430-01920,193,2024-04-30,procesando,321.94,20,370,67.61,695.16,cash_on_delivery,standard,,,2024-04
1921,ORD-20240717-01921,280,2024-07-17,pendiente,921.26,2,420,193.46,1516.29,debit_card,same_day,,,2024-07
1922,ORD-20250601-01922,332,2025-06-01,cancelado,315.2,15,80,66.19,414.11,cash_on_delivery,express,,,2025-06
1923,ORD-20240424-01923,20,2024-04-24,procesando,4799.88,14,50,1007.97,5185.87,bank_transfer,express,9.0,Nota del cliente: Dejar en portería,2024-04
1924,ORD-20250412-01924,48,2025-04-12,entregado,3415.71,7,440,717.3,4333.91,credit_card,standard,,,2025-04
1925,ORD-20251222-01925,453,2025-12-22,entregado,1016.95,13,240,213.56,1338.31,cash_on_delivery,express,,,2025-12
1926,ORD-20240529-01926,441,2024-05-29,procesando,3568.64,11,270,749.41,4195.5,debit_card,standard,2.0,,2024-05
1927,ORD-20231208-01927,90,2023-12-08,procesando,2904.63,12,310,609.97,3476.04,debit_card,pickup,,,2023-12
1928,ORD-20251007-01928,286,2025-10-07,pendiente,916.28,15,190,192.42,1161.26,debit_card,express,,,2025-10
1929,ORD-20230429-01929,225,2023-04-29,pendiente,3718.43,18,460,780.87,4289.98,debit_card,pickup,1.0,,2023-04
1930,ORD-20230104-01930,75,2023-01-04,pendiente,6002.48,19,200,1260.52,6322.53,paypal,same_day,,,2023-01
1931,ORD-20250408-01931,233,2025-04-08,pendiente,4153.76,8,380,872.29,5073.75,bank_transfer,standard,,,2025-04
1932,ORD-20250814-01932,341,2025-08-14,procesando,1765.23,11,140,370.7,2081.75,debit_card,pickup,,,2025-08
1933,ORD-20250501-01933,487,2025-05-01,enviado,1339.19,14,260,281.23,1692.93,bank_transfer,same_day,,,2025-05
1934,ORD-20240105-01934,284,2024-01-05,procesando,2764.91,11,460,580.63,3501.4,credit_card,same_day,,,2024-01
1935,ORD-20250122-01935,391,2025-01-22,procesando,2240.09,11,70,470.42,2534.1,credit_card,pickup,,,2025-01
1936,ORD-20240416-01936,185,2024-04-16,entregado,2947.24,8,490,618.92,3820.38,paypal,pickup,,,2024-04
1937,ORD-20250207-01937,247,2025-02-07,procesando,943.61,0,60,198.16,1201.77,paypal,express,,,2025-02
1938,ORD-20230922-01938,440,2023-09-22,cancelado,2029.55,10,380,426.21,2632.81,cash_on_delivery,express,,Nota del cliente: Envolver para regalo,2023-09
1939,ORD-20240930-01939,148,2024-09-30,enviado,872.05,16,340,183.13,1255.65,credit_card,same_day,6.0,,2024-09
1940,ORD-20230918-01940,441,2023-09-18,procesando,4918.03,7,30,1032.79,5636.56,debit_card,pickup,2.0,,2023-09
1941,ORD-20240425-01941,201,2024-04-25,entregado,259.68,1,160,54.53,471.61,bank_transfer,pickup,,,2024-04
1942,ORD-20240805-01942,240,2024-08-05,procesando,207.12,9,450,43.5,681.98,paypal,same_day,,,2024-08
1943,ORD-20231116-01943,305,2023-11-16,entregado,799.53,1,170,167.9,1129.43,credit_card,same_day,1.0,Nota del cliente: Dejar en portería,2023-11
1944,ORD-20250911-01944,185,2025-09-11,entregado,2459.24,19,330,516.44,2838.42,paypal,same_day,,Nota del cliente: Entregar por la tarde,2025-09
1945,ORD-20230416-01945,82,2023-04-16,enviado,3986.85,8,400,837.24,4905.14,bank_transfer,pickup,6.0,,2023-04
1946,ORD-20240121-01946,374,2024-01-21,entregado,2379.82,3,20,499.76,2828.19,bank_transfer,pickup,,,2024-01
1947,ORD-20250128-01947,349,2025-01-28,entregado,537.72,10,60,112.92,656.87,paypal,same_day,,,2025-01
1948,ORD-20240915-01948,98,2024-09-15,pendiente,4815.49,14,10,1011.25,5162.57,debit_card,pickup,,,2024-09
1949,ORD-20231009-01949,394,2023-10-09,cancelado,2049.06,2,180,430.3,2618.38,credit_card,express,,,2023-10
1950,ORD-20240414-01950,284,2024-04-14,pendiente,1810.23,18,370,380.15,2234.54,cash_on_delivery,standard,8.0,,2024-04
1951,ORD-20240319-01951,91,2024-03-19,pendiente,2851.88,4,430,598.89,3766.69,cash_on_delivery,same_day,3.0,,2024-03
1952,ORD-20250703-01952,143,2025-07-03,pendiente,2895.63,8,180,608.08,3452.06,paypal,express,,,2025-07
1953,ORD-20250813-01953,354,2025-08-13,cancelado,6899.3,18,310,1448.85,7416.28,credit_card,standard,,,2025-08
1954,ORD-20230430-01954,172,2023-04-30,pendiente,2302.03,1,170,483.43,2932.44,debit_card,same_day,10.0,,2023-04
1955,ORD-20250622-01955,488,2025-06-22,procesando,103.56,15,440,21.75,549.78,cash_on_delivery,pickup,,,2025-06
1956,ORD-20250502-01956,305,2025-05-02,enviado,2357.96,12,230,495.17,2800.17,bank_transfer,express,,,2025-05
1957,ORD-20250505-01957,16,2025-05-05,cancelado,2214.96,8,380,465.14,2882.9,debit_card,pickup,1.0,,2025-05
1958,ORD-20231109-01958,249,2023-11-09,procesando,2951.3,5,120,619.77,3543.51,credit_card,same_day,,,2023-11
1959,ORD-20250625-01959,182,2025-06-25,entregado,2663.29,2,490,559.29,3659.31,credit_card,pickup,10.0,,2025-06
1960,ORD-20250505-01960,281,2025-05-05,procesando,1380.73,5,280,289.95,1881.64,paypal,express,,Nota del cliente: Llamar antes,2025-05
1961,ORD-20250830-01961,335,2025-08-30,procesando,3342.53,10,460,701.93,4170.21,credit_card,same_day,,,2025-08
1962,ORD-20250612-01962,463,2025-06-12,procesando,2159.43,6,330,453.48,2813.34,credit_card,same_day,,,2025-06
1963,ORD-20240816-01963,398,2024-08-16,pendiente,2591.84,12,280,544.29,3105.11,paypal,standard,,,2024-08
1964,ORD-20240827-01964,249,2024-08-27,procesando,1619.3,6,370,340.05,2232.19,bank_transfer,pickup,,,2024-08
1965,ORD-20250120-01965,335,2025-01-20,procesando,4609.75,16,310,968.05,5150.24,paypal,express,,,2025-01
1966,ORD-20251104-01966,79,2025-11-04,cancelado,5107.12,13,290,1072.5,5805.69,credit_card,pickup,,,2025-11
1967,ORD-20230301-01967,488,2023-03-01,enviado,1836.18,0,0,385.6,2221.78,bank_transfer,same_day,,,2023-03
1968,ORD-20250723-01968,359,2025-07-23,cancelado,1137.34,7,480,238.84,1776.57,paypal,same_day,4.0,,2025-07
1969,ORD-20250628-01969,250,2025-06-28,cancelado,386.9,14,60,81.25,473.98,credit_card,express,,,2025-06
1970,ORD-20250917-01970,269,2025-09-17,pendiente,5327.27,20,0,1118.73,5380.55,debit_card,express,,,2025-09
1971,ORD-20240407-01971,370,2024-04-07,entregado,4510.14,5,100,947.13,5331.76,debit_card,express,,,2024-04
1972,ORD-20240218-01972,87,2024-02-18,pendiente,3633.3,17,350,762.99,4128.63,cash_on_delivery,same_day,,,2024-02
1973,ORD-20240127-01973,238,2024-01-27,enviado,911.74,11,220,191.47,1222.92,credit_card,pickup,,,2024-01
1974,ORD-20241220-01974,70,2024-12-20,pendiente,1154.72,6,430,242.49,1757.93,bank_transfer,same_day,1.0,,2024-12
1975,ORD-20250423-01975,68,2025-04-23,pendiente,3318.76,8,0,696.94,3750.2,paypal,pickup,6.0,,2025-04
1976,ORD-20230517-01976,247,2023-05-17,enviado,1132.55,6,230,237.84,1532.44,cash_on_delivery,standard,,,2023-05
1977,ORD-20240110-01977,395,2024-01-10,entregado,768.26,10,270,161.33,1122.76,credit_card,express,,,2024-01
1978,ORD-20240507-01978,107,2024-05-07,enviado,259.68,13,80,54.53,360.45,bank_transfer,pickup,7.0,,2024-05
1979,ORD-20250717-01979,485,2025-07-17,entregado,967.78,11,140,203.23,1204.55,credit_card,pickup,,,2025-07
1980,ORD-20241111-01980,293,2024-11-11,cancelado,268.86,17,180,56.46,459.61,credit_card,pickup,,,2024-11
1981,ORD-20250907-01981,49,2025-09-07,pendiente,3472.89,14,110,729.31,3826.0,credit_card,pickup,10.0,Nota del cliente: Entregar por la tarde,2025-09
1982,ORD-20230705-01982,277,2023-07-05,procesando,3206.97,8,320,673.46,3943.87,credit_card,express,,,2023-07
1983,ORD-20240114-01983,62,2024-01-14,entregado,679.9,1,250,142.78,1065.88,credit_card,standard,,,2024-01
1984,ORD-20250116-01984,300,2025-01-16,pendiente,1301.54,18,380,273.32,1720.58,debit_card,same_day,,Nota del cliente: Envolver para regalo,2025-01
1985,ORD-20230410-01985,273,2023-04-10,pendiente,5243.84,14,70,1101.21,5680.91,cash_on_delivery,pickup,,Nota del cliente: Dejar en portería,2023-04
1986,ORD-20240725-01986,96,2024-07-25,cancelado,2932.07,14,80,615.73,3217.31,credit_card,same_day,,,2024-07
1987,ORD-20251101-01987,472,2025-11-01,entregado,6927.02,9,470,1454.67,8228.26,debit_card,same_day,,,2025-11
1988,ORD-20230715-01988,29,2023-07-15,procesando,5184.47,18,140,1088.74,5480.01,credit_card,standard,,,2023-07
1989,ORD-20241021-01989,290,2024-10-21,enviado,2243.04,11,470,471.04,2937.35,bank_transfer,standard,,,2024-10
1990,ORD-20240607-01990,27,2024-06-07,entregado,5626.43,11,130,1181.55,6319.07,bank_transfer,same_day,,Nota del cliente: Envolver para regalo,2024-06
1991,ORD-20250728-01991,389,2025-07-28,entregado,2418.02,12,120,507.78,2755.64,credit_card,express,,,2025-07
1992,ORD-20241109-01992,270,2024-11-09,cancelado,3657.43,4,460,768.06,4739.19,bank_transfer,pickup,,,2024-11
1993,ORD-20230327-01993,318,2023-03-27,pendiente,2595.56,9,450,545.07,3357.03,credit_card,same_day,,,2023-03
1994,ORD-20230904-01994,94,2023-09-04,enviado,2117.89,20,320,444.76,2459.07,credit_card,express,,,2023-09
1995,ORD-20231005-01995,107,2023-10-05,entregado,4827.46,8,0,1013.77,5455.03,credit_card,pickup,,Nota del cliente: Entregar por la tarde,2023-10
1996,ORD-20230317-01996,420,2023-03-17,entregado,4093.58,12,400,859.65,4862.0,cash_on_delivery,same_day,,,2023-03
1997,ORD-20241213-01997,251,2024-12-13,entregado,3114.22,4,440,653.99,4083.64,bank_transfer,pickup,,,2024-12
1998,ORD-20250620-01998,368,2025-06-20,enviado,3965.44,5,500,832.74,5099.91,paypal,express,4.0,Nota del cliente: Llamar antes,2025-06
1999,ORD-20251204-01999,278,2025-12-04,cancelado,2407.0,1,300,505.47,3188.4,cash_on_delivery,pickup,,,2025-12
2000,ORD-20250603-02000,185,2025-06-03,enviado,693.66,8,10,145.67,793.84,bank_transfer,express,,Nota del cliente: Llamar antes,2025-06
2001,ORD-20241021-02001,264,2024-10-21,procesando,3575.68,8,390,750.89,4430.52,credit_card,same_day,,,2024-10
2002,ORD-20251224-02002,169,2025-12-24,entregado,93.48,5,360,19.63,468.44,cash_on_delivery,express,7.0,,2025-12
2003,ORD-20230216-02003,290,2023-02-16,pendiente,2481.11,7,70,521.03,2898.46,paypal,same_day,,,2023-02
2004,ORD-20240423-02004,35,2024-04-23,cancelado,1486.0,11,170,312.06,1804.6,paypal,same_day,3.0,Nota del cliente: Envolver para regalo,2024-04
2005,ORD-20240807-02005,178,2024-08-07,procesando,1379.98,7,230,289.8,1803.18,paypal,standard,,,2024-08
2006,ORD-20240807-02006,329,2024-08-07,pendiente,3294.2,14,460,691.78,3984.79,debit_card,express,,,2024-08
2007,ORD-20230814-02007,91,2023-08-14,pendiente,2594.42,3,400,544.83,3461.42,debit_card,pickup,,,2023-08
2008,ORD-20240710-02008,247,2024-07-10,procesando,2009.94,19,170,422.09,2220.14,cash_on_delivery,same_day,,,2024-07
2009,ORD-20241013-02009,205,2024-10-13,entregado,239.85,7,340,50.37,613.43,paypal,standard,,,2024-10
2010,ORD-20240331-02010,158,2024-03-31,entregado,3001.95,8,430,630.41,3822.2,paypal,same_day,,,2024-03
2011,ORD-20230729-02011,217,2023-07-29,procesando,4658.3,16,350,978.24,5241.21,debit_card,pickup,,,2023-07
2012,ORD-20250707-02012,105,2025-07-07,procesando,534.43,17,220,112.23,775.81,credit_card,standard,,,2025-07
2013,ORD-20230318-02013,206,2023-03-18,cancelado,3743.51,12,30,786.14,4110.43,credit_card,same_day,,Nota del cliente: Dejar en portería,2023-03
2014,ORD-20240104-02014,157,2024-01-04,enviado,2972.46,15,170,624.22,3320.81,cash_on_delivery,same_day,,,2024-01
2015,ORD-20250519-02015,138,2025-05-19,procesando,40.22,4,70,8.45,117.06,paypal,standard,,,2025-05
2016,ORD-20250201-02016,22,2025-02-01,pendiente,1192.77,10,360,250.48,1683.97,cash_on_delivery,pickup,,,2025-02
2017,ORD-20241029-02017,427,2024-10-29,procesando,1123.99,10,160,236.04,1407.63,credit_card,pickup,7.0,Nota del cliente: Llamar antes,2024-10
2018,ORD-20231214-02018,200,2023-12-14,entregado,399.41,9,410,83.88,857.34,paypal,standard,,,2023-12
2019,ORD-20240514-02019,177,2024-05-14,entregado,5097.17,2,110,1070.41,6175.64,paypal,pickup,,,2024-05
2020,ORD-20230501-02020,415,2023-05-01,entregado,1720.34,14,190,361.27,2030.76,cash_on_delivery,express,,,2023-05
2021,ORD-20240228-02021,230,2024-02-28,procesando,5516.01,17,330,1158.36,6066.65,credit_card,same_day,1.0,Nota del cliente: Entregar por la tarde,2024-02
2022,ORD-20251211-02022,419,2025-12-11,enviado,1342.25,3,180,281.87,1763.85,bank_transfer,standard,2.0,,2025-12
2023,ORD-20230901-02023,484,2023-09-01,entregado,966.18,10,130,202.9,1202.46,credit_card,standard,,,2023-09
2024,ORD-20240726-02024,181,2024-07-26,procesando,5371.58,4,80,1128.03,6364.75,debit_card,pickup,,,2024-07
2025,ORD-20250306-02025,372,2025-03-06,enviado,166.68,8,290,35.0,478.35,credit_card,pickup,,Nota del cliente: Dejar en portería,2025-03
2026,ORD-20231125-02026,171,2023-11-25,pendiente,2599.35,4,340,545.86,3381.24,debit_card,express,,,2023-11
2027,ORD-20240506-02027,162,2024-05-06,cancelado,5157.85,14,220,1083.15,5738.9,debit_card,pickup,,,2024-05
2028,ORD-20241222-02028,481,2024-12-22,enviado,4495.14,2,380,943.98,5729.22,cash_on_delivery,standard,2.0,,2024-12
2029,ORD-20251118-02029,497,2025-11-18,procesando,2219.52,18,120,466.1,2406.11,credit_card,express,,,2025-11
2030,ORD-20250320-02030,397,2025-03-20,cancelado,1609.78,9,220,338.05,2022.95,debit_card,express,,,2025-03
2031,ORD-20250613-02031,225,2025-06-13,cancelado,686.19,5,370,144.1,1165.98,debit_card,standard,,Nota del cliente: Entregar por la tarde,2025-06
2032,ORD-20230910-02032,266,2023-09-10,procesando,751.58,1,120,157.83,1021.89,paypal,standard,,Nota del cliente: Envolver para regalo,2023-09
2033,ORD-20230915-02033,468,2023-09-15,cancelado,1655.96,6,260,347.75,2164.35,bank_transfer,pickup,10.0,,2023-09
2034,ORD-20230529-02034,436,2023-05-29,enviado,2836.29,7,410,595.62,3643.37,paypal,express,,,2023-05
2035,ORD-20231214-02035,36,2023-12-14,cancelado,821.27,3,200,172.47,1169.1,bank_transfer,express,,,2023-12
2036,ORD-20240524-02036,415,2024-05-24,entregado,504.67,20,100,105.98,609.72,debit_card,express,8.0,Nota del cliente: Entregar por la tarde,2024-05
2037,ORD-20250210-02037,436,2025-02-10,cancelado,4548.2,11,370,955.12,5373.02,debit_card,express,,,2025-02
2038,ORD-20230727-02038,151,2023-07-27,procesando,3227.4,16,90,677.75,3478.77,bank_transfer,same_day,,,2023-07
2039,ORD-20240624-02039,138,2024-06-24,pendiente,5390.56,7,80,1132.02,6225.24,cash_on_delivery,standard,,,2024-06
2040,ORD-20240707-02040,132,2024-07-07,entregado,1915.29,4,210,402.21,2450.89,bank_transfer,standard,,,2024-07
2041,ORD-20231231-02041,68,2023-12-31,pendiente,1744.73,12,110,366.39,2011.75,cash_on_delivery,pickup,5.0,,2023-12
2042,ORD-20251127-02042,476,2025-11-27,enviado,4019.48,14,110,844.09,4410.84,cash_on_delivery,standard,,,2025-11
2043,ORD-20241125-02043,250,2024-11-25,cancelado,4009.53,19,260,842.0,4349.72,paypal,same_day,,,2024-11
2044,ORD-20240907-02044,432,2024-09-07,enviado,2196.24,19,320,461.21,2560.16,credit_card,standard,,,2024-09
2045,ORD-20251110-02045,287,2025-11-10,enviado,5942.75,8,130,1247.98,6845.31,cash_on_delivery,express,,Nota del cliente: Dejar en portería,2025-11
2046,ORD-20231104-02046,154,2023-11-04,cancelado,1977.58,13,150,415.29,2285.78,credit_card,pickup,,Nota del cliente: Entregar por la tarde,2023-11
2047,ORD-20230819-02047,488,2023-08-19,entregado,2397.05,12,310,503.38,2922.78,credit_card,pickup,,,2023-08
2048,ORD-20230602-02048,279,2023-06-02,pendiente,850.65,15,360,178.64,1261.69,credit_card,pickup,8.0,,2023-06
2049,ORD-20240504-02049,450,2024-05-04,pendiente,3552.3,7,500,745.98,4549.62,cash_on_delivery,same_day,10.0,,2024-05
2050,ORD-20251130-02050,28,2025-11-30,cancelado,1927.9,20,400,404.86,2347.18,bank_transfer,standard,,,2025-11
2051,ORD-20230627-02051,324,2023-06-27,pendiente,2649.28,10,420,556.35,3360.7,debit_card,same_day,2.0,,2023-06
2052,ORD-20240516-02052,135,2024-05-16,pendiente,4366.67,8,410,917.0,5344.34,credit_card,same_day,,Nota del cliente: Dejar en portería,2024-05
2053,ORD-20250327-02053,228,2025-03-27,pendiente,1919.5,1,440,403.1,2743.41,debit_card,pickup,2.0,,2025-03
2054,ORD-20240217-02054,113,2024-02-17,entregado,1407.52,3,460,295.58,2120.87,bank_transfer,same_day,9.0,,2024-02
2055,ORD-20241114-02055,323,2024-11-14,pendiente,879.54,16,210,184.7,1133.51,bank_transfer,pickup,,,2024-11
2056,ORD-20250929-02056,6,2025-09-29,entregado,1693.06,4,450,355.54,2430.88,debit_card,standard,,,2025-09
2057,ORD-20250818-02057,273,2025-08-18,entregado,3168.84,17,300,665.46,3595.6,debit_card,standard,,,2025-08
2058,ORD-20230126-02058,165,2023-01-26,enviado,563.03,11,360,118.24,979.34,debit_card,pickup,,,2023-01
2059,ORD-20250108-02059,11,2025-01-08,entregado,404.34,20,250,84.91,658.38,paypal,standard,,,2025-01
2060,ORD-20250813-02060,322,2025-08-13,cancelado,2117.78,9,120,444.73,2491.91,bank_transfer,express,8.0,,2025-08
2061,ORD-20240305-02061,111,2024-03-05,cancelado,149.45,6,110,31.38,281.86,paypal,pickup,6.0,,2024-03
2062,ORD-20230721-02062,254,2023-07-21,pendiente,3348.89,20,450,703.27,3832.38,cash_on_delivery,same_day,,Nota del cliente: Llamar antes,2023-07
2063,ORD-20250316-02063,124,2025-03-16,entregado,902.18,0,110,189.46,1201.64,credit_card,pickup,5.0,,2025-03
2064,ORD-20240425-02064,1,2024-04-25,entregado,2226.51,0,370,467.57,3064.08,cash_on_delivery,pickup,3.0,,2024-04
2065,ORD-20240319-02065,290,2024-03-19,enviado,3284.38,17,250,689.72,3665.76,paypal,express,,,2024-03
2066,ORD-20231207-02066,140,2023-12-07,enviado,4250.66,19,140,892.64,4475.67,cash_on_delivery,pickup,,,2023-12
2067,ORD-20250809-02067,92,2025-08-09,pendiente,3493.59,4,240,733.65,4327.5,bank_transfer,express,,,2025-08
2068,ORD-20250517-02068,387,2025-05-17,pendiente,533.52,20,490,112.04,1028.86,cash_on_delivery,same_day,,,2025-05
2069,ORD-20230422-02069,422,2023-04-22,cancelado,163.04,2,70,34.24,264.02,cash_on_delivery,same_day,,,2023-04
2070,ORD-20240130-02070,403,2024-01-30,entregado,1553.54,5,360,326.24,2162.1,debit_card,express,,Nota del cliente: Envolver para regalo,2024-01
2071,ORD-20241120-02071,176,2024-11-20,cancelado,1770.72,11,420,371.85,2367.79,debit_card,express,6.0,,2024-11
2072,ORD-20250309-02072,278,2025-03-09,enviado,300.33,17,120,63.07,432.34,cash_on_delivery,standard,,,2025-03
2073,ORD-20250619-02073,39,2025-06-19,pendiente,2537.75,5,470,532.93,3413.79,paypal,standard,,,2025-06
2074,ORD-20230330-02074,424,2023-03-30,entregado,401.8,1,380,84.38,862.16,debit_card,express,,,2023-03
2075,ORD-20250807-02075,415,2025-08-07,entregado,5614.89,1,500,1179.13,7237.87,paypal,express,,,2025-08
2076,ORD-20230805-02076,179,2023-08-05,entregado,2130.29,17,320,447.36,2535.5,cash_on_delivery,same_day,,,2023-08
2077,ORD-20240810-02077,159,2024-08-10,procesando,2036.55,6,460,427.68,2802.04,debit_card,standard,,,2024-08
2078,ORD-20250829-02078,303,2025-08-29,entregado,4284.82,0,110,899.81,5294.63,paypal,pickup,3.0,,2025-08
2079,ORD-20250916-02079,449,2025-09-16,pendiente,3818.8,12,110,801.95,4272.49,cash_on_delivery,express,,,2025-09
2080,ORD-20240103-02080,489,2024-01-03,procesando,2814.3,12,340,591.0,3407.58,cash_on_delivery,standard,,,2024-01
2081,ORD-20231029-02081,266,2023-10-29,enviado,1117.98,8,140,234.78,1403.32,cash_on_delivery,same_day,,,2023-10
2082,ORD-20250525-02082,384,2025-05-25,pendiente,629.96,5,280,132.29,1010.75,debit_card,pickup,1.0,,2025-05
2083,ORD-20250410-02083,424,2025-04-10,cancelado,760.52,1,360,159.71,1272.62,cash_on_delivery,same_day,,,2025-04
2084,ORD-20250919-02084,457,2025-09-19,entregado,1949.56,1,70,409.41,2409.47,cash_on_delivery,express,1.0,,2025-09
2085,ORD-20250311-02085,34,2025-03-11,cancelado,2104.05,8,490,441.85,2867.58,bank_transfer,standard,,,2025-03
2086,ORD-20230826-02086,1,2023-08-26,cancelado,3248.02,4,110,682.08,3910.18,credit_card,pickup,,,2023-08
2087,ORD-20250928-02087,358,2025-09-28,procesando,3322.24,9,360,697.67,4080.91,paypal,express,,,2025-09
2088,ORD-20230429-02088,148,2023-04-29,pendiente,1835.18,1,450,385.39,2652.22,debit_card,standard,,,2023-04
2089,ORD-20250917-02089,10,2025-09-17,cancelado,2196.13,5,160,461.19,2707.51,paypal,express,,Nota del cliente: Entregar por la tarde,2025-09
2090,ORD-20240728-02090,475,2024-07-28,pendiente,1381.72,19,70,290.16,1479.35,paypal,standard,,,2024-07
2091,ORD-20240611-02091,356,2024-06-11,entregado,1110.29,4,170,233.16,1469.04,cash_on_delivery,express,1.0,,2024-06
2092,ORD-20250706-02092,125,2025-07-06,enviado,5081.18,4,160,1067.05,6104.98,paypal,same_day,,,2025-07
2093,ORD-20231106-02093,240,2023-11-06,pendiente,1300.65,13,230,273.14,1634.71,credit_card,same_day,,,2023-11
2094,ORD-20241020-02094,236,2024-10-20,procesando,4839.84,14,50,1016.37,5228.63,credit_card,express,,,2024-10
2095,ORD-20240309-02095,279,2024-03-09,pendiente,3712.6,18,160,779.65,3983.98,debit_card,express,,Nota del cliente: Llamar antes,2024-03
2096,ORD-20251206-02096,353,2025-12-06,cancelado,2838.03,8,430,595.99,3636.98,debit_card,pickup,,,2025-12
2097,ORD-20250910-02097,153,2025-09-10,entregado,1517.49,2,10,318.67,1815.81,cash_on_delivery,same_day,,,2025-09
2098,ORD-20230728-02098,330,2023-07-28,procesando,2268.3,4,30,476.34,2683.91,credit_card,same_day,,Nota del cliente: Entregar por la tarde,2023-07
2099,ORD-20230101-02099,248,2023-01-01,pendiente,4935.89,1,150,1036.54,6073.07,debit_card,pickup,4.0,,2023-01
2100,ORD-20240730-02100,7,2024-07-30,entregado,529.84,0,120,111.27,761.11,credit_card,express,8.0,Nota del cliente: Llamar antes,2024-07
2101,ORD-20251119-02101,24,2025-11-19,procesando,3026.26,16,180,635.51,3357.57,debit_card,express,,,2025-11
2102,ORD-20250531-02102,18,2025-05-31,entregado,1022.02,9,480,214.62,1624.66,cash_on_delivery,same_day,,,2025-05
2103,ORD-20230908-02103,122,2023-09-08,procesando,1903.93,5,480,399.83,2688.56,bank_transfer,same_day,,,2023-09
2104,ORD-20250205-02104,376,2025-02-05,pendiente,5136.36,1,220,1078.64,6383.64,cash_on_delivery,standard,7.0,,2025-02
2105,ORD-20240207-02105,270,2024-02-07,cancelado,4642.33,17,50,974.89,4878.02,cash_on_delivery,express,,,2024-02
2106,ORD-20250711-02106,124,2025-07-11,pendiente,2310.16,5,500,485.13,3179.78,paypal,pickup,3.0,,2025-07
2107,ORD-20251127-02107,417,2025-11-27,entregado,1185.81,10,100,249.02,1416.25,paypal,pickup,5.0,,2025-11
2108,ORD-20241102-02108,227,2024-11-02,cancelado,2203.71,0,230,462.78,2896.49,paypal,express,2.0,,2024-11
2109,ORD-20250504-02109,291,2025-05-04,entregado,1142.39,16,490,239.9,1689.51,paypal,same_day,,,2025-05
2110,ORD-20230710-02110,281,2023-07-10,enviado,1925.43,3,420,404.34,2692.01,paypal,pickup,,,2023-07
2111,ORD-20230306-02111,107,2023-03-06,procesando,901.74,14,400,189.37,1364.87,debit_card,standard,,Nota del cliente: Envolver para regalo,2023-03
2112,ORD-20231102-02112,124,2023-11-02,procesando,1515.84,16,470,318.33,2061.64,credit_card,pickup,,Nota del cliente: Entregar por la tarde,2023-11
2113,ORD-20230818-02113,348,2023-08-18,procesando,103.56,16,360,21.75,468.74,paypal,standard,,,2023-08
2114,ORD-20250225-02114,110,2025-02-25,cancelado,2093.67,10,110,439.67,2433.97,bank_transfer,pickup,,,2025-02
2115,ORD-20250223-02115,297,2025-02-23,pendiente,1995.71,13,410,419.1,2565.37,bank_transfer,pickup,,,2025-02
2116,ORD-20240930-02116,158,2024-09-30,enviado,4575.28,0,190,960.81,5726.09,cash_on_delivery,express,,,2024-09
2117,ORD-20230119-02117,269,2023-01-19,entregado,955.83,16,490,200.72,1493.62,credit_card,express,,Nota del cliente: Llamar antes,2023-01
2118,ORD-20241209-02118,412,2024-12-09,pendiente,3745.03,8,460,786.46,4691.89,cash_on_delivery,standard,,,2024-12
2119,ORD-20241201-02119,296,2024-12-01,procesando,5311.54,11,60,1115.42,5902.69,cash_on_delivery,same_day,,,2024-12
2120,ORD-20251216-02120,318,2025-12-16,procesando,3093.92,12,450,649.72,3822.37,cash_on_delivery,standard,,,2025-12
2121,ORD-20241019-02121,493,2024-10-19,cancelado,2301.44,7,310,483.3,2933.64,credit_card,same_day,,,2024-10
2122,ORD-20250917-02122,133,2025-09-17,cancelado,2823.72,1,20,592.98,3408.46,paypal,standard,9.0,,2025-09
2123,ORD-20240715-02123,100,2024-07-15,entregado,1325.22,14,230,278.3,1647.99,credit_card,pickup,,,2024-07
2124,ORD-20240316-02124,186,2024-03-16,procesando,1924.85,9,110,404.22,2265.83,bank_transfer,express,,,2024-03
2125,ORD-20250930-02125,30,2025-09-30,procesando,3799.11,14,280,797.81,4345.04,cash_on_delivery,pickup,,Nota del cliente: Dejar en portería,2025-09
2126,ORD-20230428-02126,47,2023-04-28,pendiente,662.45,10,500,139.11,1235.32,credit_card,standard,,,2023-04
2127,ORD-20251115-02127,353,2025-11-15,procesando,3793.67,1,50,796.67,4602.4,credit_card,standard,,,2025-11
2128,ORD-20250915-02128,372,2025-09-15,entregado,962.38,18,10,202.1,1001.25,bank_transfer,standard,,,2025-09
2129,ORD-20230902-02129,233,2023-09-02,enviado,2541.5,19,130,533.72,2722.34,credit_card,express,10.0,,2023-09
2130,ORD-20251105-02130,429,2025-11-05,enviado,2566.67,4,150,539.0,3153.0,debit_card,standard,,,2025-11
2131,ORD-20240527-02131,435,2024-05-27,pendiente,3705.07,17,440,778.06,4293.27,paypal,standard,,,2024-05
2132,ORD-20240314-02132,208,2024-03-14,entregado,1972.54,5,310,414.23,2598.14,cash_on_delivery,express,8.0,,2024-03
2133,ORD-20230820-02133,376,2023-08-20,cancelado,4105.08,3,320,862.07,5164.0,bank_transfer,express,8.0,,2023-08
2134,ORD-20241120-02134,435,2024-11-20,cancelado,6050.35,10,240,1270.57,6955.89,debit_card,same_day,,,2024-11
2135,ORD-20240411-02135,314,2024-04-11,enviado,801.93,2,270,168.41,1224.3,paypal,pickup,,,2024-04
2136,ORD-20251112-02136,181,2025-11-12,procesando,1784.8,9,190,374.81,2188.98,debit_card,same_day,1.0,Nota del cliente: Envolver para regalo,2025-11
2137,ORD-20250126-02137,37,2025-01-26,pendiente,3348.54,18,360,703.19,3808.99,cash_on_delivery,same_day,,,2025-01
2138,ORD-20230315-02138,390,2023-03-15,enviado,2115.94,16,260,444.35,2481.74,paypal,same_day,,,2023-03
2139,ORD-20250725-02139,336,2025-07-25,cancelado,2721.35,13,260,571.48,3199.05,bank_transfer,same_day,,,2025-07
2140,ORD-20241207-02140,389,2024-12-07,cancelado,1330.5,18,180,279.41,1550.42,paypal,same_day,,,2024-12
2141,ORD-20241026-02141,480,2024-10-26,entregado,3217.27,19,120,675.63,3401.62,debit_card,standard,,,2024-10
2142,ORD-20231222-02142,376,2023-12-22,cancelado,1907.6,10,290,400.6,2407.44,debit_card,standard,,,2023-12
2143,ORD-20231011-02143,191,2023-10-11,cancelado,950.9,4,260,199.69,1372.55,paypal,pickup,8.0,,2023-10
2144,ORD-20250625-02144,466,2025-06-25,procesando,359.2,19,30,75.43,396.38,cash_on_delivery,standard,7.0,,2025-06
2145,ORD-20231120-02145,349,2023-11-20,cancelado,3487.88,1,300,732.45,4485.45,credit_card,same_day,,,2023-11
2146,ORD-20240626-02146,497,2024-06-26,procesando,3387.27,3,30,711.33,4026.98,debit_card,same_day,,,2024-06
2147,ORD-20251019-02147,279,2025-10-19,enviado,2885.75,17,450,606.01,3451.18,bank_transfer,same_day,7.0,Nota del cliente: Llamar antes,2025-10
2148,ORD-20251107-02148,275,2025-11-07,cancelado,673.5,14,430,141.44,1150.65,credit_card,same_day,5.0,,2025-11
2149,ORD-20230801-02149,7,2023-08-01,entregado,421.77,0,120,88.57,630.34,credit_card,express,,,2023-08
2150,ORD-20230610-02150,103,2023-06-10,entregado,1228.32,7,160,257.95,1560.29,cash_on_delivery,express,,,2023-06
2151,ORD-20231218-02151,8,2023-12-18,procesando,3030.3,10,50,636.36,3413.63,bank_transfer,express,,Nota del cliente: Envolver para regalo,2023-12
2152,ORD-20250205-02152,145,2025-02-05,procesando,5426.3,17,30,1139.52,5673.35,bank_transfer,express,,,2025-02
2153,ORD-20240622-02153,274,2024-06-22,entregado,4288.26,19,230,900.53,4604.02,cash_on_delivery,same_day,,Nota del cliente: Llamar antes,2024-06
2154,ORD-20230426-02154,36,2023-04-26,procesando,4101.34,10,30,861.28,4582.49,paypal,same_day,,,2023-04
2155,ORD-20240504-02155,170,2024-05-04,pendiente,5281.08,2,150,1109.03,6434.49,debit_card,pickup,,,2024-05
2156,ORD-20230817-02156,473,2023-08-17,pendiente,4638.86,18,240,974.16,5018.03,paypal,pickup,1.0,,2023-08
2157,ORD-20240101-02157,461,2024-01-01,cancelado,1168.38,1,160,245.36,1562.06,bank_transfer,same_day,2.0,,2024-01
2158,ORD-20250805-02158,141,2025-08-05,entregado,2737.39,17,450,574.85,3296.88,credit_card,pickup,,,2025-08
2159,ORD-20250317-02159,284,2025-03-17,procesando,704.64,10,160,147.97,942.15,cash_on_delivery,standard,7.0,,2025-03
2160,ORD-20230205-02160,324,2023-02-05,pendiente,2386.38,14,30,501.14,2583.43,cash_on_delivery,express,,Nota del cliente: Llamar antes,2023-02
2161,ORD-20241121-02161,335,2024-11-21,pendiente,306.81,4,280,64.43,638.97,cash_on_delivery,pickup,,,2024-11
2162,ORD-20250406-02162,38,2025-04-06,procesando,3021.3,2,130,634.47,3725.34,bank_transfer,standard,,,2025-04
2163,ORD-20240811-02163,271,2024-08-11,procesando,1390.38,8,410,291.98,1981.13,bank_transfer,pickup,,,2024-08
2164,ORD-20241216-02164,123,2024-12-16,procesando,1308.69,8,360,274.82,1838.81,bank_transfer,standard,,,2024-12
2165,ORD-20251207-02165,335,2025-12-07,enviado,581.0,11,100,122.01,739.1,debit_card,standard,,,2025-12
2166,ORD-20250303-02166,251,2025-03-03,pendiente,797.88,1,190,167.55,1147.45,paypal,pickup,,,2025-03
2167,ORD-20251217-02167,341,2025-12-17,procesando,1913.23,15,420,401.78,2448.03,debit_card,standard,,,2025-12
2168,ORD-20230903-02168,19,2023-09-03,pendiente,2542.96,0,140,534.02,3216.98,credit_card,pickup,8.0,,2023-09
2169,ORD-20240103-02169,241,2024-01-03,entregado,722.54,8,40,151.73,856.47,credit_card,standard,,,2024-01
2170,ORD-20250927-02170,205,2025-09-27,entregado,3743.53,14,290,786.14,4295.58,credit_card,standard,4.0,,2025-09
2171,ORD-20240113-02171,193,2024-01-13,pendiente,264.98,14,410,55.65,693.53,paypal,express,2.0,Nota del cliente: Envolver para regalo,2024-01
2172,ORD-20250920-02172,406,2025-09-20,entregado,4125.8,9,50,866.42,4670.9,paypal,pickup,5.0,,2025-09
2173,ORD-20250729-02173,309,2025-07-29,cancelado,260.24,8,480,54.65,774.07,credit_card,express,1.0,,2025-07
2174,ORD-20231013-02174,466,2023-10-13,pendiente,1966.12,10,120,412.89,2302.4,bank_transfer,same_day,,,2023-10
2175,ORD-20241210-02175,281,2024-12-10,cancelado,157.5,13,130,33.08,300.11,bank_transfer,pickup,5.0,,2024-12
2176,ORD-20250501-02176,71,2025-05-01,enviado,1307.85,7,480,274.65,1970.95,cash_on_delivery,standard,2.0,,2025-05
2177,ORD-20240609-02177,402,2024-06-09,enviado,146.18,17,90,30.7,242.03,bank_transfer,standard,,,2024-06
2178,ORD-20240420-02178,207,2024-04-20,entregado,2358.68,5,270,495.32,3006.07,cash_on_delivery,same_day,,,2024-04
2179,ORD-20231106-02179,289,2023-11-06,cancelado,138.76,7,220,29.14,378.19,credit_card,pickup,,,2023-11
2180,ORD-20240204-02180,426,2024-02-04,cancelado,2081.22,2,250,437.06,2726.66,bank_transfer,standard,,,2024-02
2181,ORD-20250129-02181,421,2025-01-29,pendiente,4498.56,6,270,944.7,5443.35,credit_card,standard,,,2025-01
2182,ORD-20230213-02182,261,2023-02-13,cancelado,3782.17,1,280,794.26,4818.61,bank_transfer,express,,,2023-02
2183,ORD-20241223-02183,66,2024-12-23,entregado,4269.15,11,450,896.52,5146.06,bank_transfer,standard,,,2024-12
2184,ORD-20230202-02184,401,2023-02-02,enviado,472.5,9,440,99.23,969.21,debit_card,express,,,2023-02
2185,ORD-20240205-02185,240,2024-02-05,entregado,2395.16,1,80,502.98,2954.19,paypal,express,,Nota del cliente: Dejar en portería,2024-02
2186,ORD-20250714-02186,274,2025-07-14,procesando,1888.06,4,160,396.49,2369.03,bank_transfer,pickup,,,2025-07
2187,ORD-20251102-02187,453,2025-11-02,pendiente,240.42,7,380,50.49,654.08,paypal,same_day,,,2025-11
2188,ORD-20241216-02188,358,2024-12-16,pendiente,3014.85,1,140,633.12,3757.82,paypal,standard,,,2024-12
2189,ORD-20240905-02189,227,2024-09-05,cancelado,1040.45,19,70,218.49,1131.25,credit_card,standard,,,2024-09
2190,ORD-20241102-02190,331,2024-11-02,procesando,5161.74,17,20,1083.97,5388.21,debit_card,express,9.0,,2024-11
2191,ORD-20250712-02191,35,2025-07-12,procesando,1652.25,10,390,346.97,2224.0,bank_transfer,pickup,,,2025-07
2192,ORD-20240613-02192,406,2024-06-13,entregado,2140.55,10,470,449.52,2846.02,paypal,pickup,,,2024-06
2193,ORD-20240206-02193,72,2024-02-06,entregado,3029.27,18,140,636.15,3260.15,bank_transfer,express,3.0,,2024-02
2194,ORD-20240418-02194,411,2024-04-18,enviado,2038.04,0,360,427.99,2826.03,paypal,standard,,,2024-04
2195,ORD-20230304-02195,427,2023-03-04,entregado,2786.56,3,410,585.18,3698.14,bank_transfer,same_day,,Nota del cliente: Entregar por la tarde,2023-03
2196,ORD-20230211-02196,129,2023-02-11,pendiente,3628.18,7,10,761.92,4146.13,debit_card,pickup,,,2023-02
2197,ORD-20230716-02197,200,2023-07-16,enviado,3818.2,17,430,801.82,4400.93,credit_card,express,,,2023-07
2198,ORD-20231007-02198,232,2023-10-07,enviado,2175.13,20,450,456.78,2646.88,paypal,pickup,,,2023-10
2199,ORD-20240909-02199,176,2024-09-09,pendiente,519.36,7,330,109.07,922.07,paypal,express,9.0,,2024-09
2200,ORD-20241016-02200,86,2024-10-16,entregado,5656.35,13,310,1187.83,6418.85,debit_card,same_day,,,2024-10
2201,ORD-20241125-02201,237,2024-11-25,procesando,3873.25,20,120,813.38,4031.98,debit_card,pickup,,,2024-11
2202,ORD-20230730-02202,44,2023-07-30,entregado,1888.49,14,320,396.58,2340.68,debit_card,same_day,,Nota del cliente: Entregar por la tarde,2023-07
2203,ORD-20241114-02203,34,2024-11-14,enviado,1443.4,10,90,303.11,1692.17,cash_on_delivery,pickup,,,2024-11
2204,ORD-20240630-02204,3,2024-06-30,enviado,2332.08,9,140,489.74,2751.93,bank_transfer,pickup,,,2024-06
2205,ORD-20240123-02205,47,2024-01-23,pendiente,780.39,18,420,163.88,1223.8,paypal,pickup,,Nota del cliente: Dejar en portería,2024-01
2206,ORD-20251026-02206,331,2025-10-26,cancelado,1189.53,6,300,249.8,1667.96,debit_card,same_day,,,2025-10
2207,ORD-20240115-02207,115,2024-01-15,procesando,2367.38,16,270,497.15,2755.75,debit_card,express,2.0,,2024-01
2208,ORD-20250528-02208,174,2025-05-28,entregado,2710.67,11,480,569.24,3461.74,cash_on_delivery,same_day,,,2025-05
2209,ORD-20230316-02209,357,2023-03-16,pendiente,2478.88,1,60,520.56,3034.65,cash_on_delivery,same_day,,,2023-03
2210,ORD-20230323-02210,62,2023-03-23,procesando,2837.65,18,160,595.91,3082.78,paypal,standard,,,2023-03
2211,ORD-20230509-02211,387,2023-05-09,enviado,2718.54,9,310,570.89,3354.76,bank_transfer,same_day,,,2023-05
2212,ORD-20240728-02212,418,2024-07-28,enviado,5614.29,6,30,1179.0,6486.43,debit_card,standard,,,2024-07
2213,ORD-20240731-02213,347,2024-07-31,procesando,3090.99,20,290,649.11,3411.9,credit_card,express,5.0,,2024-07
2214,ORD-20250903-02214,271,2025-09-03,pendiente,64.44,9,90,13.53,162.17,bank_transfer,pickup,7.0,,2025-09
2215,ORD-20251102-02215,369,2025-11-02,entregado,241.8,18,180,50.78,429.06,credit_card,same_day,,,2025-11
2216,ORD-20241022-02216,55,2024-10-22,enviado,2960.79,6,220,621.77,3624.91,cash_on_delivery,express,,Nota del cliente: Dejar en portería,2024-10
2217,ORD-20240912-02217,212,2024-09-12,procesando,875.17,6,480,183.79,1486.45,bank_transfer,express,,,2024-09
2218,ORD-20230212-02218,264,2023-02-12,enviado,1076.88,4,320,226.14,1579.94,bank_transfer,same_day,,,2023-02
2219,ORD-20250820-02219,175,2025-08-20,procesando,3074.67,12,350,645.68,3701.39,cash_on_delivery,express,,,2025-08
2220,ORD-20240829-02220,17,2024-08-29,enviado,2372.98,8,160,498.33,2841.47,debit_card,express,,,2024-08
2221,ORD-20230310-02221,138,2023-03-10,cancelado,1569.22,20,130,329.54,1714.92,paypal,express,,,2023-03
2222,ORD-20230220-02222,379,2023-02-20,pendiente,133.38,8,200,28.01,350.72,paypal,express,,,2023-02
2223,ORD-20231218-02223,420,2023-12-18,pendiente,1831.1,4,260,384.53,2402.39,cash_on_delivery,express,3.0,,2023-12
2224,ORD-20230327-02224,425,2023-03-27,procesando,989.6,13,190,207.82,1258.77,bank_transfer,same_day,,,2023-03
2225,ORD-20240814-02225,498,2024-08-14,entregado,3784.1,17,10,794.66,3945.46,cash_on_delivery,standard,,,2024-08
2226,ORD-20230913-02226,298,2023-09-13,cancelado,725.54,15,60,152.36,829.07,credit_card,standard,,,2023-09
2227,ORD-20231213-02227,146,2023-12-13,procesando,3304.29,13,260,693.9,3828.63,bank_transfer,pickup,4.0,Nota del cliente: Dejar en portería,2023-12
2228,ORD-20240920-02228,338,2024-09-20,pendiente,1074.81,15,420,225.71,1559.3,paypal,same_day,,,2024-09
2229,ORD-20240901-02229,160,2024-09-01,enviado,2197.14,15,300,461.4,2628.97,paypal,same_day,,Nota del cliente: Envolver para regalo,2024-09
2230,ORD-20230219-02230,455,2023-02-19,pendiente,3525.36,12,320,740.33,4162.65,credit_card,pickup,,,2023-02
2231,ORD-20240419-02231,494,2024-04-19,enviado,7266.4,17,220,1525.94,7777.05,debit_card,same_day,,Nota del cliente: Entregar por la tarde,2024-04
2232,ORD-20250410-02232,147,2025-04-10,enviado,260.13,18,210,54.63,477.94,bank_transfer,standard,,,2025-04
2233,ORD-20241129-02233,425,2024-11-29,procesando,2357.25,13,180,495.02,2725.83,debit_card,express,10.0,,2024-11
2234,ORD-20250923-02234,310,2025-09-23,entregado,1928.98,4,190,405.09,2446.91,bank_transfer,standard,,,2025-09
2235,ORD-20230911-02235,217,2023-09-11,enviado,2382.98,16,380,500.43,2882.13,bank_transfer,same_day,,,2023-09
2236,ORD-20251021-02236,260,2025-10-21,procesando,1607.14,6,500,337.5,2348.21,paypal,standard,7.0,Nota del cliente: Envolver para regalo,2025-10
2237,ORD-20230909-02237,464,2023-09-09,pendiente,2492.38,13,440,523.4,3131.77,bank_transfer,same_day,10.0,,2023-09
2238,ORD-20240124-02238,186,2024-01-24,cancelado,1974.13,17,420,414.57,2473.1,cash_on_delivery,standard,,,2024-01
2239,ORD-20240531-02239,345,2024-05-31,cancelado,2212.67,7,40,464.66,2562.44,paypal,express,,Nota del cliente: Dejar en portería,2024-05
2240,ORD-20240517-02240,409,2024-05-17,entregado,1298.4,13,250,272.66,1652.27,cash_on_delivery,standard,5.0,Nota del cliente: Envolver para regalo,2024-05
2241,ORD-20250906-02241,447,2025-09-06,enviado,2480.41,11,10,520.89,2738.45,bank_transfer,standard,,,2025-09
2242,ORD-20241214-02242,370,2024-12-14,procesando,600.66,0,260,126.14,986.8,credit_card,standard,1.0,,2024-12
2243,ORD-20230422-02243,50,2023-04-22,entregado,2591.74,5,50,544.27,3056.42,cash_on_delivery,pickup,,,2023-04
2244,ORD-20241222-02244,496,2024-12-22,procesando,1696.36,15,160,356.24,1958.15,debit_card,pickup,,,2024-12
2245,ORD-20231014-02245,379,2023-10-14,pendiente,4955.2,10,250,1040.59,5750.27,debit_card,same_day,,,2023-10
2246,ORD-20250926-02246,208,2025-09-26,procesando,4196.14,13,180,881.19,4711.83,paypal,express,,,2025-09
2247,ORD-20240327-02247,244,2024-03-27,cancelado,2993.29,9,130,628.59,3482.48,credit_card,standard,10.0,Nota del cliente: Dejar en portería,2024-03
2248,ORD-20240918-02248,309,2024-09-18,entregado,1298.14,20,430,272.61,1741.12,bank_transfer,express,,,2024-09
2249,ORD-20250207-02249,463,2025-02-07,pendiente,2882.87,2,160,605.4,3590.61,debit_card,express,,,2025-02
2250,ORD-20250926-02250,247,2025-09-26,pendiente,94.95,4,90,19.94,201.09,paypal,pickup,,Nota del cliente: Dejar en portería,2025-09
2251,ORD-20240529-02251,488,2024-05-29,pendiente,1903.7,2,120,399.78,2385.41,cash_on_delivery,pickup,,,2024-05
2252,ORD-20250214-02252,470,2025-02-14,procesando,1188.8,13,340,249.65,1623.91,cash_on_delivery,pickup,,,2025-02
2253,ORD-20240129-02253,210,2024-01-29,enviado,2793.79,16,210,586.7,3143.48,credit_card,same_day,10.0,,2024-01
2254,ORD-20241022-02254,205,2024-10-22,enviado,4927.41,18,80,1034.76,5155.24,paypal,express,3.0,,2024-10
2255,ORD-20250905-02255,465,2025-09-05,enviado,4124.13,1,40,866.07,4988.96,paypal,pickup,5.0,,2025-09
2256,ORD-20241017-02256,333,2024-10-17,enviado,2757.1,15,310,578.99,3232.53,cash_on_delivery,express,1.0,,2024-10
2257,ORD-20240807-02257,78,2024-08-07,cancelado,1626.66,2,400,341.6,2335.73,paypal,pickup,,,2024-08
2258,ORD-20241003-02258,37,2024-10-03,cancelado,4495.39,14,500,944.03,5310.07,paypal,express,4.0,,2024-10
2259,ORD-20231001-02259,477,2023-10-01,cancelado,638.42,19,130,134.07,781.19,bank_transfer,standard,2.0,,2023-10
2260,ORD-20250314-02260,446,2025-03-14,entregado,5488.73,17,110,1152.63,5818.28,paypal,standard,,,2025-03
2261,ORD-20230425-02261,337,2023-04-25,cancelado,1297.77,2,390,272.53,1934.34,bank_transfer,pickup,,,2023-04
2262,ORD-20250120-02262,466,2025-01-20,cancelado,1545.54,20,110,324.56,1670.99,paypal,standard,7.0,Nota del cliente: Llamar antes,2025-01
2263,ORD-20230312-02263,442,2023-03-12,pendiente,2668.27,19,260,560.34,2981.64,paypal,same_day,9.0,,2023-03
2264,ORD-20230624-02264,56,2023-06-24,pendiente,721.16,4,430,151.44,1273.75,bank_transfer,same_day,,,2023-06
2265,ORD-20241212-02265,334,2024-12-12,procesando,24.45,15,10,5.13,35.91,debit_card,same_day,,,2024-12
2266,ORD-20231009-02266,173,2023-10-09,entregado,4137.07,20,220,868.78,4398.44,cash_on_delivery,same_day,10.0,,2023-10
2267,ORD-20240802-02267,350,2024-08-02,entregado,4569.3,9,490,959.55,5607.61,bank_transfer,same_day,,,2024-08
2268,ORD-20240418-02268,106,2024-04-18,pendiente,2646.9,3,400,555.85,3523.34,credit_card,express,,,2024-04
2269,ORD-20241212-02269,288,2024-12-12,pendiente,1966.17,6,210,412.9,2471.1,credit_card,pickup,7.0,,2024-12
2270,ORD-20240624-02270,163,2024-06-24,enviado,2807.19,16,370,589.51,3317.55,debit_card,same_day,10.0,,2024-06
2271,ORD-20241230-02271,147,2024-12-30,entregado,3238.3,3,290,680.04,4111.19,debit_card,same_day,5.0,,2024-12
2272,ORD-20251006-02272,60,2025-10-06,enviado,3523.73,0,320,739.98,4583.71,debit_card,pickup,,,2025-10
2273,ORD-20230710-02273,391,2023-07-10,pendiente,1940.97,19,150,407.6,2129.79,credit_card,same_day,,Nota del cliente: Dejar en portería,2023-07
2274,ORD-20230530-02274,97,2023-05-30,enviado,2640.74,10,420,554.56,3351.23,bank_transfer,pickup,,,2023-05
2275,ORD-20241018-02275,59,2024-10-18,pendiente,2498.18,16,400,524.62,3023.09,bank_transfer,same_day,,,2024-10
2276,ORD-20231001-02276,27,2023-10-01,enviado,3923.49,2,180,823.93,4848.95,cash_on_delivery,standard,,,2023-10
2277,ORD-20251126-02277,330,2025-11-26,procesando,2463.3,9,290,517.29,3048.89,cash_on_delivery,express,,,2025-11
2278,ORD-20251023-02278,295,2025-10-23,entregado,3583.49,20,230,752.53,3849.32,credit_card,express,,,2025-10
2279,ORD-20240513-02279,336,2024-05-13,cancelado,2541.44,12,370,533.7,3140.17,bank_transfer,standard,,,2024-05
2280,ORD-20250615-02280,92,2025-06-15,procesando,236.64,6,170,49.69,442.13,paypal,same_day,,,2025-06
2281,ORD-20230116-02281,74,2023-01-16,pendiente,2900.43,11,300,609.09,3490.47,bank_transfer,same_day,6.0,,2023-01
2282,ORD-20231107-02282,81,2023-11-07,enviado,3925.15,12,280,824.28,4558.41,debit_card,express,,,2023-11
2283,ORD-20250402-02283,397,2025-04-02,enviado,208.09,14,400,43.7,622.66,credit_card,pickup,,,2025-04
2284,ORD-20250714-02284,273,2025-07-14,entregado,854.57,12,310,179.46,1241.48,cash_on_delivery,same_day,,,2025-07
2285,ORD-20240430-02285,371,2024-04-30,procesando,2125.06,11,350,446.26,2687.56,credit_card,express,5.0,Nota del cliente: Dejar en portería,2024-04
2286,ORD-20250829-02286,303,2025-08-29,enviado,2128.88,17,180,447.06,2394.03,cash_on_delivery,same_day,,,2025-08
2287,ORD-20241003-02287,441,2024-10-03,procesando,6748.43,6,400,1417.17,8160.69,bank_transfer,pickup,,Nota del cliente: Envolver para regalo,2024-10
2288,ORD-20230312-02288,60,2023-03-12,procesando,4166.81,1,460,875.03,5460.17,debit_card,same_day,3.0,,2023-03
2289,ORD-20250226-02289,461,2025-02-26,cancelado,2345.8,0,210,492.62,3048.42,credit_card,pickup,,,2025-02
2290,ORD-20231212-02290,463,2023-12-12,procesando,1306.12,0,30,274.29,1610.41,bank_transfer,express,7.0,,2023-12
2291,ORD-20250425-02291,178,2025-04-25,entregado,570.02,10,280,119.7,912.72,credit_card,standard,,,2025-04
2292,ORD-20240803-02292,85,2024-08-03,entregado,2564.66,19,350,538.58,2965.95,paypal,express,,Nota del cliente: Llamar antes,2024-08
2293,ORD-20240206-02293,42,2024-02-06,cancelado,1900.68,12,90,399.14,2161.74,credit_card,express,,,2024-02
2294,ORD-20250603-02294,117,2025-06-03,pendiente,551.6,20,60,115.84,617.12,credit_card,same_day,,Nota del cliente: Llamar antes,2025-06
2295,ORD-20230419-02295,407,2023-04-19,entregado,2827.56,19,90,593.79,2974.11,credit_card,pickup,,,2023-04
2296,ORD-20230804-02296,309,2023-08-04,enviado,1519.74,2,140,319.15,1948.5,cash_on_delivery,same_day,,,2023-08
2297,ORD-20241022-02297,103,2024-10-22,procesando,958.19,14,60,201.22,1085.26,bank_transfer,same_day,8.0,,2024-10
2298,ORD-20230125-02298,268,2023-01-25,entregado,2549.03,10,390,535.3,3219.43,bank_transfer,pickup,9.0,,2023-01
2299,ORD-20240912-02299,180,2024-09-12,pendiente,1829.53,8,280,384.2,2347.37,credit_card,same_day,10.0,Nota del cliente: Entregar por la tarde,2024-09
2300,ORD-20250824-02300,329,2025-08-24,enviado,369.78,17,470,77.65,854.57,cash_on_delivery,pickup,6.0,,2025-08
2301,ORD-20251005-02301,183,2025-10-05,procesando,4284.36,1,300,899.72,5441.24,cash_on_delivery,pickup,,,2025-10
2302,ORD-20230628-02302,158,2023-06-28,procesando,4536.47,9,10,952.66,5090.85,cash_on_delivery,standard,,,2023-06
2303,ORD-20230815-02303,267,2023-08-15,enviado,2500.28,17,80,525.06,2680.29,bank_transfer,pickup,,,2023-08
2304,ORD-20230925-02304,317,2023-09-25,pendiente,384.01,13,330,80.64,744.73,credit_card,express,10.0,,2023-09
2305,ORD-20240229-02305,299,2024-02-29,enviado,2928.34,18,250,614.95,3266.19,credit_card,pickup,,,2024-02
2306,ORD-20230525-02306,348,2023-05-25,enviado,1955.44,5,80,410.64,2348.31,paypal,same_day,2.0,Nota del cliente: Dejar en portería,2023-05
2307,ORD-20241214-02307,376,2024-12-14,enviado,1506.49,17,160,316.36,1726.75,cash_on_delivery,standard,,,2024-12
2308,ORD-20250103-02308,371,2025-01-03,entregado,2245.81,7,350,471.62,2910.22,debit_card,express,,,2025-01
2309,ORD-20251002-02309,275,2025-10-02,enviado,2865.36,5,100,601.73,3423.82,cash_on_delivery,express,4.0,Nota del cliente: Envolver para regalo,2025-10
2310,ORD-20241111-02310,291,2024-11-11,cancelado,317.43,15,490,66.66,826.48,debit_card,standard,,,2024-11
2311,ORD-20240513-02311,109,2024-05-13,pendiente,1645.84,10,170,345.63,1996.89,paypal,pickup,,Nota del cliente: Dejar en portería,2024-05
2312,ORD-20250313-02312,181,2025-03-13,pendiente,530.03,5,190,111.31,804.84,bank_transfer,standard,,,2025-03
2313,ORD-20230817-02313,480,2023-08-17,enviado,2463.09,4,290,517.25,3171.82,bank_transfer,pickup,,,2023-08
2314,ORD-20250419-02314,125,2025-04-19,enviado,2556.54,19,140,536.87,2747.67,credit_card,pickup,,,2025-04
2315,ORD-20240428-02315,87,2024-04-28,enviado,2889.02,5,430,606.69,3781.26,debit_card,same_day,,,2024-04
2316,ORD-20240101-02316,283,2024-01-01,entregado,1783.17,11,470,374.47,2431.49,cash_on_delivery,standard,2.0,,2024-01
2317,ORD-20230624-02317,13,2023-06-24,enviado,1557.06,17,340,326.98,1959.34,debit_card,express,4.0,,2023-06
2318,ORD-20230119-02318,89,2023-01-19,cancelado,3362.55,17,360,706.14,3857.06,bank_transfer,standard,9.0,,2023-01
2319,ORD-20230307-02319,180,2023-03-07,cancelado,1623.64,0,320,340.96,2284.6,bank_transfer,pickup,,Nota del cliente: Entregar por la tarde,2023-03
2320,ORD-20250324-02320,460,2025-03-24,procesando,389.08,3,90,81.71,549.12,debit_card,express,,,2025-03
2321,ORD-20230226-02321,343,2023-02-26,pendiente,1676.16,9,380,351.99,2257.3,debit_card,express,,Nota del cliente: Envolver para regalo,2023-02
2322,ORD-20250923-02322,468,2025-09-23,entregado,3693.69,8,130,775.67,4303.86,credit_card,standard,5.0,,2025-09
2323,ORD-20240208-02323,225,2024-02-08,enviado,3961.92,4,230,832.0,4865.44,credit_card,pickup,,Nota del cliente: Envolver para regalo,2024-02
2324,ORD-20230915-02324,63,2023-09-15,cancelado,703.88,19,80,147.81,797.95,cash_on_delivery,same_day,10.0,,2023-09
2325,ORD-20240907-02325,337,2024-09-07,entregado,1047.88,14,140,220.05,1261.23,cash_on_delivery,pickup,,,2024-09
2326,ORD-20240128-02326,326,2024-01-28,procesando,361.96,6,480,76.01,896.25,debit_card,express,,,2024-01
2327,ORD-20230812-02327,414,2023-08-12,enviado,4027.12,0,490,845.7,5362.82,paypal,same_day,,,2023-08
2328,ORD-20250703-02328,145,2025-07-03,pendiente,1287.9,12,50,270.46,1453.81,credit_card,standard,3.0,,2025-07
2329,ORD-20250316-02329,326,2025-03-16,pendiente,3192.73,1,90,670.47,3921.27,debit_card,express,,,2025-03
2330,ORD-20230502-02330,325,2023-05-02,enviado,1046.17,18,390,219.7,1467.56,bank_transfer,pickup,,,2023-05
2331,ORD-20230915-02331,255,2023-09-15,entregado,1175.17,10,0,246.79,1304.44,paypal,same_day,,,2023-09
2332,ORD-20231205-02332,475,2023-12-05,entregado,692.43,13,230,145.41,977.82,credit_card,pickup,9.0,,2023-12
2333,ORD-20230912-02333,165,2023-09-12,entregado,1591.14,7,20,334.14,1833.9,bank_transfer,standard,,,2023-09
2334,ORD-20230323-02334,114,2023-03-23,entregado,373.92,15,270,78.52,666.35,bank_transfer,express,,,2023-03
2335,ORD-20240418-02335,203,2024-04-18,entregado,3285.81,10,20,690.02,3667.25,cash_on_delivery,pickup,,,2024-04
2336,ORD-20240503-02336,349,2024-05-03,enviado,3732.21,0,240,783.76,4755.97,debit_card,express,,Nota del cliente: Envolver para regalo,2024-05
2337,ORD-20251109-02337,14,2025-11-09,pendiente,1088.31,19,280,228.55,1390.08,debit_card,express,,Nota del cliente: Envolver para regalo,2025-11
2338,ORD-20251010-02338,361,2025-10-10,pendiente,2098.88,2,500,440.76,2997.66,paypal,same_day,,,2025-10
2339,ORD-20250329-02339,164,2025-03-29,enviado,2684.19,12,440,563.68,3365.77,paypal,standard,,,2025-03
2340,ORD-20230118-02340,234,2023-01-18,procesando,2920.87,15,170,613.38,3266.12,credit_card,standard,8.0,,2023-01
2341,ORD-20240724-02341,73,2024-07-24,entregado,3321.66,15,460,697.55,3980.96,credit_card,same_day,,,2024-07
2342,ORD-20240717-02342,218,2024-07-17,enviado,1970.3,18,170,413.76,2199.41,debit_card,standard,,,2024-07
2343,ORD-20250524-02343,7,2025-05-24,procesando,1223.02,1,500,256.83,1967.62,credit_card,same_day,,Nota del cliente: Envolver para regalo,2025-05
2344,ORD-20250225-02344,384,2025-02-25,procesando,5347.37,10,350,1122.95,6285.58,debit_card,standard,4.0,Nota del cliente: Dejar en portería,2025-02
2345,ORD-20230515-02345,184,2023-05-15,procesando,1401.9,0,240,294.4,1936.3,paypal,pickup,5.0,,2023-05
2346,ORD-20230610-02346,252,2023-06-10,pendiente,811.82,13,70,170.48,946.76,credit_card,express,,,2023-06
2347,ORD-20230226-02347,364,2023-02-26,entregado,1654.97,6,370,347.54,2273.21,paypal,pickup,3.0,,2023-02
2348,ORD-20230424-02348,56,2023-04-24,pendiente,1722.14,2,110,361.65,2159.35,credit_card,express,,,2023-04
2349,ORD-20250103-02349,261,2025-01-03,enviado,2879.55,6,50,604.71,3361.49,bank_transfer,express,,,2025-01
2350,ORD-20250120-02350,68,2025-01-20,pendiente,210.84,4,250,44.28,496.69,credit_card,same_day,,,2025-01
2351,ORD-20240613-02351,486,2024-06-13,enviado,511.35,17,460,107.38,991.8,credit_card,pickup,,,2024-06
2352,ORD-20250621-02352,442,2025-06-21,pendiente,1515.9,14,480,318.34,2102.01,bank_transfer,standard,,,2025-06
2353,ORD-20230214-02353,47,2023-02-14,cancelado,2588.84,14,150,543.66,2920.06,credit_card,pickup,,,2023-02
2354,ORD-20250416-02354,465,2025-04-16,enviado,1052.52,2,430,221.03,1682.5,credit_card,standard,7.0,,2025-04
2355,ORD-20240309-02355,312,2024-03-09,entregado,2261.63,3,60,474.94,2728.72,debit_card,standard,6.0,Nota del cliente: Entregar por la tarde,2024-03
2356,ORD-20251127-02356,52,2025-11-27,procesando,152.13,4,350,31.95,527.99,credit_card,same_day,,,2025-11
2357,ORD-20231117-02357,431,2023-11-17,enviado,5497.91,8,210,1154.56,6422.64,credit_card,standard,2.0,,2023-11
2358,ORD-20240205-02358,59,2024-02-05,pendiente,1727.33,14,350,362.74,2198.24,credit_card,pickup,1.0,,2024-02
2359,ORD-20230619-02359,71,2023-06-19,pendiente,4700.4,14,310,987.08,5339.42,paypal,standard,6.0,,2023-06
2360,ORD-20230428-02360,416,2023-04-28,enviado,4788.47,17,400,1005.58,5380.01,cash_on_delivery,standard,5.0,,2023-04
2361,ORD-20241005-02361,402,2024-10-05,entregado,2872.28,14,170,603.18,3243.34,paypal,standard,,,2024-10
2362,ORD-20231214-02362,293,2023-12-14,pendiente,421.68,8,450,88.55,926.5,credit_card,express,,,2023-12
2363,ORD-20250414-02363,431,2025-04-14,enviado,1377.13,20,250,289.2,1640.9,debit_card,standard,,,2025-04
2364,ORD-20231018-02364,443,2023-10-18,cancelado,3929.82,3,410,825.26,5047.19,debit_card,standard,,Nota del cliente: Entregar por la tarde,2023-10
2365,ORD-20240610-02365,316,2024-06-10,enviado,241.4,16,120,50.69,373.47,bank_transfer,express,,,2024-06
2366,ORD-20230318-02366,482,2023-03-18,entregado,2770.13,0,180,581.73,3531.86,cash_on_delivery,standard,7.0,,2023-03
2367,ORD-20250922-02367,434,2025-09-22,entregado,2256.0,0,500,473.76,3229.76,cash_on_delivery,same_day,,,2025-09
2368,ORD-20251130-02368,423,2025-11-30,pendiente,1666.29,10,390,349.92,2239.58,cash_on_delivery,standard,,Nota del cliente: Envolver para regalo,2025-11
2369,ORD-20250508-02369,261,2025-05-08,cancelado,4158.91,7,140,873.37,4881.16,debit_card,pickup,2.0,,2025-05
2370,ORD-20250919-02370,410,2025-09-19,entregado,873.8,2,210,183.5,1249.82,cash_on_delivery,pickup,,,2025-09
2371,ORD-20240527-02371,90,2024-05-27,procesando,5987.45,16,80,1257.36,6366.82,paypal,same_day,10.0,Nota del cliente: Entregar por la tarde,2024-05
2372,ORD-20241024-02372,148,2024-10-24,pendiente,3212.71,4,450,674.67,4208.87,credit_card,standard,,,2024-10
2373,ORD-20230424-02373,66,2023-04-24,pendiente,2434.67,12,150,511.28,2803.79,cash_on_delivery,standard,,,2023-04
2374,ORD-20250602-02374,498,2025-06-02,enviado,2748.41,17,370,577.17,3228.35,cash_on_delivery,express,,Nota del cliente: Dejar en portería,2025-06
2375,ORD-20231105-02375,210,2023-11-05,cancelado,242.78,10,260,50.98,529.48,cash_on_delivery,express,,,2023-11
2376,ORD-20230925-02376,379,2023-09-25,enviado,2734.11,5,100,574.16,3271.56,credit_card,same_day,,Nota del cliente: Dejar en portería,2023-09
2377,ORD-20250819-02377,333,2025-08-19,entregado,3159.06,1,470,663.4,4260.87,cash_on_delivery,express,,,2025-08
2378,ORD-20230928-02378,344,2023-09-28,enviado,988.09,12,210,207.5,1287.02,cash_on_delivery,same_day,,Nota del cliente: Entregar por la tarde,2023-09
2379,ORD-20250316-02379,202,2025-03-16,cancelado,2642.84,10,140,555.0,3073.56,bank_transfer,standard,,,2025-03
2380,ORD-20241217-02380,253,2024-12-17,cancelado,2536.68,17,270,532.7,2908.14,debit_card,express,,,2024-12
2381,ORD-20250120-02381,329,2025-01-20,enviado,2692.15,6,370,565.35,3465.97,bank_transfer,standard,,,2025-01
2382,ORD-20250208-02382,260,2025-02-08,procesando,1139.37,11,70,239.27,1323.31,bank_transfer,standard,,,2025-02
2383,ORD-20250610-02383,79,2025-06-10,pendiente,766.01,0,450,160.86,1376.87,debit_card,same_day,,,2025-06
2384,ORD-20230918-02384,442,2023-09-18,cancelado,4989.05,1,460,1047.7,6446.86,debit_card,standard,,,2023-09
2385,ORD-20230326-02385,20,2023-03-26,entregado,5873.38,7,260,1233.41,6955.65,credit_card,standard,,,2023-03
2386,ORD-20251015-02386,29,2025-10-15,cancelado,5468.77,15,340,1148.44,6136.89,credit_card,same_day,,,2025-10
2387,ORD-20231111-02387,387,2023-11-11,pendiente,1579.24,14,480,331.64,2169.79,credit_card,standard,,,2023-11
2388,ORD-20250125-02388,273,2025-01-25,pendiente,1713.81,8,270,359.9,2206.61,debit_card,standard,,,2025-01
2389,ORD-20250209-02389,396,2025-02-09,entregado,2355.25,2,120,494.6,2922.75,debit_card,same_day,,,2025-02
2390,ORD-20240422-02390,331,2024-04-22,enviado,111.12,20,420,23.34,532.24,debit_card,same_day,6.0,Nota del cliente: Entregar por la tarde,2024-04
2391,ORD-20230130-02391,105,2023-01-30,cancelado,322.06,1,120,67.63,506.47,cash_on_delivery,same_day,,,2023-01
2392,ORD-20240607-02392,128,2024-06-07,entregado,1107.26,14,370,232.52,1554.76,cash_on_delivery,same_day,,Nota del cliente: Envolver para regalo,2024-06
2393,ORD-20240109-02393,212,2024-01-09,cancelado,1983.08,16,100,416.45,2182.24,paypal,pickup,,Nota del cliente: Dejar en portería,2024-01
2394,ORD-20250727-02394,19,2025-07-27,pendiente,4390.28,18,310,921.96,4831.99,credit_card,pickup,10.0,,2025-07
2395,ORD-20250601-02395,29,2025-06-01,pendiente,897.42,0,160,188.46,1245.88,cash_on_delivery,standard,,Nota del cliente: Entregar por la tarde,2025-06
2396,ORD-20250723-02396,307,2025-07-23,cancelado,737.24,5,130,154.82,985.2,paypal,pickup,10.0,,2025-07
2397,ORD-20230108-02397,46,2023-01-08,entregado,2300.2,9,460,483.04,3036.22,debit_card,standard,,,2023-01
2398,ORD-20240419-02398,160,2024-04-19,procesando,2279.35,16,360,478.66,2753.31,credit_card,express,,,2024-04
2399,ORD-20250110-02399,156,2025-01-10,entregado,3406.81,2,280,715.43,4334.1,cash_on_delivery,express,,Nota del cliente: Envolver para regalo,2025-01
2400,ORD-20251224-02400,63,2025-12-24,pendiente,6073.72,12,420,1275.48,7040.35,bank_transfer,express,,,2025-12
2401,ORD-20240604-02401,303,2024-06-04,procesando,2595.52,11,220,545.06,3075.07,paypal,standard,8.0,,2024-06
2402,ORD-20230309-02402,210,2023-03-09,cancelado,1962.58,0,90,412.14,2464.72,bank_transfer,same_day,,,2023-03
2403,ORD-20241105-02403,147,2024-11-05,enviado,3163.97,11,40,664.43,3520.36,paypal,same_day,6.0,,2024-11
2404,ORD-20251218-02404,219,2025-12-18,enviado,4102.52,4,30,861.53,4829.95,credit_card,standard,,Nota del cliente: Llamar antes,2025-12
2405,ORD-20231118-02405,45,2023-11-18,enviado,4139.0,18,460,869.19,4723.17,cash_on_delivery,same_day,,Nota del cliente: Entregar por la tarde,2023-11
2406,ORD-20240103-02406,192,2024-01-03,enviado,692.9,15,360,145.51,1094.48,bank_transfer,standard,2.0,,2024-01
2407,ORD-20251014-02407,197,2025-10-14,pendiente,4448.05,20,170,934.09,4662.53,cash_on_delivery,pickup,,,2025-10
2408,ORD-20231102-02408,161,2023-11-02,procesando,1594.77,8,360,334.9,2162.09,credit_card,pickup,,,2023-11
2409,ORD-20250113-02409,27,2025-01-13,pendiente,827.63,2,160,173.8,1144.88,bank_transfer,express,,Nota del cliente: Llamar antes,2025-01
2410,ORD-20240405-02410,77,2024-04-05,entregado,364.17,13,60,76.48,453.31,paypal,express,,Nota del cliente: Envolver para regalo,2024-04
2411,ORD-20250725-02411,443,2025-07-25,pendiente,2317.3,9,190,486.63,2785.37,cash_on_delivery,standard,,,2025-07
2412,ORD-20251220-02412,24,2025-12-20,enviado,4820.12,9,420,1012.23,5818.54,credit_card,express,7.0,,2025-12
2413,ORD-20250510-02413,78,2025-05-10,entregado,2984.35,9,470,626.71,3812.47,paypal,same_day,,,2025-05
2414,ORD-20251125-02414,389,2025-11-25,enviado,2854.49,9,350,599.44,3547.03,cash_on_delivery,same_day,8.0,Nota del cliente: Entregar por la tarde,2025-11
2415,ORD-20230216-02415,65,2023-02-16,entregado,3327.02,11,200,698.67,3859.72,paypal,same_day,10.0,,2023-02
2416,ORD-20251216-02416,336,2025-12-16,entregado,4497.77,0,410,944.53,5852.3,cash_on_delivery,express,,,2025-12
2417,ORD-20250323-02417,10,2025-03-23,enviado,4698.53,16,410,986.69,5343.46,credit_card,same_day,,Nota del cliente: Entregar por la tarde,2025-03
2418,ORD-20240818-02418,407,2024-08-18,enviado,2382.32,3,60,500.29,2871.14,cash_on_delivery,express,,,2024-08
2419,ORD-20231112-02419,234,2023-11-12,entregado,5052.75,5,320,1061.08,6181.19,paypal,pickup,,Nota del cliente: Envolver para regalo,2023-11
2420,ORD-20230417-02420,320,2023-04-17,pendiente,3220.82,16,100,676.37,3481.86,bank_transfer,same_day,,,2023-04
2421,ORD-20241128-02421,5,2024-11-28,enviado,3191.5,8,360,670.22,3966.4,debit_card,standard,,,2024-11
2422,ORD-20230928-02422,100,2023-09-28,pendiente,567.1,12,120,119.09,738.14,credit_card,same_day,,,2023-09
2423,ORD-20240103-02423,78,2024-01-03,enviado,4831.7,4,240,1014.66,5893.09,credit_card,pickup,,Nota del cliente: Llamar antes,2024-01
2424,ORD-20230123-02424,342,2023-01-23,cancelado,3781.85,1,460,794.19,4998.22,debit_card,standard,,,2023-01
2425,ORD-20250504-02425,116,2025-05-04,pendiente,2035.89,2,60,427.54,2482.71,bank_transfer,pickup,,,2025-05
2426,ORD-20240627-02426,485,2024-06-27,procesando,1332.62,13,150,279.85,1589.23,cash_on_delivery,express,,,2024-06
2427,ORD-20240610-02427,320,2024-06-10,enviado,2133.84,18,480,448.11,2677.86,credit_card,standard,,,2024-06
2428,ORD-20250723-02428,87,2025-07-23,procesando,1296.78,14,210,272.32,1597.55,paypal,standard,,,2025-07
2429,ORD-20240620-02429,332,2024-06-20,pendiente,997.88,17,100,209.55,1137.79,credit_card,express,,Nota del cliente: Dejar en portería,2024-06
2430,ORD-20240526-02430,421,2024-05-26,procesando,940.38,17,480,197.48,1458.0,debit_card,same_day,,,2024-05
2431,ORD-20231227-02431,385,2023-12-27,procesando,2693.69,12,450,565.67,3386.12,bank_transfer,standard,3.0,Nota del cliente: Llamar antes,2023-12
2432,ORD-20250403-02432,157,2025-04-03,enviado,2800.54,5,140,588.11,3388.62,bank_transfer,standard,,,2025-04
2433,ORD-20230729-02433,108,2023-07-29,entregado,866.04,18,490,181.87,1382.02,credit_card,standard,,,2023-07
2434,ORD-20240326-02434,428,2024-03-26,entregado,1905.53,13,290,400.16,2347.97,bank_transfer,pickup,5.0,,2024-03
2435,ORD-20230423-02435,164,2023-04-23,pendiente,3314.28,5,190,696.0,4034.57,paypal,express,,,2023-04
2436,ORD-20230225-02436,303,2023-02-25,cancelado,2379.26,10,370,499.64,3010.97,cash_on_delivery,express,,,2023-02
2437,ORD-20250130-02437,69,2025-01-30,cancelado,1940.8,6,50,407.57,2281.92,bank_transfer,same_day,,Nota del cliente: Dejar en portería,2025-01
2438,ORD-20230713-02438,183,2023-07-13,pendiente,2277.5,7,340,478.28,2936.36,debit_card,standard,4.0,,2023-07
2439,ORD-20230814-02439,431,2023-08-14,pendiente,3023.76,9,380,634.99,3766.61,debit_card,standard,,,2023-08
2440,ORD-20230821-02440,488,2023-08-21,cancelado,2552.88,16,110,536.1,2790.52,cash_on_delivery,standard,,,2023-08
2441,ORD-20230504-02441,72,2023-05-04,entregado,987.25,13,150,207.32,1216.23,credit_card,standard,,Nota del cliente: Dejar en portería,2023-05
2442,ORD-20240704-02442,432,2024-07-04,procesando,3849.54,17,90,808.4,4093.52,cash_on_delivery,standard,,,2024-07
2443,ORD-20250307-02443,442,2025-03-07,pendiente,3531.19,0,330,741.55,4602.74,paypal,same_day,2.0,,2025-03
2444,ORD-20230314-02444,374,2023-03-14,entregado,3784.25,2,400,794.69,4903.26,cash_on_delivery,standard,,,2023-03
2445,ORD-20240906-02445,130,2024-09-06,cancelado,2474.84,8,10,519.72,2806.57,cash_on_delivery,pickup,,,2024-09
2446,ORD-20240601-02446,124,2024-06-01,enviado,2620.85,7,480,550.38,3467.77,debit_card,same_day,,,2024-06
2447,ORD-20240529-02447,443,2024-05-29,procesando,2172.23,20,140,456.17,2333.95,cash_on_delivery,pickup,7.0,,2024-05
2448,ORD-20241007-02448,310,2024-10-07,enviado,1196.56,4,230,251.28,1629.98,paypal,pickup,1.0,,2024-10
2449,ORD-20230327-02449,248,2023-03-27,enviado,2626.68,7,160,551.6,3154.41,debit_card,pickup,5.0,,2023-03
2450,ORD-20230622-02450,389,2023-06-22,cancelado,1154.72,8,90,242.49,1394.83,paypal,pickup,,,2023-06
2451,ORD-20250924-02451,140,2025-09-24,pendiente,936.17,3,80,196.6,1184.68,credit_card,standard,,,2025-09
2452,ORD-20250923-02452,14,2025-09-23,entregado,3063.88,1,220,643.41,3896.65,cash_on_delivery,same_day,,,2025-09
2453,ORD-20231013-02453,488,2023-10-13,enviado,5188.53,12,190,1089.59,5845.5,bank_transfer,pickup,6.0,,2023-10
2454,ORD-20231201-02454,130,2023-12-01,procesando,619.26,2,500,130.04,1236.91,paypal,pickup,6.0,,2023-12
2455,ORD-20240511-02455,287,2024-05-11,enviado,3789.72,16,150,795.84,4129.2,cash_on_delivery,standard,,Nota del cliente: Entregar por la tarde,2024-05
2456,ORD-20250403-02456,432,2025-04-03,cancelado,4840.36,12,150,1016.48,5426.0,debit_card,standard,,Nota del cliente: Llamar antes,2025-04
2457,ORD-20250208-02457,123,2025-02-08,enviado,781.0,16,100,164.01,920.05,paypal,express,,,2025-02
2458,ORD-20240224-02458,468,2024-02-24,pendiente,397.59,20,290,83.49,691.56,debit_card,same_day,,,2024-02
2459,ORD-20250901-02459,393,2025-09-01,procesando,2804.74,20,470,589.0,3302.79,paypal,express,,,2025-09
2460,ORD-20250429-02460,490,2025-04-29,cancelado,1349.28,4,240,283.35,1818.66,credit_card,express,6.0,Nota del cliente: Dejar en portería,2025-04
2461,ORD-20230902-02461,390,2023-09-02,enviado,3073.49,7,410,645.43,3913.78,bank_transfer,express,,Nota del cliente: Envolver para regalo,2023-09
2462,ORD-20230407-02462,469,2023-04-07,pendiente,503.74,15,200,105.79,733.97,debit_card,standard,,,2023-04
2463,ORD-20250713-02463,104,2025-07-13,entregado,2103.05,1,240,441.64,2763.66,bank_transfer,express,,,2025-07
2464,ORD-20241225-02464,239,2024-12-25,entregado,1486.0,2,280,312.06,2048.34,credit_card,pickup,,,2024-12
2465,ORD-20230115-02465,34,2023-01-15,enviado,2416.65,0,180,507.5,3104.15,credit_card,pickup,,Nota del cliente: Dejar en portería,2023-01
2466,ORD-20250322-02466,27,2025-03-22,entregado,925.75,2,460,194.41,1561.65,bank_transfer,express,,,2025-03
2467,ORD-20250420-02467,187,2025-04-20,procesando,545.6,10,330,114.58,935.62,debit_card,pickup,,,2025-04
2468,ORD-20251020-02468,387,2025-10-20,entregado,751.58,16,0,157.83,789.16,credit_card,standard,,,2025-10
2469,ORD-20230604-02469,303,2023-06-04,pendiente,5420.53,12,430,1138.31,6338.38,credit_card,standard,,,2023-06
2470,ORD-20240518-02470,417,2024-05-18,cancelado,1797.82,1,20,377.54,2177.38,debit_card,same_day,8.0,,2024-05
2471,ORD-20250118-02471,465,2025-01-18,procesando,787.5,6,440,165.38,1345.63,debit_card,express,,,2025-01
2472,ORD-20240510-02472,339,2024-05-10,enviado,1866.44,1,360,391.95,2599.73,bank_transfer,pickup,,Nota del cliente: Llamar antes,2024-05
2473,ORD-20230207-02473,29,2023-02-07,pendiente,2247.35,13,170,471.94,2597.13,cash_on_delivery,standard,,,2023-02
2474,ORD-20250420-02474,448,2025-04-20,pendiente,5549.17,13,150,1165.33,6143.11,debit_card,express,,,2025-04
2475,ORD-20230527-02475,485,2023-05-27,entregado,1152.54,19,290,242.03,1465.59,credit_card,pickup,5.0,,2023-05
2476,ORD-20230430-02476,306,2023-04-30,procesando,1175.87,17,10,246.93,1232.9,debit_card,same_day,,,2023-04
2477,ORD-20250720-02477,343,2025-07-20,procesando,1443.4,11,410,303.11,1997.74,debit_card,pickup,2.0,,2025-07
2478,ORD-20240221-02478,308,2024-02-21,cancelado,4374.55,3,350,918.66,5511.97,bank_transfer,pickup,9.0,,2024-02
2479,ORD-20230524-02479,43,2023-05-24,entregado,1854.61,0,50,389.47,2294.08,cash_on_delivery,same_day,,,2023-05
2480,ORD-20250401-02480,169,2025-04-01,pendiente,3583.96,6,180,752.63,4301.55,paypal,standard,,,2025-04
2481,ORD-20251115-02481,191,2025-11-15,procesando,6996.39,3,230,1469.24,8485.74,credit_card,express,1.0,Nota del cliente: Llamar antes,2025-11
2482,ORD-20251217-02482,80,2025-12-17,cancelado,1239.16,20,370,260.22,1621.55,debit_card,same_day,10.0,,2025-12
2483,ORD-20250309-02483,301,2025-03-09,pendiente,3116.17,9,80,654.4,3570.11,debit_card,express,,Nota del cliente: Dejar en portería,2025-03
2484,ORD-20240513-02484,455,2024-05-13,procesando,1610.3,6,40,338.16,1891.84,debit_card,express,,Nota del cliente: Entregar por la tarde,2024-05
2485,ORD-20230515-02485,463,2023-05-15,pendiente,1315.65,6,410,276.29,1923.0,paypal,standard,,,2023-05
2486,ORD-20230913-02486,360,2023-09-13,cancelado,1596.05,4,130,335.17,1997.38,bank_transfer,express,,Nota del cliente: Envolver para regalo,2023-09
2487,ORD-20231205-02487,185,2023-12-05,procesando,5716.53,3,180,1200.47,6925.5,debit_card,standard,,,2023-12
2488,ORD-20230919-02488,172,2023-09-19,procesando,4045.23,5,110,849.5,4802.47,credit_card,pickup,,,2023-09
2489,ORD-20230525-02489,46,2023-05-25,enviado,2069.64,11,100,434.62,2376.6,paypal,standard,,,2023-05
2490,ORD-20230507-02490,287,2023-05-07,cancelado,805.94,17,150,169.25,988.18,credit_card,pickup,,Nota del cliente: Dejar en portería,2023-05
2491,ORD-20240716-02491,153,2024-07-16,entregado,789.39,11,470,165.77,1338.33,bank_transfer,express,6.0,,2024-07
2492,ORD-20241213-02492,85,2024-12-13,procesando,4514.31,9,400,948.01,5456.03,paypal,express,,,2024-12
2493,ORD-20231029-02493,101,2023-10-29,procesando,2081.51,5,90,437.12,2504.55,cash_on_delivery,same_day,,,2023-10
2494,ORD-20250904-02494,190,2025-09-04,entregado,2974.36,14,410,624.62,3592.57,bank_transfer,same_day,,,2025-09
2495,ORD-20240918-02495,52,2024-09-18,cancelado,2139.55,18,270,449.31,2473.74,credit_card,standard,,,2024-09
2496,ORD-20240507-02496,237,2024-05-07,procesando,3835.61,3,100,805.48,4626.02,credit_card,express,,,2024-05
2497,ORD-20250225-02497,211,2025-02-25,enviado,1434.27,1,150,301.2,1871.13,paypal,express,,,2025-02
2498,ORD-20230222-02498,370,2023-02-22,entregado,827.82,2,150,173.84,1135.1,debit_card,express,,,2023-02
2499,ORD-20230224-02499,33,2023-02-24,pendiente,3396.62,11,350,713.29,4086.28,debit_card,same_day,2.0,,2023-02
2500,ORD-20240223-02500,409,2024-02-23,cancelado,455.87,11,110,95.73,611.45,debit_card,express,,,2024-02
2501,ORD-20240713-02501,341,2024-07-13,enviado,413.05,4,370,86.74,853.27,bank_transfer,standard,,,2024-07
2502,ORD-20240426-02502,74,2024-04-26,enviado,3834.31,13,80,805.21,4221.06,credit_card,standard,6.0,,2024-04
2503,ORD-20241020-02503,126,2024-10-20,enviado,2936.09,14,310,616.58,3451.62,credit_card,express,,Nota del cliente: Llamar antes,2024-10
2504,ORD-20251007-02504,344,2025-10-07,enviado,2699.32,3,280,566.86,3465.2,bank_transfer,express,,,2025-10
2505,ORD-20231022-02505,473,2023-10-22,cancelado,1040.52,6,280,218.51,1476.6,paypal,same_day,,,2023-10
2506,ORD-20230606-02506,151,2023-06-06,entregado,3254.86,9,80,683.52,3725.44,paypal,standard,,,2023-06
2507,ORD-20230614-02507,79,2023-06-14,cancelado,2095.42,11,270,440.04,2574.96,paypal,pickup,,,2023-06
2508,ORD-20250103-02508,457,2025-01-03,enviado,1789.42,15,110,375.78,2006.79,credit_card,express,,,2025-01
2509,ORD-20230518-02509,158,2023-05-18,pendiente,2759.18,12,270,579.43,3277.51,debit_card,pickup,7.0,,2023-05
2510,ORD-20230525-02510,21,2023-05-25,cancelado,2396.82,5,170,503.33,2950.31,cash_on_delivery,pickup,,,2023-05
2511,ORD-20230314-02511,54,2023-03-14,cancelado,5091.67,18,420,1069.25,5664.42,debit_card,same_day,9.0,,2023-03
2512,ORD-20250605-02512,278,2025-06-05,cancelado,1010.25,19,230,212.15,1260.45,cash_on_delivery,pickup,,Nota del cliente: Dejar en portería,2025-06
2513,ORD-20230714-02513,42,2023-07-14,cancelado,5644.89,1,230,1185.43,7003.87,debit_card,express,,,2023-07
2514,ORD-20250915-02514,234,2025-09-15,cancelado,3254.61,15,90,683.47,3539.89,paypal,standard,,,2025-09
2515,ORD-20230303-02515,322,2023-03-03,entregado,95.94,20,240,20.15,336.9,credit_card,standard,,Nota del cliente: Envolver para regalo,2023-03
2516,ORD-20230316-02516,268,2023-03-16,entregado,1291.06,0,220,271.12,1782.18,debit_card,standard,4.0,,2023-03
2517,ORD-20241029-02517,248,2024-10-29,enviado,4165.44,8,160,874.74,4866.94,bank_transfer,express,,,2024-10
2518,ORD-20241023-02518,281,2024-10-23,procesando,760.52,19,420,159.71,1195.73,credit_card,express,2.0,Nota del cliente: Envolver para regalo,2024-10
2519,ORD-20250606-02519,392,2025-06-06,pendiente,336.28,20,490,70.62,829.64,bank_transfer,same_day,,,2025-06
2520,ORD-20230116-02520,80,2023-01-16,procesando,608.0,2,290,127.68,1013.52,cash_on_delivery,express,9.0,,2023-01
2521,ORD-20230806-02521,259,2023-08-06,procesando,2496.22,13,270,524.21,2965.92,credit_card,standard,,,2023-08
2522,ORD-20240328-02522,313,2024-03-28,enviado,2822.13,16,400,592.65,3363.24,debit_card,express,,,2024-03
2523,ORD-20250923-02523,378,2025-09-23,entregado,3966.33,16,500,832.93,4664.65,debit_card,pickup,,,2025-09
2524,ORD-20240216-02524,19,2024-02-16,enviado,3988.75,15,390,837.64,4618.08,debit_card,pickup,7.0,,2024-02
2525,ORD-20230601-02525,490,2023-06-01,enviado,336.75,9,170,70.72,547.16,debit_card,express,4.0,Nota del cliente: Llamar antes,2023-06
2526,ORD-20231201-02526,41,2023-12-01,pendiente,985.32,18,130,206.92,1144.88,bank_transfer,express,4.0,,2023-12
2527,ORD-20240823-02527,493,2024-08-23,cancelado,1789.58,14,460,375.81,2374.85,cash_on_delivery,same_day,,,2024-08
2528,ORD-20230314-02528,322,2023-03-14,entregado,446.53,1,140,93.77,675.83,bank_transfer,pickup,,,2023-03
2529,ORD-20250314-02529,56,2025-03-14,entregado,5598.28,6,90,1175.64,6528.02,debit_card,pickup,2.0,,2025-03
2530,ORD-20230128-02530,312,2023-01-28,pendiente,2879.93,3,400,604.79,3798.32,cash_on_delivery,express,,,2023-01
2531,ORD-20241102-02531,490,2024-11-02,enviado,1538.79,4,400,323.15,2200.39,debit_card,express,,,2024-11
2532,ORD-20230318-02532,461,2023-03-18,enviado,2711.03,7,350,569.32,3440.58,paypal,standard,,,2023-03
2533,ORD-20250703-02533,420,2025-07-03,enviado,1325.34,20,120,278.32,1458.59,bank_transfer,same_day,,,2025-07
2534,ORD-20250226-02534,189,2025-02-26,procesando,1987.95,14,190,417.47,2317.11,debit_card,standard,,,2025-02
2535,ORD-20230322-02535,490,2023-03-22,cancelado,3558.9,16,270,747.37,4006.85,credit_card,pickup,,Nota del cliente: Envolver para regalo,2023-03
2536,ORD-20241013-02536,353,2024-10-13,pendiente,3967.08,10,150,833.09,4553.46,debit_card,express,,,2024-10
2537,ORD-20231124-02537,286,2023-11-24,procesando,259.68,17,420,54.53,690.06,bank_transfer,same_day,,,2023-11
2538,ORD-20240416-02538,171,2024-04-16,pendiente,3003.5,14,280,630.74,3493.75,debit_card,same_day,,Nota del cliente: Envolver para regalo,2024-04
2539,ORD-20250712-02539,86,2025-07-12,pendiente,1963.21,20,130,412.27,2112.84,credit_card,express,,,2025-07
2540,ORD-20230624-02540,202,2023-06-24,procesando,257.76,7,30,54.13,323.85,credit_card,standard,,,2023-06
2541,ORD-20231116-02541,68,2023-11-16,procesando,2459.27,8,220,516.45,2998.98,bank_transfer,standard,,Nota del cliente: Dejar en portería,2023-11
2542,ORD-20240204-02542,443,2024-02-04,pendiente,3171.9,2,80,666.1,3854.56,cash_on_delivery,same_day,6.0,Nota del cliente: Entregar por la tarde,2024-02
2543,ORD-20250512-02543,344,2025-05-12,procesando,1370.57,11,50,287.82,1557.63,credit_card,pickup,,Nota del cliente: Entregar por la tarde,2025-05
2544,ORD-20240302-02544,214,2024-03-02,enviado,2364.74,18,480,496.6,2915.69,paypal,same_day,,,2024-03
2545,ORD-20230506-02545,470,2023-05-06,procesando,426.59,6,470,89.58,960.57,paypal,pickup,,,2023-05
2546,ORD-20230730-02546,36,2023-07-30,enviado,3313.23,19,420,695.78,3799.5,credit_card,standard,3.0,,2023-07
2547,ORD-20241217-02547,454,2024-12-17,pendiente,1376.98,4,500,289.17,2111.07,paypal,express,,,2024-12
2548,ORD-20240523-02548,329,2024-05-23,enviado,4439.68,20,110,932.33,4594.07,debit_card,standard,,,2024-05
2549,ORD-20240402-02549,272,2024-04-02,enviado,4618.71,15,100,969.93,4995.83,cash_on_delivery,express,,,2024-04
2550,ORD-20250224-02550,440,2025-02-24,entregado,1848.68,16,190,388.22,2131.11,cash_on_delivery,standard,,,2025-02
2551,ORD-20230219-02551,404,2023-02-19,procesando,3201.76,15,430,672.37,3823.87,debit_card,standard,,,2023-02
2552,ORD-20240518-02552,75,2024-05-18,cancelado,3833.84,4,440,805.11,4925.6,cash_on_delivery,express,,,2024-05
2553,ORD-20230312-02553,404,2023-03-12,entregado,5936.37,5,400,1246.64,7286.19,paypal,same_day,,Nota del cliente: Llamar antes,2023-03
2554,ORD-20250108-02554,135,2025-01-08,enviado,1208.41,20,330,253.77,1550.5,bank_transfer,same_day,,Nota del cliente: Envolver para regalo,2025-01
2555,ORD-20250130-02555,87,2025-01-30,procesando,2693.93,0,310,565.73,3569.66,credit_card,express,,Nota del cliente: Entregar por la tarde,2025-01
2556,ORD-20241021-02556,189,2024-10-21,enviado,266.76,1,90,56.02,410.11,bank_transfer,standard,,,2024-10
2557,ORD-20231204-02557,278,2023-12-04,procesando,1277.35,7,150,268.24,1606.18,paypal,express,,,2023-12
2558,ORD-20230628-02558,473,2023-06-28,enviado,2894.45,0,460,607.83,3962.28,cash_on_delivery,pickup,,,2023-06
2559,ORD-20230410-02559,418,2023-04-10,cancelado,1963.42,7,490,412.32,2728.3,cash_on_delivery,pickup,4.0,,2023-04
2560,ORD-20240213-02560,383,2024-02-13,cancelado,436.86,1,200,91.74,724.23,cash_on_delivery,same_day,,Nota del cliente: Llamar antes,2024-02
2561,ORD-20250814-02561,368,2025-08-14,enviado,3906.64,8,20,820.39,4434.5,debit_card,express,,,2025-08
2562,ORD-20240506-02562,170,2024-05-06,cancelado,193.32,7,210,40.6,430.39,bank_transfer,express,,,2024-05
2563,ORD-20230308-02563,76,2023-03-08,enviado,191.88,6,150,40.29,370.66,debit_card,same_day,,,2023-03
2564,ORD-20250813-02564,93,2025-08-13,entregado,2137.39,11,80,448.85,2431.13,paypal,express,,,2025-08
2565,ORD-20230521-02565,243,2023-05-21,enviado,4161.62,13,130,873.94,4624.55,credit_card,express,9.0,,2023-05
2566,ORD-20241107-02566,300,2024-11-07,pendiente,4823.71,10,160,1012.98,5514.32,debit_card,standard,,,2024-11
2567,ORD-20250721-02567,157,2025-07-21,entregado,921.35,18,200,193.48,1148.99,paypal,pickup,,,2025-07
2568,ORD-20230509-02568,224,2023-05-09,pendiente,2153.71,17,190,452.28,2429.86,debit_card,express,5.0,Nota del cliente: Envolver para regalo,2023-05
2569,ORD-20250127-02569,133,2025-01-27,procesando,1264.52,10,10,265.55,1413.62,credit_card,pickup,1.0,,2025-01
2570,ORD-20230304-02570,374,2023-03-04,entregado,2373.49,10,10,498.43,2644.57,bank_transfer,standard,4.0,,2023-03
2571,ORD-20250612-02571,389,2025-06-12,cancelado,217.56,0,470,45.69,733.25,cash_on_delivery,express,7.0,,2025-06
2572,ORD-20230624-02572,37,2023-06-24,enviado,1433.84,10,280,301.11,1871.57,debit_card,pickup,10.0,,2023-06
2573,ORD-20251019-02573,453,2025-10-19,entregado,94.95,5,470,19.94,580.14,credit_card,pickup,7.0,,2025-10
2574,ORD-20240802-02574,11,2024-08-02,enviado,679.9,13,340,142.78,1074.29,paypal,standard,,,2024-08
2575,ORD-20230625-02575,59,2023-06-25,cancelado,1836.19,8,420,385.6,2494.89,credit_card,express,,,2023-06
2576,ORD-20250516-02576,411,2025-05-16,enviado,2721.87,14,160,571.59,3072.4,paypal,pickup,,,2025-05
2577,ORD-20240422-02577,1,2024-04-22,pendiente,2460.4,7,130,516.68,2934.85,paypal,express,,,2024-04
2578,ORD-20250508-02578,265,2025-05-08,cancelado,3142.29,19,240,659.88,3445.13,cash_on_delivery,same_day,,,2025-05
2579,ORD-20241205-02579,426,2024-12-05,enviado,1459.38,13,360,306.47,1936.13,bank_transfer,pickup,,,2024-12
2580,ORD-20241013-02580,342,2024-10-13,cancelado,3704.14,8,380,777.87,4565.68,credit_card,standard,,,2024-10
2581,ORD-20250702-02581,132,2025-07-02,entregado,2542.75,16,380,533.98,3049.89,cash_on_delivery,pickup,,,2025-07
2582,ORD-20250317-02582,222,2025-03-17,procesando,4348.09,4,300,913.1,5387.27,cash_on_delivery,same_day,,,2025-03
2583,ORD-20240101-02583,181,2024-01-01,pendiente,1587.15,2,330,333.3,2218.71,paypal,same_day,5.0,,2024-01
2584,ORD-20250217-02584,263,2025-02-17,pendiente,2127.32,18,160,446.74,2351.14,debit_card,express,,,2025-02
2585,ORD-20250706-02585,471,2025-07-06,enviado,2506.22,0,360,526.31,3392.53,credit_card,express,,,2025-07
2586,ORD-20251107-02586,210,2025-11-07,enviado,3079.3,2,320,646.65,3984.36,bank_transfer,same_day,,,2025-11
2587,ORD-20240108-02587,121,2024-01-08,cancelado,4509.9,12,410,947.08,5325.79,credit_card,same_day,,,2024-01
2588,ORD-20250411-02588,450,2025-04-11,cancelado,2455.37,10,370,515.63,3095.46,bank_transfer,express,8.0,,2025-04
2589,ORD-20240804-02589,444,2024-08-04,cancelado,2368.53,2,320,497.39,3138.55,credit_card,express,8.0,,2024-08
2590,ORD-20230726-02590,81,2023-07-26,procesando,3298.23,11,140,692.63,3768.05,credit_card,standard,1.0,,2023-07
2591,ORD-20250125-02591,84,2025-01-25,entregado,2074.61,0,310,435.67,2820.28,cash_on_delivery,express,,,2025-01
2592,ORD-20230917-02592,210,2023-09-17,entregado,4470.83,8,210,938.87,5262.03,credit_card,same_day,,Nota del cliente: Envolver para regalo,2023-09
2593,ORD-20240214-02593,204,2024-02-14,entregado,3784.49,13,430,794.74,4517.25,paypal,pickup,4.0,,2024-02
2594,ORD-20241222-02594,363,2024-12-22,enviado,1587.15,1,200,333.3,2104.58,debit_card,same_day,7.0,,2024-12
2595,ORD-20250727-02595,100,2025-07-27,pendiente,3141.11,6,30,659.63,3642.27,paypal,same_day,,,2025-07
2596,ORD-20231010-02596,168,2023-10-10,entregado,1349.28,0,220,283.35,1852.63,cash_on_delivery,same_day,,,2023-10
2597,ORD-20231105-02597,91,2023-11-05,pendiente,1291.16,15,360,271.14,1728.63,paypal,standard,,,2023-11
2598,ORD-20241001-02598,429,2024-10-01,enviado,1201.54,10,380,252.32,1713.71,bank_transfer,same_day,,,2024-10
2599,ORD-20231204-02599,258,2023-12-04,entregado,128.88,12,120,27.06,260.47,bank_transfer,same_day,,,2023-12
2600,ORD-20250730-02600,93,2025-07-30,cancelado,481.21,12,250,101.05,774.51,bank_transfer,express,10.0,,2025-07
2601,ORD-20250203-02601,369,2025-02-03,entregado,971.58,5,270,204.03,1397.03,credit_card,same_day,,,2025-02
2602,ORD-20231108-02602,422,2023-11-08,procesando,1466.54,11,70,307.97,1683.19,paypal,pickup,,,2023-11
2603,ORD-20250627-02603,30,2025-06-27,entregado,1595.55,3,70,335.07,1952.75,cash_on_delivery,same_day,5.0,,2025-06
2604,ORD-20250817-02604,155,2025-08-17,procesando,4811.38,16,460,1010.39,5511.95,cash_on_delivery,express,5.0,Nota del cliente: Envolver para regalo,2025-08
2605,ORD-20250907-02605,234,2025-09-07,enviado,3231.22,3,170,678.56,3982.84,debit_card,standard,7.0,,2025-09
2606,ORD-20231113-02606,17,2023-11-13,entregado,801.03,18,30,168.22,855.06,paypal,express,,,2023-11
2607,ORD-20250415-02607,354,2025-04-15,procesando,2798.0,4,50,587.58,3323.66,paypal,pickup,,,2025-04
2608,ORD-20241013-02608,495,2024-10-13,enviado,4652.31,5,250,976.99,5646.68,credit_card,pickup,,,2024-10
2609,ORD-20251002-02609,320,2025-10-02,cancelado,2232.8,13,140,468.89,2551.43,bank_transfer,pickup,,Nota del cliente: Envolver para regalo,2025-10
2610,ORD-20230907-02610,416,2023-09-07,pendiente,1840.38,9,500,386.48,2561.23,paypal,express,,,2023-09
2611,ORD-20241025-02611,98,2024-10-25,procesando,760.52,5,50,159.71,932.2,debit_card,pickup,,,2024-10
2612,ORD-20230707-02612,247,2023-07-07,enviado,6614.34,3,0,1389.01,7804.92,cash_on_delivery,express,,,2023-07
2613,ORD-20240613-02613,86,2024-06-13,pendiente,1747.58,17,160,366.99,1977.48,debit_card,express,,,2024-06
2614,ORD-20240829-02614,493,2024-08-29,enviado,2870.81,7,380,602.87,3652.72,paypal,standard,,,2024-08
2615,ORD-20231226-02615,94,2023-12-26,procesando,3046.07,8,20,639.67,3462.05,paypal,pickup,,,2023-12
2616,ORD-20250205-02616,209,2025-02-05,cancelado,3522.46,6,90,739.72,4140.83,bank_transfer,standard,5.0,,2025-02
2617,ORD-20240530-02617,238,2024-05-30,pendiente,5414.84,9,450,1137.12,6514.62,debit_card,pickup,,,2024-05
2618,ORD-20250518-02618,196,2025-05-18,entregado,3156.76,14,220,662.92,3597.73,cash_on_delivery,express,9.0,,2025-05
2619,ORD-20240914-02619,488,2024-09-14,entregado,938.86,4,260,197.16,1358.47,cash_on_delivery,same_day,,,2024-09
2620,ORD-20250123-02620,70,2025-01-23,pendiente,3370.05,0,270,707.71,4347.76,credit_card,standard,,Nota del cliente: Envolver para regalo,2025-01
2621,ORD-20240313-02621,116,2024-03-13,pendiente,2021.7,9,270,424.56,2534.31,credit_card,pickup,,Nota del cliente: Envolver para regalo,2024-03
2622,ORD-20231029-02622,271,2023-10-29,procesando,94.95,13,0,19.94,102.55,cash_on_delivery,standard,,,2023-10
2623,ORD-20240806-02623,477,2024-08-06,enviado,1380.28,7,290,289.86,1863.52,cash_on_delivery,same_day,,,2024-08
2624,ORD-20240322-02624,188,2024-03-22,entregado,2674.99,1,80,561.75,3289.99,paypal,express,8.0,,2024-03
2625,ORD-20240418-02625,382,2024-04-18,enviado,5317.86,18,140,1116.75,5617.4,debit_card,pickup,,,2024-04
2626,ORD-20250227-02626,189,2025-02-27,enviado,1157.26,10,220,243.02,1504.55,debit_card,pickup,7.0,,2025-02
2627,ORD-20241006-02627,236,2024-10-06,cancelado,444.49,8,170,93.34,672.27,paypal,standard,,,2024-10
2628,ORD-20231230-02628,89,2023-12-30,procesando,945.14,12,30,198.48,1060.2,credit_card,pickup,7.0,Nota del cliente: Llamar antes,2023-12
2629,ORD-20250211-02629,494,2025-02-11,pendiente,2419.11,5,310,508.01,3116.16,debit_card,standard,,,2025-02
2630,ORD-20240106-02630,284,2024-01-06,pendiente,2103.25,19,80,441.68,2225.31,debit_card,standard,,,2024-01
2631,ORD-20241122-02631,325,2024-11-22,entregado,2396.41,4,260,503.25,3063.8,cash_on_delivery,pickup,,,2024-11
2632,ORD-20230804-02632,325,2023-08-04,entregado,275.8,17,50,57.92,336.83,paypal,same_day,4.0,,2023-08
2633,ORD-20241017-02633,372,2024-10-17,enviado,1160.7,20,300,243.75,1472.31,bank_transfer,express,7.0,,2024-10
2634,ORD-20241108-02634,268,2024-11-08,procesando,1479.63,15,320,310.72,1888.41,paypal,same_day,,,2024-11
2635,ORD-20240127-02635,272,2024-01-27,cancelado,2797.73,14,180,587.52,3173.57,credit_card,express,,,2024-01
2636,ORD-20250519-02636,356,2025-05-19,enviado,3408.57,1,60,715.8,4150.28,debit_card,pickup,,,2025-05
2637,ORD-20250404-02637,495,2025-04-04,cancelado,2625.3,20,160,551.31,2811.55,credit_card,same_day,3.0,,2025-04
2638,ORD-20240708-02638,286,2024-07-08,enviado,1499.27,16,240,314.85,1814.24,debit_card,standard,,,2024-07
2639,ORD-20251021-02639,298,2025-10-21,entregado,623.9,19,50,131.02,686.38,debit_card,express,,,2025-10
2640,ORD-20250907-02640,10,2025-09-07,procesando,2742.02,11,320,575.82,3336.22,bank_transfer,pickup,,,2025-09
2641,ORD-20250525-02641,167,2025-05-25,entregado,773.68,3,100,162.47,1012.94,paypal,standard,,Nota del cliente: Dejar en portería,2025-05
2642,ORD-20231031-02642,322,2023-10-31,pendiente,3523.21,9,10,739.87,3955.99,credit_card,same_day,,,2023-10
2643,ORD-20250210-02643,242,2025-02-10,procesando,4628.5,18,470,971.99,5237.36,credit_card,standard,,,2025-02
2644,ORD-20241010-02644,208,2024-10-10,entregado,2012.04,1,70,422.53,2484.45,paypal,standard,,,2024-10
2645,ORD-20230326-02645,69,2023-03-26,pendiente,3581.66,5,320,752.15,4474.73,cash_on_delivery,standard,,,2023-03
2646,ORD-20230110-02646,15,2023-01-10,procesando,2328.76,7,410,489.04,3064.79,cash_on_delivery,express,,,2023-01
2647,ORD-20230325-02647,450,2023-03-25,cancelado,4063.4,3,20,853.31,4814.81,paypal,same_day,,Nota del cliente: Llamar antes,2023-03
2648,ORD-20231012-02648,321,2023-10-12,procesando,2636.86,19,480,553.74,3169.6,credit_card,standard,4.0,,2023-10
2649,ORD-20230602-02649,468,2023-06-02,cancelado,1193.93,2,210,250.73,1630.78,credit_card,standard,,,2023-06
2650,ORD-20250313-02650,435,2025-03-13,entregado,537.72,8,280,112.92,887.62,debit_card,same_day,,,2025-03
2651,ORD-20240823-02651,406,2024-08-23,pendiente,2349.37,19,150,493.37,2546.36,debit_card,pickup,,,2024-08
2652,ORD-20240219-02652,457,2024-02-19,procesando,5144.96,7,240,1080.44,6105.25,credit_card,same_day,,,2024-02
2653,ORD-20250515-02653,355,2025-05-15,enviado,1781.81,19,230,374.18,2047.45,cash_on_delivery,express,,,2025-05
2654,ORD-20230512-02654,211,2023-05-12,procesando,2863.76,9,280,601.39,3487.41,debit_card,standard,,,2023-05
2655,ORD-20250908-02655,59,2025-09-08,entregado,470.19,17,130,98.74,619.0,bank_transfer,pickup,1.0,,2025-09
2656,ORD-20241002-02656,319,2024-10-02,cancelado,4673.02,1,320,981.33,5927.62,bank_transfer,standard,,,2024-10
2657,ORD-20240827-02657,461,2024-08-27,entregado,1222.06,6,150,256.63,1555.37,bank_transfer,express,,,2024-08
2658,ORD-20230215-02658,159,2023-02-15,pendiente,3712.28,0,10,779.58,4501.86,debit_card,pickup,,,2023-02
2659,ORD-20230215-02659,403,2023-02-15,enviado,3449.87,8,350,724.47,4248.35,cash_on_delivery,same_day,,,2023-02
2660,ORD-20240528-02660,251,2024-05-28,pendiente,1784.94,8,280,374.84,2296.98,debit_card,same_day,7.0,,2024-05
2661,ORD-20231118-02661,335,2023-11-18,pendiente,1574.83,18,100,330.71,1722.07,cash_on_delivery,express,,Nota del cliente: Entregar por la tarde,2023-11
2662,ORD-20231219-02662,293,2023-12-19,enviado,2217.58,20,350,465.69,2589.75,debit_card,standard,,,2023-12
2663,ORD-20241202-02663,401,2024-12-02,procesando,1878.95,20,250,394.58,2147.74,cash_on_delivery,pickup,,Nota del cliente: Llamar antes,2024-12
2664,ORD-20231019-02664,216,2023-10-19,enviado,1489.4,17,490,312.77,2038.97,credit_card,express,,Nota del cliente: Llamar antes,2023-10
2665,ORD-20250325-02665,451,2025-03-25,entregado,5652.41,17,470,1187.01,6348.51,debit_card,pickup,,,2025-03
2666,ORD-20230806-02666,133,2023-08-06,pendiente,3390.59,16,490,712.02,4050.12,paypal,pickup,3.0,,2023-08
2667,ORD-20231227-02667,424,2023-12-27,entregado,1619.38,12,90,340.07,1855.12,credit_card,pickup,,,2023-12
2668,ORD-20240908-02668,403,2024-09-08,procesando,208.14,8,480,43.71,715.2,credit_card,express,,,2024-09
2669,ORD-20250611-02669,361,2025-06-11,pendiente,4067.26,1,500,854.12,5380.71,debit_card,same_day,,,2025-06
2670,ORD-20230330-02670,406,2023-03-30,enviado,1704.88,12,380,358.02,2238.31,cash_on_delivery,same_day,,,2023-03
2671,ORD-20231011-02671,299,2023-10-11,cancelado,1486.0,9,30,312.06,1694.32,paypal,same_day,2.0,,2023-10
2672,ORD-20231012-02672,392,2023-10-12,cancelado,2489.28,4,80,522.75,2992.46,cash_on_delivery,same_day,,Nota del cliente: Llamar antes,2023-10
2673,ORD-20230514-02673,185,2023-05-14,entregado,2470.7,1,290,518.85,3254.84,paypal,standard,,,2023-05
2674,ORD-20250223-02674,140,2025-02-23,pendiente,2142.28,18,30,449.88,2236.55,debit_card,express,,,2025-02
2675,ORD-20251001-02675,214,2025-10-01,cancelado,620.07,13,460,130.21,1129.67,debit_card,same_day,,,2025-10
2676,ORD-20250329-02676,126,2025-03-29,entregado,3896.6,12,100,818.29,4347.3,bank_transfer,same_day,3.0,,2025-03
2677,ORD-20230618-02677,179,2023-06-18,enviado,6260.26,3,490,1314.65,7877.1,paypal,pickup,,,2023-06
2678,ORD-20241203-02678,94,2024-12-03,entregado,1461.73,18,310,306.96,1815.58,paypal,same_day,,,2024-12
2679,ORD-20240524-02679,456,2024-05-24,procesando,1034.56,6,400,217.26,1589.75,paypal,standard,1.0,Nota del cliente: Envolver para regalo,2024-05
2680,ORD-20250819-02680,217,2025-08-19,procesando,2258.56,10,230,474.3,2737.0,debit_card,pickup,,,2025-08
2681,ORD-20230105-02681,500,2023-01-05,entregado,2600.01,10,470,546.0,3356.01,debit_card,pickup,,Nota del cliente: Dejar en portería,2023-01
2682,ORD-20250331-02682,155,2025-03-31,pendiente,2141.53,9,160,449.72,2558.51,credit_card,same_day,,Nota del cliente: Entregar por la tarde,2025-03
2683,ORD-20250408-02683,2,2025-04-08,pendiente,2755.22,17,90,578.6,2955.43,paypal,same_day,,,2025-04
2684,ORD-20230131-02684,407,2023-01-31,entregado,4657.39,14,130,978.05,5113.41,bank_transfer,standard,2.0,,2023-01
2685,ORD-20231012-02685,233,2023-10-12,cancelado,2779.52,7,210,583.7,3378.65,cash_on_delivery,standard,,,2023-10
2686,ORD-20240913-02686,450,2024-09-13,procesando,850.0,12,240,178.5,1166.5,paypal,standard,5.0,,2024-09
2687,ORD-20241011-02687,432,2024-10-11,enviado,508.74,3,400,106.84,1000.32,bank_transfer,express,,,2024-10
2688,ORD-20240420-02688,458,2024-04-20,pendiente,367.62,7,450,77.2,869.09,debit_card,pickup,,,2024-04
2689,ORD-20231122-02689,64,2023-11-22,pendiente,4613.42,14,420,968.82,5356.36,bank_transfer,same_day,,Nota del cliente: Entregar por la tarde,2023-11
2690,ORD-20250504-02690,353,2025-05-04,procesando,2761.37,12,320,579.89,3329.9,credit_card,standard,9.0,,2025-05
2691,ORD-20230317-02691,239,2023-03-17,pendiente,3142.41,5,80,659.91,3725.2,bank_transfer,same_day,,,2023-03
2692,ORD-20250118-02692,338,2025-01-18,enviado,1287.3,19,250,270.33,1563.04,paypal,standard,,,2025-01
2693,ORD-20240510-02693,390,2024-05-10,cancelado,2205.54,4,410,463.16,2990.48,credit_card,pickup,,,2024-05
2694,ORD-20251012-02694,123,2025-10-12,entregado,1402.22,17,380,294.47,1838.31,debit_card,same_day,,,2025-10
2695,ORD-20230406-02695,384,2023-04-06,pendiente,3108.0,19,470,652.68,3640.16,paypal,pickup,,,2023-04
2696,ORD-20240814-02696,106,2024-08-14,cancelado,3249.9,15,450,682.48,3894.9,bank_transfer,express,,Nota del cliente: Llamar antes,2024-08
2697,ORD-20250617-02697,267,2025-06-17,enviado,1202.43,4,310,252.51,1716.84,paypal,same_day,,,2025-06
2698,ORD-20250612-02698,196,2025-06-12,enviado,4485.37,18,40,941.93,4659.93,bank_transfer,express,8.0,Nota del cliente: Envolver para regalo,2025-06
2699,ORD-20231011-02699,335,2023-10-11,procesando,4156.32,10,220,872.83,4833.52,cash_on_delivery,express,4.0,,2023-10
2700,ORD-20240820-02700,161,2024-08-20,cancelado,2475.04,13,230,519.76,2903.04,paypal,pickup,,,2024-08
2701,ORD-20251021-02701,432,2025-10-21,procesando,4386.97,13,140,921.26,4877.92,bank_transfer,same_day,,,2025-10
2702,ORD-20230606-02702,219,2023-06-06,enviado,3202.05,18,270,672.43,3568.11,debit_card,pickup,,Nota del cliente: Llamar antes,2023-06
2703,ORD-20251110-02703,400,2025-11-10,enviado,4116.0,5,460,864.36,5234.56,bank_transfer,same_day,9.0,,2025-11
2704,ORD-20230316-02704,131,2023-03-16,cancelado,1150.04,0,470,241.51,1861.55,debit_card,express,,,2023-03
2705,ORD-20230413-02705,447,2023-04-13,pendiente,1546.03,9,320,324.67,2051.56,credit_card,standard,5.0,,2023-04
2706,ORD-20230307-02706,219,2023-03-07,enviado,3540.79,19,360,743.57,3971.61,debit_card,standard,,,2023-03
2707,ORD-20250501-02707,17,2025-05-01,pendiente,1635.85,8,180,343.53,2028.51,paypal,pickup,,,2025-05
2708,ORD-20250226-02708,232,2025-02-26,enviado,1699.7,5,80,356.94,2051.66,paypal,pickup,,,2025-02
2709,ORD-20250420-02709,35,2025-04-20,cancelado,1735.31,17,160,364.42,1964.73,paypal,standard,,,2025-04
2710,ORD-20230610-02710,161,2023-06-10,enviado,2191.68,16,370,460.25,2671.26,paypal,express,,,2023-06
2711,ORD-20230511-02711,100,2023-05-11,pendiente,1670.8,6,220,350.87,2141.42,bank_transfer,pickup,,,2023-05
2712,ORD-20240608-02712,14,2024-06-08,entregado,746.37,13,360,156.74,1166.08,paypal,standard,,,2024-06
2713,ORD-20250111-02713,427,2025-01-11,procesando,1313.16,19,480,275.76,1819.42,bank_transfer,same_day,,,2025-01
2714,ORD-20230323-02714,180,2023-03-23,procesando,1019.67,0,240,214.13,1473.8,debit_card,same_day,,,2023-03
2715,ORD-20240221-02715,498,2024-02-21,pendiente,3102.14,7,260,651.45,3796.44,paypal,pickup,2.0,,2024-02
2716,ORD-20241118-02716,382,2024-11-18,enviado,7299.86,17,310,1532.97,7901.85,credit_card,express,6.0,,2024-11
2717,ORD-20240927-02717,82,2024-09-27,entregado,2191.89,5,230,460.3,2772.6,bank_transfer,same_day,,,2024-09
2718,ORD-20250226-02718,75,2025-02-26,pendiente,2344.95,16,280,492.44,2742.2,credit_card,pickup,1.0,,2025-02
2719,ORD-20250123-02719,300,2025-01-23,pendiente,2074.62,7,400,435.67,2765.07,bank_transfer,pickup,,,2025-01
2720,ORD-20230618-02720,431,2023-06-18,enviado,2690.61,11,100,565.03,3059.67,debit_card,pickup,5.0,,2023-06
2721,ORD-20230121-02721,438,2023-01-21,enviado,1080.96,0,220,227.0,1527.96,credit_card,same_day,,Nota del cliente: Envolver para regalo,2023-01
2722,ORD-20250906-02722,373,2025-09-06,enviado,404.34,7,260,84.91,720.95,bank_transfer,express,2.0,,2025-09
2723,ORD-20231116-02723,36,2023-11-16,enviado,2595.1,0,190,544.97,3330.07,debit_card,pickup,,Nota del cliente: Llamar antes,2023-11
2724,ORD-20250525-02724,332,2025-05-25,entregado,1116.18,12,430,234.4,1646.64,credit_card,standard,5.0,,2025-05
2725,ORD-20250823-02725,247,2025-08-23,cancelado,2550.08,13,230,535.52,2984.09,cash_on_delivery,pickup,,,2025-08
2726,ORD-20240411-02726,369,2024-04-11,enviado,2085.61,14,90,437.98,2321.6,debit_card,pickup,,,2024-04
2727,ORD-20240101-02727,38,2024-01-01,cancelado,1707.9,17,480,358.66,2256.22,debit_card,same_day,,,2024-01
2728,ORD-20240228-02728,328,2024-02-28,cancelado,2279.06,19,440,478.6,2764.64,cash_on_delivery,same_day,7.0,,2024-02
2729,ORD-20231022-02729,213,2023-10-22,entregado,1617.36,20,290,339.65,1923.54,credit_card,express,,,2023-10
2730,ORD-20231212-02730,253,2023-12-12,cancelado,1279.17,12,420,268.63,1814.3,paypal,pickup,,,2023-12
2731,ORD-20231112-02731,176,2023-11-12,enviado,1011.14,5,20,212.34,1192.92,cash_on_delivery,standard,6.0,,2023-11
2732,ORD-20250617-02732,120,2025-06-17,entregado,5378.87,12,90,1129.56,5952.97,debit_card,same_day,,,2025-06
2733,ORD-20250716-02733,415,2025-07-16,cancelado,515.44,2,490,108.24,1103.37,credit_card,express,,,2025-07
2734,ORD-20230330-02734,181,2023-03-30,entregado,1531.68,1,190,321.65,2028.01,paypal,express,,,2023-03
2735,ORD-20241211-02735,387,2024-12-11,cancelado,1101.99,7,200,231.42,1456.27,cash_on_delivery,express,,Nota del cliente: Llamar antes,2024-12
2736,ORD-20240504-02736,138,2024-05-04,cancelado,2586.6,11,140,543.19,2985.26,cash_on_delivery,standard,,,2024-05
2737,ORD-20230620-02737,407,2023-06-20,enviado,3774.38,16,30,792.62,3993.1,paypal,pickup,,,2023-06
2738,ORD-20230905-02738,102,2023-09-05,enviado,2597.78,8,430,545.53,3365.49,bank_transfer,same_day,,,2023-09
2739,ORD-20240918-02739,50,2024-09-18,enviado,217.56,16,440,45.69,668.44,paypal,pickup,,,2024-09
2740,ORD-20230221-02740,111,2023-02-21,enviado,1035.28,16,200,217.41,1287.05,cash_on_delivery,standard,7.0,,2023-02
2741,ORD-20231120-02741,232,2023-11-20,enviado,2457.12,13,480,516.0,3133.69,bank_transfer,pickup,,,2023-11
2742,ORD-20250409-02742,218,2025-04-09,procesando,1477.98,13,260,310.38,1856.22,debit_card,pickup,,Nota del cliente: Envolver para regalo,2025-04
2743,ORD-20251025-02743,276,2025-10-25,entregado,1982.32,5,130,416.29,2429.49,paypal,express,,,2025-10
2744,ORD-20240531-02744,308,2024-05-31,entregado,299.51,8,250,62.9,588.45,debit_card,express,,Nota del cliente: Entregar por la tarde,2024-05
2745,ORD-20240226-02745,136,2024-02-26,enviado,3371.0,20,460,707.91,3864.71,paypal,pickup,,,2024-02
2746,ORD-20241212-02746,248,2024-12-12,pendiente,6327.2,2,100,1328.71,7629.37,credit_card,pickup,,,2024-12
2747,ORD-20231020-02747,482,2023-10-20,pendiente,2292.7,12,0,481.47,2499.05,bank_transfer,pickup,,,2023-10
2748,ORD-20240312-02748,325,2024-03-12,cancelado,1320.02,10,410,277.2,1875.22,bank_transfer,pickup,,,2024-03
2749,ORD-20230317-02749,46,2023-03-17,cancelado,1708.0,9,190,358.68,2102.96,bank_transfer,standard,,,2023-03
2750,ORD-20240901-02750,294,2024-09-01,entregado,325.3,15,460,68.31,804.82,credit_card,express,,,2024-09
2751,ORD-20251224-02751,148,2025-12-24,cancelado,3471.21,12,330,728.95,4113.61,debit_card,express,5.0,,2025-12
2752,ORD-20250331-02752,158,2025-03-31,entregado,515.44,13,470,108.24,1026.67,paypal,same_day,,,2025-03
2753,ORD-20231021-02753,19,2023-10-21,cancelado,950.65,5,400,199.64,1502.76,cash_on_delivery,standard,,Nota del cliente: Llamar antes,2023-10
2754,ORD-20240712-02754,456,2024-07-12,procesando,4973.92,10,350,1044.52,5871.05,bank_transfer,express,,,2024-07
2755,ORD-20241029-02755,276,2024-10-29,enviado,627.34,12,260,131.74,943.8,debit_card,pickup,,,2024-10
2756,ORD-20241019-02756,197,2024-10-19,enviado,2319.08,8,420,487.01,3040.56,bank_transfer,pickup,,,2024-10
2757,ORD-20250206-02757,282,2025-02-06,pendiente,3644.27,15,110,765.3,3972.93,cash_on_delivery,standard,,,2025-02
2758,ORD-20231223-02758,433,2023-12-23,procesando,1374.72,20,350,288.69,1738.47,paypal,standard,,,2023-12
2759,ORD-20230526-02759,228,2023-05-26,procesando,3283.44,4,160,689.52,4001.62,paypal,pickup,,,2023-05
2760,ORD-20240919-02760,157,2024-09-19,enviado,1588.53,4,460,333.59,2318.58,paypal,express,4.0,,2024-09
2761,ORD-20250322-02761,86,2025-03-22,enviado,5809.29,7,280,1219.95,6902.59,cash_on_delivery,standard,,,2025-03
2762,ORD-20240605-02762,263,2024-06-05,entregado,2199.07,9,0,461.8,2462.95,credit_card,pickup,,Nota del cliente: Entregar por la tarde,2024-06
2763,ORD-20250921-02763,132,2025-09-21,procesando,4563.83,13,60,958.4,4988.93,credit_card,pickup,,,2025-09
2764,ORD-20240306-02764,493,2024-03-06,entregado,2356.51,0,430,494.87,3281.38,debit_card,express,,,2024-03
2765,ORD-20230225-02765,419,2023-02-25,procesando,1522.96,2,80,319.82,1892.32,cash_on_delivery,pickup,,,2023-02
2766,ORD-20240528-02766,64,2024-05-28,pendiente,4207.96,3,310,883.67,5275.39,paypal,standard,,,2024-05
2767,ORD-20240212-02767,48,2024-02-12,procesando,2435.9,12,380,511.54,3035.13,bank_transfer,pickup,10.0,,2024-02
2768,ORD-20250707-02768,463,2025-07-07,cancelado,1860.96,12,0,390.8,2028.44,credit_card,pickup,,,2025-07
2769,ORD-20231004-02769,322,2023-10-04,cancelado,2434.03,13,190,511.15,2818.76,bank_transfer,pickup,,,2023-10
2770,ORD-20240205-02770,294,2024-02-05,entregado,2622.93,0,0,550.82,3173.75,cash_on_delivery,same_day,,,2024-02
2771,ORD-20251004-02771,372,2025-10-04,enviado,1650.05,17,250,346.51,1966.05,credit_card,express,,,2025-10
2772,ORD-20230627-02772,29,2023-06-27,procesando,1465.6,6,20,307.78,1705.44,cash_on_delivery,same_day,6.0,Nota del cliente: Dejar en portería,2023-06
2773,ORD-20230307-02773,111,2023-03-07,cancelado,773.16,2,10,162.36,930.06,bank_transfer,standard,,Nota del cliente: Entregar por la tarde,2023-03
2774,ORD-20251029-02774,410,2025-10-29,enviado,1659.29,6,20,348.45,1928.18,paypal,express,,Nota del cliente: Dejar en portería,2025-10
2775,ORD-20250527-02775,100,2025-05-27,cancelado,2176.68,7,150,457.1,2631.41,cash_on_delivery,pickup,6.0,,2025-05
2776,ORD-20250612-02776,423,2025-06-12,procesando,2378.57,7,500,499.5,3211.57,debit_card,same_day,,,2025-06
2777,ORD-20240812-02777,42,2024-08-12,enviado,3333.75,1,160,700.09,4160.5,bank_transfer,express,2.0,,2024-08
2778,ORD-20241117-02778,147,2024-11-17,procesando,4062.57,13,110,853.14,4497.58,debit_card,pickup,,,2024-11
2779,ORD-20231222-02779,210,2023-12-22,procesando,897.42,6,0,188.46,1032.03,debit_card,pickup,,,2023-12
2780,ORD-20230317-02780,21,2023-03-17,enviado,1738.65,11,50,365.12,1962.52,cash_on_delivery,same_day,,,2023-03
2781,ORD-20250406-02781,168,2025-04-06,enviado,2632.84,20,50,552.9,2709.17,paypal,express,,,2025-04
2782,ORD-20241010-02782,123,2024-10-10,entregado,644.32,3,150,135.31,910.3,cash_on_delivery,standard,,,2024-10
2783,ORD-20240407-02783,74,2024-04-07,procesando,2032.39,9,270,426.8,2546.27,credit_card,express,,Nota del cliente: Llamar antes,2024-04
2784,ORD-20250903-02784,107,2025-09-03,cancelado,2056.08,17,30,431.78,2168.33,bank_transfer,same_day,,,2025-09
2785,ORD-20230320-02785,428,2023-03-20,procesando,2872.53,6,180,603.23,3483.41,bank_transfer,standard,,,2023-03
2786,ORD-20240904-02786,434,2024-09-04,procesando,1859.73,8,240,390.54,2341.49,cash_on_delivery,pickup,7.0,,2024-09
2787,ORD-20240519-02787,318,2024-05-19,cancelado,1066.92,19,370,224.05,1458.26,paypal,pickup,,,2024-05
2788,ORD-20250520-02788,24,2025-05-20,cancelado,2815.65,2,470,591.29,3820.63,cash_on_delivery,standard,,,2025-05
2789,ORD-20240708-02789,368,2024-07-08,enviado,496.75,4,40,104.32,621.2,cash_on_delivery,express,,,2024-07
2790,ORD-20250406-02790,242,2025-04-06,entregado,3170.06,12,320,665.71,3775.36,paypal,express,3.0,,2025-04
2791,ORD-20230704-02791,111,2023-07-04,pendiente,2772.88,17,190,582.3,3073.79,credit_card,express,3.0,,2023-07
2792,ORD-20240813-02792,197,2024-08-13,cancelado,2357.42,15,90,495.06,2588.87,debit_card,standard,,Nota del cliente: Envolver para regalo,2024-08
2793,ORD-20240303-02793,262,2024-03-03,procesando,1826.75,11,410,383.62,2419.43,bank_transfer,standard,,,2024-03
2794,ORD-20250317-02794,97,2025-03-17,pendiente,1315.9,4,370,276.34,1909.6,paypal,express,10.0,,2025-03
2795,ORD-20230219-02795,224,2023-02-19,procesando,3481.9,20,460,731.2,3976.72,cash_on_delivery,standard,,,2023-02
2796,ORD-20240522-02796,303,2024-05-22,procesando,621.77,1,170,130.57,916.12,debit_card,express,6.0,,2024-05
2797,ORD-20240502-02797,445,2024-05-02,pendiente,2950.93,11,360,619.7,3606.03,bank_transfer,pickup,,,2024-05
2798,ORD-20231108-02798,86,2023-11-08,cancelado,618.13,20,180,129.81,804.31,cash_on_delivery,express,,,2023-11
2799,ORD-20231125-02799,201,2023-11-25,entregado,2877.84,12,10,604.35,3146.85,credit_card,express,,,2023-11
2800,ORD-20250405-02800,21,2025-04-05,procesando,2492.91,1,180,523.51,3171.49,debit_card,same_day,2.0,,2025-04
2801,ORD-20250822-02801,268,2025-08-22,procesando,3893.69,9,260,817.67,4620.93,debit_card,express,,,2025-08
2802,ORD-20231003-02802,338,2023-10-03,procesando,409.08,17,220,85.91,645.45,bank_transfer,pickup,10.0,Nota del cliente: Dejar en portería,2023-10
2803,ORD-20241112-02803,202,2024-11-12,cancelado,2253.4,17,400,473.21,2743.53,bank_transfer,standard,10.0,,2024-11
2804,ORD-20251105-02804,33,2025-11-05,cancelado,3960.86,2,110,831.78,4823.42,credit_card,pickup,,,2025-11
2805,ORD-20240511-02805,340,2024-05-11,cancelado,100.55,7,50,21.12,164.63,cash_on_delivery,standard,6.0,,2024-05
2806,ORD-20250228-02806,115,2025-02-28,procesando,1845.71,4,180,387.6,2339.48,bank_transfer,pickup,,Nota del cliente: Envolver para regalo,2025-02
2807,ORD-20241221-02807,246,2024-12-21,cancelado,2752.94,4,30,578.12,3250.94,bank_transfer,standard,,,2024-12
2808,ORD-20250605-02808,21,2025-06-05,entregado,1921.31,15,250,403.48,2286.59,paypal,express,,,2025-06
2809,ORD-20240226-02809,7,2024-02-26,entregado,985.32,20,330,206.92,1325.18,cash_on_delivery,pickup,,,2024-02
2810,ORD-20230130-02810,253,2023-01-30,enviado,828.75,11,180,174.04,1091.63,debit_card,express,,,2023-01
2811,ORD-20250403-02811,366,2025-04-03,entregado,5661.03,18,330,1188.82,6160.86,paypal,standard,,,2025-04
2812,ORD-20230530-02812,174,2023-05-30,enviado,3965.11,10,70,832.67,4471.27,paypal,pickup,,Nota del cliente: Dejar en portería,2023-05
2813,ORD-20250220-02813,357,2025-02-20,enviado,1987.02,0,370,417.27,2774.29,bank_transfer,pickup,,,2025-02
2814,ORD-20231218-02814,200,2023-12-18,cancelado,2821.09,1,380,592.43,3765.31,debit_card,express,,,2023-12
2815,ORD-20250825-02815,414,2025-08-25,entregado,5926.53,3,230,1244.57,7223.3,credit_card,pickup,,,2025-08
2816,ORD-20230314-02816,370,2023-03-14,entregado,2000.6,2,30,420.13,2410.72,bank_transfer,express,,,2023-03
2817,ORD-20230813-02817,494,2023-08-13,procesando,5337.8,0,240,1120.94,6698.74,bank_transfer,express,,,2023-08
2818,ORD-20231204-02818,98,2023-12-04,cancelado,3169.33,3,0,665.56,3739.81,debit_card,standard,,,2023-12
2819,ORD-20230721-02819,178,2023-07-21,enviado,3012.16,17,470,632.55,3602.64,cash_on_delivery,pickup,,,2023-07
2820,ORD-20251202-02820,255,2025-12-02,pendiente,267.01,12,150,56.07,441.04,cash_on_delivery,same_day,,,2025-12
2821,ORD-20250804-02821,498,2025-08-04,pendiente,4928.04,1,440,1034.89,6353.65,credit_card,standard,,,2025-08
2822,ORD-20250727-02822,373,2025-07-27,pendiente,887.08,17,100,186.29,1022.57,credit_card,pickup,,,2025-07
2823,ORD-20250809-02823,25,2025-08-09,cancelado,290.5,5,370,61.01,706.99,paypal,same_day,,,2025-08
2824,ORD-20240210-02824,138,2024-02-10,entregado,1993.4,11,100,418.61,2292.74,credit_card,standard,,Nota del cliente: Envolver para regalo,2024-02
2825,ORD-20230621-02825,123,2023-06-21,procesando,2362.37,6,490,496.1,3206.73,debit_card,pickup,,Nota del cliente: Entregar por la tarde,2023-06
2826,ORD-20240531-02826,50,2024-05-31,cancelado,3269.4,8,330,686.57,4024.42,cash_on_delivery,same_day,,Nota del cliente: Dejar en portería,2024-05
2827,ORD-20230121-02827,365,2023-01-21,enviado,588.48,15,150,123.58,773.79,credit_card,pickup,,,2023-01
2828,ORD-20240802-02828,330,2024-08-02,procesando,3633.58,8,230,763.05,4335.94,credit_card,express,,,2024-08
2829,ORD-20241024-02829,193,2024-10-24,pendiente,1558.88,13,140,327.36,1823.59,credit_card,same_day,3.0,,2024-10
2830,ORD-20250213-02830,59,2025-02-13,procesando,2997.98,13,350,629.58,3587.82,paypal,express,,,2025-02
2831,ORD-20240813-02831,21,2024-08-13,cancelado,787.5,14,180,165.38,1022.63,debit_card,express,,,2024-08
2832,ORD-20250114-02832,314,2025-01-14,pendiente,1362.64,9,0,286.15,1526.15,bank_transfer,standard,,,2025-01
2833,ORD-20250910-02833,70,2025-09-10,pendiente,2432.71,1,200,510.87,3119.25,paypal,pickup,,,2025-09
2834,ORD-20230505-02834,419,2023-05-05,cancelado,2992.28,6,20,628.38,3461.12,paypal,same_day,,,2023-05
2835,ORD-20240214-02835,474,2024-02-14,entregado,1953.58,17,420,410.25,2451.72,credit_card,same_day,,,2024-02
2836,ORD-20230529-02836,19,2023-05-29,procesando,4713.84,18,270,989.91,5125.26,paypal,same_day,3.0,,2023-05
2837,ORD-20250217-02837,300,2025-02-17,pendiente,760.52,3,170,159.71,1067.41,bank_transfer,pickup,2.0,,2025-02
2838,ORD-20250423-02838,257,2025-04-23,procesando,1058.25,15,160,222.23,1281.74,credit_card,standard,,,2025-04
2839,ORD-20230414-02839,59,2023-04-14,procesando,655.41,10,460,137.64,1187.51,credit_card,express,,,2023-04
2840,ORD-20231125-02840,247,2023-11-25,pendiente,5773.38,17,80,1212.41,6084.32,paypal,standard,3.0,,2023-11
2841,ORD-20250827-02841,155,2025-08-27,enviado,2387.08,9,490,501.29,3163.53,paypal,express,,Nota del cliente: Entregar por la tarde,2025-08
2842,ORD-20241130-02842,119,2024-11-30,procesando,3568.83,15,460,749.45,4242.96,debit_card,express,,,2024-11
2843,ORD-20251102-02843,115,2025-11-02,entregado,4252.87,17,410,893.1,4832.98,bank_transfer,same_day,,Nota del cliente: Entregar por la tarde,2025-11
2844,ORD-20230404-02844,161,2023-04-04,enviado,1607.42,20,250,337.56,1873.5,bank_transfer,standard,,Nota del cliente: Dejar en portería,2023-04
2845,ORD-20250225-02845,494,2025-02-25,entregado,2176.17,9,50,457.0,2487.31,paypal,pickup,,,2025-02
2846,ORD-20230520-02846,214,2023-05-20,enviado,4219.85,19,60,886.17,4364.25,cash_on_delivery,standard,2.0,,2023-05
2847,ORD-20230619-02847,164,2023-06-19,pendiente,3119.34,10,140,655.06,3602.47,debit_card,express,,,2023-06
2848,ORD-20231005-02848,52,2023-10-05,procesando,2893.65,10,300,607.67,3511.96,cash_on_delivery,pickup,7.0,,2023-10
2849,ORD-20241017-02849,108,2024-10-17,entregado,470.19,3,250,98.74,804.82,credit_card,standard,6.0,Nota del cliente: Envolver para regalo,2024-10
2850,ORD-20250104-02850,134,2025-01-04,procesando,3054.73,8,450,641.49,3901.84,credit_card,standard,6.0,,2025-01
2851,ORD-20250815-02851,382,2025-08-15,enviado,2551.32,2,180,535.78,3216.07,paypal,pickup,,,2025-08
2852,ORD-20250421-02852,31,2025-04-21,enviado,225.2,17,70,47.29,304.21,paypal,standard,7.0,,2025-04
2853,ORD-20250317-02853,88,2025-03-17,enviado,3870.2,9,330,812.74,4664.62,debit_card,standard,,Nota del cliente: Envolver para regalo,2025-03
2854,ORD-20251108-02854,146,2025-11-08,procesando,2235.1,7,220,469.37,2768.01,bank_transfer,express,,,2025-11
2855,ORD-20240311-02855,340,2024-03-11,entregado,1846.78,2,310,387.82,2507.66,bank_transfer,express,6.0,,2024-03
2856,ORD-20250419-02856,157,2025-04-19,cancelado,6197.14,16,10,1301.4,6517.0,paypal,pickup,,,2025-04
2857,ORD-20230428-02857,21,2023-04-28,cancelado,4505.26,12,120,946.1,5030.73,credit_card,standard,5.0,,2023-04
2858,ORD-20240223-02858,311,2024-02-23,entregado,2242.19,8,130,470.86,2663.67,credit_card,standard,,,2024-02
2859,ORD-20230119-02859,203,2023-01-19,entregado,4746.06,3,380,996.67,5980.35,credit_card,standard,,,2023-01
2860,ORD-20240131-02860,206,2024-01-31,procesando,3476.48,19,230,730.06,3776.01,credit_card,express,,,2024-01
2861,ORD-20250916-02861,281,2025-09-16,cancelado,1365.97,17,380,286.85,1800.61,bank_transfer,express,,,2025-09
2862,ORD-20251013-02862,500,2025-10-13,procesando,3628.32,1,420,761.95,4773.99,paypal,pickup,7.0,,2025-10
2863,ORD-20231107-02863,394,2023-11-07,cancelado,2821.66,10,80,592.55,3212.04,paypal,pickup,,,2023-11
2864,ORD-20250709-02864,165,2025-07-09,pendiente,1993.97,11,470,418.73,2663.36,paypal,standard,,,2025-07
2865,ORD-20240115-02865,24,2024-01-15,procesando,3903.45,9,470,819.72,4841.86,debit_card,same_day,10.0,,2024-01
2866,ORD-20230115-02866,411,2023-01-15,cancelado,416.18,12,360,87.4,813.64,credit_card,pickup,2.0,,2023-01
2867,ORD-20230411-02867,40,2023-04-11,enviado,6059.41,11,90,1272.48,6755.35,debit_card,same_day,,,2023-04
2868,ORD-20251008-02868,105,2025-10-08,pendiente,2853.34,18,80,599.2,3018.94,bank_transfer,standard,,Nota del cliente: Entregar por la tarde,2025-10
2869,ORD-20231011-02869,194,2023-10-11,pendiente,773.8,14,270,162.5,1097.97,bank_transfer,standard,,,2023-10
2870,ORD-20240401-02870,243,2024-04-01,procesando,1503.16,15,350,315.66,1943.35,debit_card,standard,,,2024-04
2871,ORD-20240508-02871,438,2024-05-08,enviado,4217.77,10,0,885.73,4681.72,debit_card,express,,,2024-05
2872,ORD-20230615-02872,93,2023-06-15,procesando,3084.63,17,30,647.77,3238.01,credit_card,express,,Nota del cliente: Dejar en portería,2023-06
2873,ORD-20251129-02873,377,2025-11-29,entregado,1198.7,5,120,251.73,1510.5,paypal,standard,,,2025-11
2874,ORD-20230805-02874,340,2023-08-05,entregado,3748.7,0,200,787.23,4735.93,paypal,same_day,8.0,,2023-08
2875,ORD-20250112-02875,208,2025-01-12,procesando,2029.55,9,440,426.21,2713.1,bank_transfer,pickup,,,2025-01
2876,ORD-20250113-02876,329,2025-01-13,procesando,1043.68,11,230,219.17,1378.05,cash_on_delivery,same_day,,,2025-01
2877,ORD-20231219-02877,126,2023-12-19,enviado,1299.6,4,300,272.92,1820.54,bank_transfer,pickup,,,2023-12
2878,ORD-20250310-02878,230,2025-03-10,entregado,3322.84,10,480,697.8,4168.36,paypal,standard,4.0,,2025-03
2879,ORD-20240405-02879,237,2024-04-05,entregado,488.86,9,480,102.66,1027.52,bank_transfer,same_day,,,2024-04
2880,ORD-20230328-02880,493,2023-03-28,entregado,2842.22,5,500,596.87,3796.98,credit_card,express,,,2023-03
2881,ORD-20230215-02881,255,2023-02-15,pendiente,2615.64,6,360,549.28,3367.98,bank_transfer,standard,,,2023-02
2882,ORD-20240309-02882,257,2024-03-09,pendiente,1288.6,19,320,270.61,1634.38,cash_on_delivery,pickup,,Nota del cliente: Llamar antes,2024-03
2883,ORD-20230314-02883,431,2023-03-14,procesando,4106.74,14,310,862.42,4704.22,bank_transfer,standard,2.0,,2023-03
2884,ORD-20240413-02884,342,2024-04-13,enviado,3007.47,0,10,631.57,3649.04,bank_transfer,same_day,,,2024-04
2885,ORD-20230404-02885,249,2023-04-04,cancelado,4924.23,5,160,1034.09,5872.11,credit_card,same_day,,,2023-04
2886,ORD-20240915-02886,269,2024-09-15,procesando,854.68,9,320,179.48,1277.24,paypal,standard,,,2024-09
2887,ORD-20231031-02887,319,2023-10-31,procesando,1846.58,14,230,387.78,2205.84,cash_on_delivery,express,5.0,,2023-10
2888,ORD-20240120-02888,273,2024-01-20,entregado,4038.79,15,220,848.15,4501.12,paypal,express,,,2024-01
2889,ORD-20241104-02889,163,2024-11-04,entregado,5339.97,20,460,1121.39,5853.37,paypal,express,,Nota del cliente: Envolver para regalo,2024-11
2890,ORD-20250703-02890,208,2025-07-03,enviado,4791.73,12,280,1006.26,5502.98,debit_card,pickup,7.0,,2025-07
2891,ORD-20250205-02891,57,2025-02-05,enviado,1916.68,2,320,402.5,2600.85,bank_transfer,standard,,,2025-02
2892,ORD-20250815-02892,407,2025-08-15,enviado,5068.43,16,290,1064.37,5611.85,bank_transfer,express,,,2025-08
2893,ORD-20240405-02893,4,2024-04-05,cancelado,1477.86,19,270,310.35,1777.42,paypal,standard,,,2024-04
2894,ORD-20240830-02894,237,2024-08-30,entregado,1203.34,13,50,252.7,1349.61,bank_transfer,standard,,,2024-08
2895,ORD-20250211-02895,67,2025-02-11,entregado,1832.63,3,360,384.85,2522.5,debit_card,pickup,,,2025-02
2896,ORD-20230115-02896,355,2023-01-15,enviado,3315.15,14,30,696.18,3577.21,bank_transfer,pickup,,,2023-01
2897,ORD-20240808-02897,200,2024-08-08,procesando,1639.41,17,410,344.28,2114.99,paypal,standard,4.0,Nota del cliente: Dejar en portería,2024-08
2898,ORD-20250726-02898,187,2025-07-26,cancelado,2681.52,4,450,563.12,3587.38,paypal,standard,,,2025-07
2899,ORD-20230319-02899,188,2023-03-19,procesando,447.52,6,150,93.98,664.65,paypal,same_day,,,2023-03
2900,ORD-20250330-02900,258,2025-03-30,procesando,1990.33,6,160,417.97,2448.88,paypal,express,,Nota del cliente: Llamar antes,2025-03
2901,ORD-20240829-02901,383,2024-08-29,procesando,3455.29,10,340,725.61,4175.37,cash_on_delivery,express,,,2024-08
2902,ORD-20250207-02902,287,2025-02-07,procesando,3937.8,12,480,826.94,4772.2,bank_transfer,standard,,,2025-02
2903,ORD-20230530-02903,308,2023-05-30,entregado,3275.7,4,410,687.9,4242.57,credit_card,standard,,,2023-05
2904,ORD-20240602-02904,168,2024-06-02,enviado,1885.39,18,70,395.93,2011.95,debit_card,standard,,,2024-06
2905,ORD-20230325-02905,412,2023-03-25,cancelado,446.53,1,180,93.77,715.83,credit_card,standard,,,2023-03
2906,ORD-20250912-02906,452,2025-09-12,pendiente,485.79,15,90,102.02,604.94,debit_card,express,,,2025-09
2907,ORD-20240714-02907,330,2024-07-14,procesando,2159.57,4,10,453.51,2536.7,bank_transfer,same_day,,,2024-07
2908,ORD-20250205-02908,193,2025-02-05,procesando,1557.79,14,300,327.14,1966.84,paypal,express,5.0,,2025-02
2909,ORD-20250712-02909,339,2025-07-12,cancelado,2503.64,16,270,525.76,2898.82,cash_on_delivery,standard,,,2025-07
2910,ORD-20241011-02910,272,2024-10-11,entregado,4110.6,5,50,863.23,4818.3,credit_card,same_day,,,2024-10
2911,ORD-20240712-02911,321,2024-07-12,cancelado,4550.75,19,300,955.66,4941.77,cash_on_delivery,pickup,,,2024-07
2912,ORD-20250313-02912,222,2025-03-13,procesando,879.85,10,230,184.77,1206.64,debit_card,standard,,Nota del cliente: Envolver para regalo,2025-03
2913,ORD-20250414-02913,279,2025-04-14,enviado,1839.0,11,110,386.19,2132.9,credit_card,same_day,,Nota del cliente: Envolver para regalo,2025-04
2914,ORD-20240617-02914,475,2024-06-17,pendiente,2886.15,7,140,606.09,3430.21,debit_card,express,6.0,,2024-06
2915,ORD-20241012-02915,291,2024-10-12,enviado,441.78,19,200,92.77,650.61,debit_card,express,,Nota del cliente: Dejar en portería,2024-10
2916,ORD-20250727-02916,248,2025-07-27,enviado,4331.28,7,430,909.57,5367.66,bank_transfer,express,,Nota del cliente: Entregar por la tarde,2025-07
2917,ORD-20250512-02917,296,2025-05-12,entregado,3479.94,13,350,730.79,4108.34,bank_transfer,same_day,,,2025-05
2918,ORD-20240326-02918,400,2024-03-26,enviado,1176.55,4,100,247.08,1476.57,credit_card,same_day,7.0,,2024-03
2919,ORD-20241223-02919,203,2024-12-23,entregado,2580.45,17,70,541.89,2753.66,cash_on_delivery,pickup,10.0,Nota del cliente: Envolver para regalo,2024-12
2920,ORD-20250525-02920,484,2025-05-25,cancelado,299.49,8,190,62.89,528.42,paypal,standard,7.0,,2025-05
2921,ORD-20251115-02921,392,2025-11-15,entregado,1346.67,11,470,282.8,1951.34,debit_card,pickup,,,2025-11
2922,ORD-20250227-02922,317,2025-02-27,cancelado,1732.86,13,100,363.9,1971.49,bank_transfer,same_day,6.0,,2025-02
2923,ORD-20230818-02923,216,2023-08-18,entregado,2732.16,3,30,573.75,3253.95,paypal,express,,,2023-08
2924,ORD-20231001-02924,313,2023-10-01,enviado,787.5,5,170,165.38,1083.51,debit_card,standard,,Nota del cliente: Llamar antes,2023-10
2925,ORD-20241108-02925,20,2024-11-08,pendiente,1239.86,9,360,260.37,1748.64,debit_card,same_day,,,2024-11
2926,ORD-20241006-02926,81,2024-10-06,pendiente,1699.54,9,330,356.9,2233.48,credit_card,pickup,,,2024-10
2927,ORD-20230427-02927,174,2023-04-27,pendiente,1206.41,17,240,253.35,1494.67,bank_transfer,express,10.0,,2023-04
2928,ORD-20250131-02928,350,2025-01-31,procesando,1515.87,8,140,318.33,1852.93,debit_card,standard,,,2025-01
2929,ORD-20250707-02929,479,2025-07-07,enviado,2043.94,6,430,429.23,2780.53,credit_card,same_day,,,2025-07
2930,ORD-20230504-02930,435,2023-05-04,enviado,993.68,17,220,208.67,1253.42,debit_card,standard,,,2023-05
2931,ORD-20240319-02931,472,2024-03-19,cancelado,2029.31,4,480,426.16,2854.3,paypal,standard,,,2024-03
2932,ORD-20250503-02932,244,2025-05-03,enviado,4328.82,11,50,909.05,4811.7,bank_transfer,express,,Nota del cliente: Llamar antes,2025-05
2933,ORD-20241010-02933,228,2024-10-10,enviado,1880.24,18,170,394.85,2106.65,cash_on_delivery,same_day,,Nota del cliente: Envolver para regalo,2024-10
2934,ORD-20250801-02934,479,2025-08-01,pendiente,3629.82,18,270,762.26,4008.71,debit_card,pickup,6.0,Nota del cliente: Envolver para regalo,2025-08
2935,ORD-20240601-02935,86,2024-06-01,cancelado,3032.42,14,330,636.81,3574.69,debit_card,pickup,,,2024-06
2936,ORD-20240116-02936,235,2024-01-16,entregado,3794.29,2,310,796.8,4825.2,debit_card,pickup,4.0,,2024-01
2937,ORD-20240628-02937,475,2024-06-28,entregado,109.4,11,220,22.97,340.34,cash_on_delivery,pickup,,,2024-06
2938,ORD-20250616-02938,235,2025-06-16,procesando,1978.66,14,390,415.52,2507.17,paypal,express,,,2025-06
2939,ORD-20250806-02939,471,2025-08-06,procesando,971.58,11,250,204.03,1318.74,cash_on_delivery,same_day,,,2025-08
2940,ORD-20230123-02940,393,2023-01-23,procesando,2877.9,1,480,604.36,3933.48,debit_card,pickup,2.0,,2023-01
2941,ORD-20250630-02941,496,2025-06-30,entregado,4183.26,3,480,878.48,5416.24,cash_on_delivery,same_day,,,2025-06
2942,ORD-20241024-02942,344,2024-10-24,cancelado,2121.48,19,420,445.51,2583.91,paypal,pickup,2.0,,2024-10
2943,ORD-20251124-02943,363,2025-11-24,cancelado,3082.05,18,320,647.23,3494.51,credit_card,standard,,Nota del cliente: Dejar en portería,2025-11
2944,ORD-20230405-02944,239,2023-04-05,cancelado,4371.1,1,290,917.93,5535.32,debit_card,same_day,,,2023-04
2945,ORD-20240916-02945,196,2024-09-16,entregado,5416.32,4,250,1137.43,6587.1,bank_transfer,same_day,,,2024-09
2946,ORD-20250608-02946,259,2025-06-08,enviado,649.64,20,490,136.42,1146.13,credit_card,standard,,,2025-06
2947,ORD-20250129-02947,75,2025-01-29,cancelado,1317.18,13,70,276.61,1492.56,cash_on_delivery,standard,,,2025-01
2948,ORD-20250324-02948,224,2025-03-24,procesando,2095.13,7,310,439.98,2698.45,cash_on_delivery,pickup,,,2025-03
2949,ORD-20231111-02949,244,2023-11-11,enviado,3654.6,13,80,767.47,4026.97,credit_card,express,,,2023-11
2950,ORD-20241125-02950,166,2024-11-25,cancelado,1158.92,8,170,243.37,1479.58,paypal,standard,,,2024-11
2951,ORD-20240611-02951,289,2024-06-11,enviado,2966.35,9,270,622.93,3592.31,cash_on_delivery,pickup,,,2024-06
2952,ORD-20250216-02952,339,2025-02-16,pendiente,2921.34,13,110,613.48,3265.05,paypal,pickup,,Nota del cliente: Dejar en portería,2025-02
2953,ORD-20241205-02953,443,2024-12-05,entregado,2489.13,11,420,522.72,3158.05,paypal,pickup,,,2024-12
2954,ORD-20250325-02954,419,2025-03-25,procesando,4392.76,10,150,922.48,5025.96,credit_card,express,,,2025-03
2955,ORD-20230719-02955,398,2023-07-19,enviado,2175.11,16,90,456.77,2373.86,debit_card,same_day,4.0,,2023-07
2956,ORD-20231228-02956,438,2023-12-28,entregado,143.68,9,80,30.17,240.92,bank_transfer,standard,,,2023-12
2957,ORD-20230828-02957,57,2023-08-28,enviado,2788.88,7,20,585.66,3199.32,bank_transfer,express,1.0,,2023-08
2958,ORD-20250326-02958,20,2025-03-26,enviado,520.26,13,80,109.25,641.88,paypal,same_day,,Nota del cliente: Dejar en portería,2025-03
2959,ORD-20250503-02959,282,2025-05-03,entregado,3083.56,14,130,647.55,3429.41,paypal,express,,,2025-05
2960,ORD-20230304-02960,222,2023-03-04,pendiente,1385.44,12,60,290.94,1570.13,debit_card,pickup,3.0,,2023-03
2961,ORD-20231114-02961,30,2023-11-14,entregado,567.1,0,80,119.09,766.19,paypal,same_day,,,2023-11
2962,ORD-20230105-02962,132,2023-01-05,procesando,2263.13,18,450,475.26,2781.03,debit_card,pickup,,,2023-01
2963,ORD-20241016-02963,63,2024-10-16,cancelado,2142.74,9,320,449.98,2719.87,debit_card,same_day,4.0,,2024-10
2964,ORD-20230613-02964,490,2023-06-13,cancelado,88.91,5,430,18.67,533.13,credit_card,express,,,2023-06
2965,ORD-20250402-02965,203,2025-04-02,enviado,5341.67,11,110,1121.75,5985.84,credit_card,express,,,2025-04
2966,ORD-20231002-02966,205,2023-10-02,enviado,436.48,11,360,91.66,840.13,cash_on_delivery,pickup,,Nota del cliente: Entregar por la tarde,2023-10
2967,ORD-20251209-02967,246,2025-12-09,pendiente,827.4,15,80,173.75,957.04,credit_card,same_day,1.0,,2025-12
2968,ORD-20230304-02968,88,2023-03-04,entregado,3184.45,5,210,668.73,3903.96,paypal,same_day,,,2023-03
2969,ORD-20231124-02969,439,2023-11-24,cancelado,1380.28,2,280,289.86,1922.53,bank_transfer,standard,,,2023-11
2970,ORD-20230131-02970,41,2023-01-31,entregado,4229.77,18,240,888.25,4596.66,credit_card,same_day,6.0,,2023-01
2971,ORD-20241104-02971,107,2024-11-04,procesando,854.92,14,270,179.53,1184.76,paypal,pickup,2.0,,2024-11
2972,ORD-20240911-02972,129,2024-09-11,pendiente,226.86,9,360,47.64,614.08,paypal,pickup,,,2024-09
2973,ORD-20240821-02973,263,2024-08-21,enviado,551.6,3,0,115.84,650.89,cash_on_delivery,express,,,2024-08
2974,ORD-20250218-02974,241,2025-02-18,cancelado,2129.79,16,500,447.26,2736.28,paypal,same_day,1.0,Nota del cliente: Entregar por la tarde,2025-02
2975,ORD-20250111-02975,446,2025-01-11,pendiente,2211.98,16,350,464.52,2672.58,debit_card,standard,,,2025-01
2976,ORD-20240518-02976,487,2024-05-18,enviado,2321.24,0,0,487.46,2808.7,debit_card,standard,,,2024-05
2977,ORD-20250220-02977,152,2025-02-20,enviado,3411.66,12,280,716.45,3998.71,debit_card,express,,,2025-02
2978,ORD-20230402-02978,197,2023-04-02,procesando,1612.51,13,90,338.63,1831.51,credit_card,pickup,5.0,,2023-04
2979,ORD-20251023-02979,87,2025-10-23,enviado,4528.97,12,30,951.08,4966.57,bank_transfer,standard,,Nota del cliente: Llamar antes,2025-10
2980,ORD-20230408-02980,39,2023-04-08,procesando,5878.71,15,220,1234.53,6451.43,credit_card,same_day,,,2023-04
2981,ORD-20230305-02981,284,2023-03-05,enviado,2383.31,12,130,500.5,2727.81,credit_card,pickup,1.0,,2023-03
2982,ORD-20240528-02982,401,2024-05-28,enviado,883.56,2,200,185.55,1251.44,cash_on_delivery,standard,,,2024-05
2983,ORD-20230607-02983,297,2023-06-07,enviado,3611.44,0,200,758.4,4569.84,bank_transfer,same_day,,,2023-06
2984,ORD-20240128-02984,118,2024-01-28,enviado,5152.28,15,190,1081.98,5651.42,debit_card,express,4.0,,2024-01
2985,ORD-20250424-02985,155,2025-04-24,cancelado,608.52,17,10,127.79,642.86,credit_card,pickup,,,2025-04
2986,ORD-20230604-02986,490,2023-06-04,enviado,2352.5,12,260,494.03,2824.23,debit_card,same_day,,,2023-06
2987,ORD-20250411-02987,162,2025-04-11,procesando,2688.66,15,470,564.62,3319.98,debit_card,same_day,,,2025-04
2988,ORD-20240822-02988,144,2024-08-22,pendiente,1615.64,10,100,339.28,1893.36,bank_transfer,pickup,,,2024-08
2989,ORD-20231105-02989,374,2023-11-05,cancelado,3810.77,14,170,800.26,4247.52,debit_card,pickup,,,2023-11
2990,ORD-20240819-02990,365,2024-08-19,cancelado,1650.35,2,140,346.57,2103.91,paypal,standard,,,2024-08
2991,ORD-20230925-02991,272,2023-09-25,pendiente,1878.95,12,120,394.58,2168.06,cash_on_delivery,express,,,2023-09
2992,ORD-20250726-02992,445,2025-07-26,entregado,1813.87,3,20,380.91,2160.36,credit_card,same_day,,,2025-07
2993,ORD-20240519-02993,258,2024-05-19,procesando,3053.5,18,410,641.24,3555.11,paypal,standard,,,2024-05
2994,ORD-20230323-02994,32,2023-03-23,procesando,4265.45,7,30,895.74,4892.61,cash_on_delivery,express,,Nota del cliente: Llamar antes,2023-03
2995,ORD-20250216-02995,372,2025-02-16,enviado,1548.95,3,130,325.28,1957.76,paypal,express,,,2025-02
2996,ORD-20231029-02996,378,2023-10-29,cancelado,6624.19,20,200,1391.08,6890.43,credit_card,express,,,2023-10
2997,ORD-20250819-02997,491,2025-08-19,entregado,2800.9,0,370,588.19,3759.09,paypal,standard,,,2025-08
2998,ORD-20241009-02998,405,2024-10-09,procesando,71.84,12,40,15.09,118.31,bank_transfer,pickup,7.0,,2024-10
2999,ORD-20250531-02999,245,2025-05-31,pendiente,3056.13,1,400,641.79,4067.36,cash_on_delivery,pickup,,Nota del cliente: Dejar en portería,2025-05
3000,ORD-20240704-03000,335,2024-07-04,enviado,587.18,12,390,123.31,1030.03,credit_card,standard,,,2024-07
3001,ORD-20241024-03001,232,2024-10-24,cancelado,926.92,19,340,194.65,1285.46,bank_transfer,pickup,,,2024-10
3002,ORD-20230807-03002,85,2023-08-07,cancelado,2560.59,4,440,537.72,3435.89,paypal,pickup,,,2023-08
3003,ORD-20251204-03003,145,2025-12-04,procesando,3076.51,11,240,646.07,3624.16,paypal,pickup,6.0,,2025-12
3004,ORD-20250205-03004,184,2025-02-05,procesando,2720.85,8,270,571.38,3344.56,credit_card,same_day,,,2025-02
3005,ORD-20240129-03005,276,2024-01-29,entregado,2483.47,17,290,521.53,2872.81,paypal,standard,,Nota del cliente: Dejar en portería,2024-01
3006,ORD-20230114-03006,358,2023-01-14,cancelado,2512.37,6,80,527.6,2969.23,bank_transfer,standard,,,2023-01
3007,ORD-20231212-03007,283,2023-12-12,entregado,41.28,14,40,8.67,84.17,paypal,express,,,2023-12
3008,ORD-20250513-03008,171,2025-05-13,entregado,4572.34,7,130,960.19,5342.47,cash_on_delivery,express,,,2025-05
3009,ORD-20230606-03009,315,2023-06-06,cancelado,2748.7,11,360,577.23,3383.57,bank_transfer,express,,,2023-06
3010,ORD-20230410-03010,440,2023-04-10,enviado,1934.1,4,270,406.16,2532.9,paypal,express,10.0,,2023-04
3011,ORD-20251017-03011,136,2025-10-17,entregado,2279.35,19,250,478.66,2574.93,bank_transfer,pickup,,,2025-10
3012,ORD-20230628-03012,324,2023-06-28,entregado,4566.14,17,20,958.89,4768.79,cash_on_delivery,same_day,,,2023-06
3013,ORD-20240827-03013,183,2024-08-27,entregado,2677.47,5,320,562.27,3425.87,cash_on_delivery,express,,,2024-08
3014,ORD-20240705-03014,158,2024-07-05,procesando,3484.57,0,260,731.76,4476.33,debit_card,same_day,,,2024-07
3015,ORD-20240518-03015,321,2024-05-18,pendiente,250.81,19,60,52.67,315.83,bank_transfer,same_day,,,2024-05
3016,ORD-20250806-03016,101,2025-08-06,enviado,133.38,6,60,28.01,213.39,paypal,same_day,,,2025-08
3017,ORD-20231111-03017,236,2023-11-11,entregado,913.86,15,0,191.91,968.69,bank_transfer,same_day,,,2023-11
3018,ORD-20231229-03018,372,2023-12-29,pendiente,841.22,20,210,176.66,1059.64,debit_card,same_day,,,2023-12
3019,ORD-20230601-03019,491,2023-06-01,enviado,3437.34,1,240,721.84,4364.81,credit_card,same_day,,,2023-06
3020,ORD-20230118-03020,422,2023-01-18,pendiente,5022.01,11,130,1054.62,5654.21,debit_card,same_day,,,2023-01
3021,ORD-20231230-03021,431,2023-12-30,procesando,1105.34,19,290,232.12,1417.45,cash_on_delivery,same_day,,,2023-12
3022,ORD-20250814-03022,180,2025-08-14,enviado,1434.6,12,260,301.27,1823.72,debit_card,standard,,,2025-08
3023,ORD-20230328-03023,50,2023-03-28,cancelado,4443.36,18,390,933.11,4966.67,paypal,same_day,,,2023-03
3024,ORD-20240823-03024,287,2024-08-23,procesando,5578.17,17,210,1171.42,6011.3,cash_on_delivery,express,1.0,,2024-08
3025,ORD-20230430-03025,58,2023-04-30,enviado,3685.87,17,340,774.03,4173.3,bank_transfer,pickup,,,2023-04
3026,ORD-20250322-03026,7,2025-03-22,procesando,3752.46,1,180,788.02,4682.96,debit_card,same_day,,,2025-03
3027,ORD-20230824-03027,438,2023-08-24,enviado,4555.38,5,150,956.63,5434.24,bank_transfer,same_day,,,2023-08
3028,ORD-20251031-03028,370,2025-10-31,cancelado,2320.78,18,350,487.36,2740.4,paypal,express,,,2025-10
3029,ORD-20240702-03029,18,2024-07-02,cancelado,2411.55,19,180,506.43,2639.79,cash_on_delivery,same_day,4.0,,2024-07
3030,ORD-20240630-03030,69,2024-06-30,pendiente,1439.19,4,190,302.23,1873.85,debit_card,standard,,,2024-06
3031,ORD-20240304-03031,76,2024-03-04,pendiente,48.9,1,290,10.27,348.68,cash_on_delivery,express,,,2024-03
3032,ORD-20250829-03032,118,2025-08-29,pendiente,1503.19,1,270,315.67,2073.83,paypal,pickup,,,2025-08
3033,ORD-20241107-03033,460,2024-11-07,procesando,293.3,15,130,61.59,440.9,debit_card,standard,,,2024-11
3034,ORD-20230706-03034,243,2023-07-06,entregado,3578.16,4,460,751.41,4646.44,debit_card,express,,,2023-07
3035,ORD-20230210-03035,6,2023-02-10,entregado,217.56,4,40,45.69,294.55,credit_card,express,,,2023-02
3036,ORD-20251009-03036,274,2025-10-09,pendiente,3457.62,3,350,726.1,4429.99,cash_on_delivery,standard,,,2025-10
3037,ORD-20250830-03037,271,2025-08-30,entregado,191.66,1,270,40.25,499.99,credit_card,standard,3.0,,2025-08
3038,ORD-20240316-03038,455,2024-03-16,entregado,1127.37,6,100,236.75,1396.48,cash_on_delivery,same_day,,,2024-03
3039,ORD-20241130-03039,260,2024-11-30,entregado,2628.69,17,30,552.02,2763.83,credit_card,standard,,,2024-11
3040,ORD-20230703-03040,344,2023-07-03,entregado,3879.37,17,320,814.67,4354.55,paypal,pickup,,,2023-07
3041,ORD-20250219-03041,158,2025-02-19,procesando,3142.8,4,270,659.99,3947.08,bank_transfer,pickup,,,2025-02
3042,ORD-20250107-03042,330,2025-01-07,entregado,3165.91,7,410,664.84,4019.14,credit_card,pickup,6.0,,2025-01
3043,ORD-20241128-03043,213,2024-11-28,cancelado,1424.36,18,250,299.12,1717.1,bank_transfer,express,9.0,,2024-11
3044,ORD-20250124-03044,350,2025-01-24,procesando,2787.92,13,270,585.46,3280.95,debit_card,pickup,6.0,,2025-01
3045,ORD-20250324-03045,385,2025-03-24,enviado,1230.99,15,470,258.51,1774.85,paypal,standard,1.0,,2025-03
3046,ORD-20240507-03046,343,2024-05-07,cancelado,2426.64,4,240,509.59,3079.16,cash_on_delivery,express,,,2024-05
3047,ORD-20250221-03047,195,2025-02-21,procesando,243.2,10,490,51.07,759.95,debit_card,standard,,,2025-02
3048,ORD-20250104-03048,233,2025-01-04,enviado,1574.52,2,310,330.65,2183.68,paypal,standard,6.0,Nota del cliente: Llamar antes,2025-01
3049,ORD-20230408-03049,82,2023-04-08,cancelado,2166.99,12,420,455.07,2782.02,bank_transfer,standard,10.0,,2023-04
3050,ORD-20231030-03050,407,2023-10-30,enviado,1112.91,14,60,233.71,1250.81,credit_card,same_day,,,2023-10
3051,ORD-20250422-03051,289,2025-04-22,pendiente,3507.61,13,490,736.6,4278.22,debit_card,standard,,,2025-04
3052,ORD-20250509-03052,51,2025-05-09,enviado,626.31,12,230,131.53,912.68,debit_card,standard,,Nota del cliente: Envolver para regalo,2025-05
3053,ORD-20240114-03053,109,2024-01-14,entregado,110.26,4,200,23.15,329.0,debit_card,same_day,,,2024-01
3054,ORD-20230426-03054,366,2023-04-26,procesando,2241.95,11,400,470.81,2866.15,credit_card,pickup,,,2023-04
3055,ORD-20241104-03055,257,2024-11-04,entregado,3052.45,3,340,641.01,3941.89,bank_transfer,same_day,2.0,,2024-11
3056,ORD-20230228-03056,238,2023-02-28,enviado,1151.02,0,340,241.71,1732.73,debit_card,standard,,,2023-02
3057,ORD-20230224-03057,466,2023-02-24,entregado,5579.68,13,20,1171.73,6046.05,paypal,standard,,,2023-02
3058,ORD-20230415-03058,437,2023-04-15,cancelado,2323.88,8,380,488.01,3005.98,debit_card,pickup,1.0,,2023-04
3059,ORD-20231224-03059,9,2023-12-24,pendiente,2877.22,7,110,604.22,3390.03,bank_transfer,express,8.0,,2023-12
3060,ORD-20230810-03060,478,2023-08-10,pendiente,1079.89,17,210,226.78,1333.09,cash_on_delivery,pickup,,Nota del cliente: Envolver para regalo,2023-08
3061,ORD-20250225-03061,444,2025-02-25,procesando,2959.34,11,320,621.46,3575.27,credit_card,express,3.0,Nota del cliente: Envolver para regalo,2025-02
3062,ORD-20250802-03062,429,2025-08-02,entregado,1818.1,17,280,381.8,2170.82,paypal,standard,,,2025-08
3063,ORD-20240623-03063,133,2024-06-23,pendiente,2019.55,12,340,424.11,2541.31,debit_card,standard,,,2024-06
3064,ORD-20230526-03064,366,2023-05-26,enviado,2820.4,12,30,592.28,3104.23,debit_card,express,,,2023-05
3065,ORD-20240623-03065,219,2024-06-23,enviado,715.28,6,350,150.21,1172.57,cash_on_delivery,same_day,,,2024-06
3066,ORD-20250707-03066,429,2025-07-07,entregado,1766.23,18,20,370.91,1839.22,debit_card,standard,,,2025-07
3067,ORD-20240413-03067,375,2024-04-13,entregado,2619.05,14,120,550.0,2922.38,cash_on_delivery,express,,,2024-04
3068,ORD-20250425-03068,296,2025-04-25,procesando,4140.9,9,380,869.59,5017.81,bank_transfer,same_day,,,2025-04
3069,ORD-20250325-03069,415,2025-03-25,procesando,3347.97,14,400,703.07,3982.32,bank_transfer,standard,,,2025-03
3070,ORD-20230929-03070,194,2023-09-29,enviado,2795.8,20,290,587.12,3113.76,bank_transfer,standard,,,2023-09
3071,ORD-20230402-03071,102,2023-04-02,entregado,111.12,11,350,23.34,472.24,bank_transfer,pickup,,,2023-04
3072,ORD-20231024-03072,374,2023-10-24,procesando,2786.04,15,170,585.07,3123.2,credit_card,express,,,2023-10
3073,ORD-20250819-03073,208,2025-08-19,cancelado,200.92,15,290,42.19,502.97,debit_card,express,,Nota del cliente: Envolver para regalo,2025-08
3074,ORD-20250121-03074,100,2025-01-21,cancelado,1769.08,0,310,371.51,2450.59,bank_transfer,standard,1.0,,2025-01
3075,ORD-20241125-03075,320,2024-11-25,enviado,1503.16,15,430,315.66,2023.35,debit_card,express,,,2024-11
3076,ORD-20240320-03076,32,2024-03-20,entregado,2117.66,17,80,444.71,2282.37,cash_on_delivery,standard,,,2024-03
3077,ORD-20250413-03077,407,2025-04-13,enviado,915.38,14,240,192.23,1219.46,bank_transfer,standard,,,2025-04
3078,ORD-20251103-03078,65,2025-11-03,procesando,765.13,13,130,160.68,956.34,credit_card,express,3.0,Nota del cliente: Envolver para regalo,2025-11
3079,ORD-20250117-03079,398,2025-01-17,enviado,1786.18,6,140,375.1,2194.11,debit_card,pickup,,,2025-01
3080,ORD-20230620-03080,449,2023-06-20,entregado,2231.85,8,190,468.69,2711.99,credit_card,pickup,,,2023-06
3081,ORD-20240502-03081,286,2024-05-02,procesando,1622.65,12,330,340.76,2098.69,credit_card,pickup,,,2024-05
3082,ORD-20230125-03082,364,2023-01-25,pendiente,71.84,16,460,15.09,535.44,paypal,pickup,7.0,,2023-01
3083,ORD-20230712-03083,70,2023-07-12,entregado,1138.32,5,180,239.05,1500.45,cash_on_delivery,pickup,2.0,,2023-07
3084,ORD-20231204-03084,177,2023-12-04,entregado,1392.33,19,20,292.39,1440.18,cash_on_delivery,standard,,,2023-12
3085,ORD-20240227-03085,26,2024-02-27,procesando,4896.46,5,250,1028.26,5929.9,bank_transfer,express,,Nota del cliente: Llamar antes,2024-02
3086,ORD-20230508-03086,330,2023-05-08,entregado,4110.94,14,360,863.3,4758.71,paypal,pickup,,,2023-05
3087,ORD-20241201-03087,442,2024-12-01,procesando,3610.14,5,70,758.13,4257.76,paypal,pickup,,,2024-12
3088,ORD-20230907-03088,492,2023-09-07,enviado,1373.46,17,90,288.43,1518.4,debit_card,express,1.0,,2023-09
3089,ORD-20250705-03089,394,2025-07-05,enviado,418.75,6,480,87.94,961.57,bank_transfer,standard,,,2025-07
3090,ORD-20240622-03090,113,2024-06-22,procesando,3360.73,12,410,705.75,4073.19,debit_card,express,10.0,,2024-06
3091,ORD-20231217-03091,215,2023-12-17,enviado,2214.0,18,250,464.94,2530.42,credit_card,pickup,,Nota del cliente: Llamar antes,2023-12
3092,ORD-20230102-03092,242,2023-01-02,cancelado,966.18,17,390,202.9,1394.83,cash_on_delivery,same_day,,,2023-01
3093,ORD-20251205-03093,70,2025-12-05,procesando,1404.7,8,140,294.99,1727.31,credit_card,standard,,,2025-12
3094,ORD-20230404-03094,75,2023-04-04,entregado,1361.55,15,170,285.93,1613.25,bank_transfer,same_day,7.0,,2023-04
3095,ORD-20241007-03095,273,2024-10-07,enviado,6019.51,2,310,1264.1,7473.22,cash_on_delivery,pickup,4.0,Nota del cliente: Llamar antes,2024-10
3096,ORD-20240724-03096,89,2024-07-24,cancelado,1134.2,6,290,238.18,1594.33,credit_card,standard,2.0,,2024-07
3097,ORD-20230401-03097,326,2023-04-01,enviado,2964.38,13,350,622.52,3551.53,bank_transfer,same_day,,,2023-04
3098,ORD-20230810-03098,235,2023-08-10,enviado,2277.88,1,280,478.35,3013.45,debit_card,express,,,2023-08
3099,ORD-20250205-03099,151,2025-02-05,cancelado,3687.69,4,310,774.41,4624.59,paypal,express,8.0,,2025-02
3100,ORD-20241009-03100,483,2024-10-09,cancelado,2765.79,4,270,580.82,3505.98,credit_card,pickup,,,2024-10
3101,ORD-20240518-03101,328,2024-05-18,procesando,5457.64,20,210,1146.1,5722.21,debit_card,pickup,9.0,,2024-05
3102,ORD-20250320-03102,450,2025-03-20,cancelado,2521.76,15,440,529.57,3113.07,cash_on_delivery,express,10.0,,2025-03
3103,ORD-20231120-03103,467,2023-11-20,procesando,4350.86,1,50,913.68,5271.03,credit_card,standard,,,2023-11
3104,ORD-20230509-03104,196,2023-05-09,procesando,1952.38,1,470,410.0,2812.86,cash_on_delivery,standard,5.0,,2023-05
3105,ORD-20231208-03105,435,2023-12-08,pendiente,1171.64,1,210,246.04,1615.96,debit_card,pickup,,Nota del cliente: Entregar por la tarde,2023-12
3106,ORD-20240428-03106,207,2024-04-28,entregado,2712.22,7,350,569.57,3441.93,cash_on_delivery,standard,,Nota del cliente: Dejar en portería,2024-04
3107,ORD-20240823-03107,302,2024-08-23,pendiente,1174.83,16,450,246.71,1683.57,cash_on_delivery,pickup,1.0,,2024-08
3108,ORD-20240717-03108,109,2024-07-17,entregado,3268.79,5,20,686.45,3811.8,credit_card,standard,,Nota del cliente: Envolver para regalo,2024-07
3109,ORD-20240311-03109,324,2024-03-11,entregado,1999.46,18,470,419.89,2529.45,debit_card,pickup,,,2024-03
3110,ORD-20230427-03110,91,2023-04-27,cancelado,1825.05,12,490,383.26,2479.3,bank_transfer,same_day,7.0,,2023-04
3111,ORD-20250225-03111,354,2025-02-25,entregado,3747.05,3,440,786.88,4861.52,cash_on_delivery,same_day,,,2025-02
3112,ORD-20250627-03112,344,2025-06-27,enviado,4895.16,6,30,1027.98,5659.43,debit_card,pickup,,,2025-06
3113,ORD-20240214-03113,32,2024-02-14,entregado,40.76,19,40,8.56,81.58,debit_card,same_day,,,2024-02
3114,ORD-20231018-03114,95,2023-10-18,cancelado,3151.45,12,120,661.8,3555.08,credit_card,pickup,,Nota del cliente: Envolver para regalo,2023-10
3115,ORD-20240107-03115,325,2024-01-07,enviado,3771.22,17,130,791.96,4052.07,bank_transfer,pickup,,,2024-01
3116,ORD-20240506-03116,206,2024-05-06,pendiente,2935.07,15,230,616.36,3341.17,bank_transfer,standard,,Nota del cliente: Entregar por la tarde,2024-05
3117,ORD-20240926-03117,459,2024-09-26,entregado,6135.58,7,240,1288.47,7234.56,debit_card,standard,,,2024-09
3118,ORD-20241208-03118,476,2024-12-08,procesando,1772.66,14,90,372.26,1986.75,cash_on_delivery,express,,,2024-12
3119,ORD-20250411-03119,240,2025-04-11,entregado,5901.64,4,80,1239.34,6984.91,debit_card,express,,,2025-04
3120,ORD-20240916-03120,250,2024-09-16,pendiente,2727.02,0,420,572.67,3719.69,paypal,standard,1.0,,2024-09
3121,ORD-20230223-03121,286,2023-02-23,entregado,4280.52,15,10,898.91,4547.35,paypal,same_day,5.0,,2023-02
3122,ORD-20251005-03122,360,2025-10-05,cancelado,3570.98,4,0,749.91,4178.05,paypal,express,,Nota del cliente: Entregar por la tarde,2025-10
3123,ORD-20230702-03123,346,2023-07-02,entregado,3592.07,16,450,754.33,4221.67,cash_on_delivery,standard,,,2023-07
3124,ORD-20240124-03124,406,2024-01-24,pendiente,4144.08,9,260,870.26,4901.37,cash_on_delivery,standard,,,2024-01
3125,ORD-20240522-03125,290,2024-05-22,pendiente,315.0,12,330,66.15,673.35,cash_on_delivery,express,,,2024-05
3126,ORD-20250210-03126,30,2025-02-10,enviado,1824.66,9,220,383.18,2263.62,credit_card,express,,,2025-02
3127,ORD-20250729-03127,138,2025-07-29,pendiente,3072.82,19,270,645.29,3404.27,cash_on_delivery,pickup,,,2025-07
3128,ORD-20250609-03128,66,2025-06-09,entregado,2496.61,15,320,524.29,2966.41,paypal,pickup,,,2025-06
3129,ORD-20250609-03129,395,2025-06-09,entregado,1847.13,15,170,387.9,2127.96,bank_transfer,standard,6.0,,2025-06
3130,ORD-20240131-03130,308,2024-01-31,cancelado,1707.35,6,430,358.54,2393.45,debit_card,express,,,2024-01
3131,ORD-20230521-03131,348,2023-05-21,entregado,1683.75,14,150,353.59,1951.62,debit_card,standard,,,2023-05
3132,ORD-20230125-03132,426,2023-01-25,procesando,1273.62,6,420,267.46,1884.66,paypal,same_day,,,2023-01
3133,ORD-20250530-03133,407,2025-05-30,entregado,645.14,7,430,135.48,1165.46,credit_card,same_day,,,2025-05
3134,ORD-20241031-03134,233,2024-10-31,entregado,1813.85,5,370,380.91,2474.07,debit_card,express,,,2024-10
3135,ORD-20230426-03135,101,2023-04-26,enviado,483.6,15,310,101.56,822.62,bank_transfer,express,,,2023-04
3136,ORD-20240311-03136,369,2024-03-11,entregado,1796.45,7,10,377.25,2057.95,credit_card,express,,,2024-03
3137,ORD-20250404-03137,402,2025-04-04,enviado,2193.49,4,460,460.63,3026.38,debit_card,pickup,,,2025-04
3138,ORD-20250105-03138,251,2025-01-05,pendiente,1349.28,17,460,283.35,1863.25,debit_card,express,,,2025-01
3139,ORD-20251126-03139,79,2025-11-26,enviado,761.72,16,410,159.96,1209.8,debit_card,pickup,,,2025-11
3140,ORD-20230102-03140,14,2023-01-02,procesando,2176.64,4,360,457.09,2906.66,bank_transfer,pickup,,,2023-01
3141,ORD-20241109-03141,171,2024-11-09,procesando,1897.98,8,430,398.58,2574.72,cash_on_delivery,pickup,10.0,,2024-11
3142,ORD-20241102-03142,262,2024-11-02,cancelado,2439.66,18,380,512.33,2892.85,credit_card,standard,,Nota del cliente: Dejar en portería,2024-11
3143,ORD-20251009-03143,250,2025-10-09,enviado,4191.06,5,120,880.12,4981.63,bank_transfer,pickup,,,2025-10
3144,ORD-20230202-03144,446,2023-02-02,procesando,492.66,17,40,103.46,552.37,cash_on_delivery,standard,,,2023-02
3145,ORD-20230209-03145,487,2023-02-09,pendiente,310.68,11,320,65.24,661.75,bank_transfer,standard,,,2023-02
3146,ORD-20240303-03146,301,2024-03-03,entregado,3282.07,17,210,689.23,3623.35,debit_card,standard,,,2024-03
3147,ORD-20240908-03147,145,2024-09-08,enviado,146.18,9,20,30.7,183.72,debit_card,standard,1.0,,2024-09
3148,ORD-20241202-03148,419,2024-12-02,cancelado,529.96,13,170,111.29,742.36,paypal,express,1.0,,2024-12
3149,ORD-20251124-03149,218,2025-11-24,cancelado,2221.93,12,230,466.61,2651.91,bank_transfer,express,,,2025-11
3150,ORD-20250324-03150,429,2025-03-24,entregado,3810.98,1,210,800.31,4783.18,debit_card,standard,,,2025-03
3151,ORD-20231213-03151,414,2023-12-13,entregado,4222.75,18,70,886.78,4419.44,cash_on_delivery,pickup,8.0,,2023-12
3152,ORD-20240617-03152,32,2024-06-17,cancelado,268.86,3,260,56.46,577.25,debit_card,standard,,,2024-06
3153,ORD-20250121-03153,162,2025-01-21,procesando,4704.21,20,180,987.88,4931.25,bank_transfer,standard,4.0,,2025-01
3154,ORD-20240913-03154,207,2024-09-13,cancelado,545.6,20,20,114.58,571.06,bank_transfer,pickup,,,2024-09
3155,ORD-20250724-03155,72,2025-07-24,cancelado,3909.13,14,90,820.92,4272.77,bank_transfer,standard,3.0,,2025-07
3156,ORD-20240422-03156,288,2024-04-22,procesando,263.13,12,130,55.26,416.81,debit_card,standard,,,2024-04
3157,ORD-20240917-03157,265,2024-09-17,pendiente,2419.55,18,390,508.11,2882.14,debit_card,pickup,4.0,,2024-09
3158,ORD-20250311-03158,66,2025-03-11,pendiente,2163.7,7,50,454.38,2516.62,credit_card,same_day,,,2025-03
3159,ORD-20240411-03159,216,2024-04-11,cancelado,3237.59,18,330,679.89,3664.71,debit_card,standard,,,2024-04
3160,ORD-20230831-03160,66,2023-08-31,enviado,1320.04,7,260,277.21,1764.85,paypal,standard,,,2023-08
3161,ORD-20250331-03161,93,2025-03-31,enviado,1453.68,18,130,305.27,1627.29,credit_card,same_day,,,2025-03
3162,ORD-20251126-03162,205,2025-11-26,enviado,259.68,2,350,54.53,659.02,paypal,express,,,2025-11
3163,ORD-20251130-03163,492,2025-11-30,pendiente,2354.76,6,150,494.5,2857.97,bank_transfer,standard,,,2025-11
3164,ORD-20240512-03164,129,2024-05-12,pendiente,2784.99,4,470,584.85,3728.44,debit_card,express,,Nota del cliente: Entregar por la tarde,2024-05
3165,ORD-20250116-03165,1,2025-01-16,enviado,704.64,2,310,147.97,1148.52,bank_transfer,express,,,2025-01
3166,ORD-20241104-03166,25,2024-11-04,cancelado,3532.31,15,350,741.79,4094.25,credit_card,same_day,,,2024-11
3167,ORD-20230807-03167,295,2023-08-07,procesando,2124.88,11,50,446.22,2387.36,bank_transfer,same_day,,,2023-08
3168,ORD-20230505-03168,454,2023-05-05,entregado,2338.2,4,300,491.02,3035.69,cash_on_delivery,pickup,,,2023-05
3169,ORD-20230121-03169,473,2023-01-21,procesando,1181.87,2,490,248.19,1896.42,paypal,express,,,2023-01
3170,ORD-20240813-03170,89,2024-08-13,enviado,381.54,8,90,80.12,521.14,bank_transfer,standard,,,2024-08
3171,ORD-20240731-03171,110,2024-07-31,pendiente,3356.24,20,110,704.81,3499.8,paypal,same_day,,Nota del cliente: Entregar por la tarde,2024-07
3172,ORD-20231116-03172,85,2023-11-16,pendiente,882.16,15,500,185.25,1435.09,credit_card,standard,,,2023-11
3173,ORD-20240202-03173,193,2024-02-02,enviado,551.6,1,370,115.84,1031.92,cash_on_delivery,express,3.0,,2024-02
3174,ORD-20250316-03174,205,2025-03-16,pendiente,1005.51,14,300,211.16,1375.9,paypal,express,8.0,,2025-03
3175,ORD-20230722-03175,122,2023-07-22,cancelado,5762.4,11,290,1210.1,6628.64,debit_card,standard,,,2023-07
3176,ORD-20251123-03176,283,2025-11-23,entregado,761.48,20,150,159.91,919.09,bank_transfer,pickup,,,2025-11
3177,ORD-20230701-03177,171,2023-07-01,procesando,1028.23,12,290,215.93,1410.77,cash_on_delivery,same_day,,,2023-07
3178,ORD-20230815-03178,380,2023-08-15,pendiente,1737.99,3,300,364.98,2350.83,paypal,pickup,,Nota del cliente: Llamar antes,2023-08
3179,ORD-20250608-03179,401,2025-06-08,procesando,967.74,5,360,203.23,1482.58,debit_card,pickup,,,2025-06
3180,ORD-20240731-03180,152,2024-07-31,procesando,1213.12,16,40,254.76,1313.78,debit_card,same_day,,,2024-07
3181,ORD-20250608-03181,57,2025-06-08,enviado,517.8,15,200,108.74,748.87,cash_on_delivery,express,,,2025-06
3182,ORD-20250318-03182,235,2025-03-18,cancelado,4437.17,1,120,931.81,5444.61,cash_on_delivery,pickup,,,2025-03
3183,ORD-20241124-03183,107,2024-11-24,procesando,1789.57,17,150,375.81,2011.15,bank_transfer,express,,,2024-11
3184,ORD-20231004-03184,86,2023-10-04,enviado,4251.56,17,120,892.83,4541.62,paypal,express,,,2023-10
3185,ORD-20250928-03185,282,2025-09-28,enviado,1040.52,8,190,218.51,1365.79,paypal,same_day,,,2025-09
3186,ORD-20251101-03186,421,2025-11-01,enviado,5076.23,0,100,1066.01,6242.24,credit_card,express,,,2025-11
3187,ORD-20241124-03187,122,2024-11-24,procesando,856.77,3,440,179.92,1450.99,cash_on_delivery,pickup,,,2024-11
3188,ORD-20230130-03188,472,2023-01-30,enviado,4800.39,14,480,1008.08,5616.42,credit_card,same_day,,,2023-01
3189,ORD-20240511-03189,273,2024-05-11,pendiente,435.12,17,60,91.38,512.53,bank_transfer,express,,,2024-05
3190,ORD-20240114-03190,45,2024-01-14,enviado,1293.54,20,80,271.64,1386.47,credit_card,standard,,,2024-01
3191,ORD-20251008-03191,92,2025-10-08,entregado,778.16,14,320,163.41,1152.63,cash_on_delivery,express,,,2025-10
3192,ORD-20250109-03192,458,2025-01-09,procesando,1722.66,7,160,361.76,2123.83,paypal,same_day,,Nota del cliente: Llamar antes,2025-01
3193,ORD-20230608-03193,192,2023-06-08,enviado,64.44,17,50,13.53,117.02,cash_on_delivery,standard,10.0,,2023-06
3194,ORD-20230119-03194,33,2023-01-19,enviado,1201.32,11,300,252.28,1621.45,bank_transfer,standard,,,2023-01
3195,ORD-20240702-03195,66,2024-07-02,pendiente,985.32,18,70,206.92,1084.88,bank_transfer,express,10.0,Nota del cliente: Dejar en portería,2024-07
3196,ORD-20240911-03196,130,2024-09-11,cancelado,1010.25,1,380,212.15,1592.3,credit_card,pickup,,,2024-09
3197,ORD-20230417-03197,263,2023-04-17,procesando,1430.2,14,250,300.34,1780.31,paypal,express,,,2023-04
3198,ORD-20250401-03198,192,2025-04-01,entregado,4295.1,13,60,901.97,4698.71,cash_on_delivery,express,,,2025-04
3199,ORD-20230728-03199,363,2023-07-28,enviado,654.66,0,320,137.48,1112.14,debit_card,standard,,,2023-07
3200,ORD-20240611-03200,221,2024-06-11,entregado,3097.66,7,170,650.51,3701.33,debit_card,standard,,,2024-06
3201,ORD-20250130-03201,359,2025-01-30,procesando,31.65,2,370,6.65,407.67,cash_on_delivery,same_day,,Nota del cliente: Dejar en portería,2025-01
3202,ORD-20230901-03202,267,2023-09-01,pendiente,814.54,17,500,171.05,1347.12,bank_transfer,pickup,10.0,,2023-09
3203,ORD-20251001-03203,423,2025-10-01,enviado,2465.91,20,130,517.84,2620.57,debit_card,standard,,,2025-10
3204,ORD-20231031-03204,232,2023-10-31,enviado,2720.38,18,450,571.28,3251.99,debit_card,express,6.0,Nota del cliente: Envolver para regalo,2023-10
3205,ORD-20240216-03205,474,2024-02-16,enviado,5263.07,11,480,1105.24,6269.37,paypal,same_day,,,2024-02
3206,ORD-20230825-03206,65,2023-08-25,entregado,2802.43,4,200,588.51,3478.84,paypal,pickup,2.0,,2023-08
3207,ORD-20230317-03207,281,2023-03-17,enviado,5244.43,3,400,1101.33,6588.43,paypal,same_day,,,2023-03
3208,ORD-20240123-03208,301,2024-01-23,pendiente,1324.26,3,470,278.09,2032.62,paypal,pickup,,,2024-01
3209,ORD-20231017-03209,188,2023-10-17,enviado,1922.63,7,360,403.75,2551.8,cash_on_delivery,express,,Nota del cliente: Dejar en portería,2023-10
3210,ORD-20230206-03210,246,2023-02-06,procesando,1159.1,0,390,243.41,1792.51,bank_transfer,standard,,,2023-02
3211,ORD-20241120-03211,459,2024-11-20,pendiente,475.4,16,200,99.83,699.17,cash_on_delivery,pickup,,,2024-11
3212,ORD-20240720-03212,282,2024-07-20,enviado,2469.51,0,150,518.6,3138.11,debit_card,pickup,,Nota del cliente: Entregar por la tarde,2024-07
3213,ORD-20230127-03213,399,2023-01-27,pendiente,2284.36,14,100,479.72,2544.27,cash_on_delivery,pickup,,,2023-01
3214,ORD-20251227-03214,368,2025-12-27,entregado,1901.3,12,270,399.27,2342.41,credit_card,standard,,,2025-12
3215,ORD-20231113-03215,244,2023-11-13,entregado,5042.69,16,180,1058.96,5474.82,cash_on_delivery,pickup,,,2023-11
3216,ORD-20230912-03216,311,2023-09-12,enviado,2939.8,2,60,617.36,3558.36,debit_card,same_day,,Nota del cliente: Dejar en portería,2023-09
3217,ORD-20251107-03217,220,2025-11-07,entregado,5954.95,20,180,1250.54,6194.5,bank_transfer,same_day,,,2025-11
3218,ORD-20230629-03218,26,2023-06-29,cancelado,4170.24,5,80,875.75,4917.48,paypal,pickup,,,2023-06
3219,ORD-20251028-03219,73,2025-10-28,cancelado,1137.93,20,80,238.97,1229.31,cash_on_delivery,standard,,,2025-10
3220,ORD-20240221-03220,211,2024-02-21,procesando,5005.73,10,370,1051.2,5926.36,bank_transfer,express,,Nota del cliente: Envolver para regalo,2024-02
3221,ORD-20241126-03221,382,2024-11-26,procesando,1381.89,7,470,290.2,2045.36,bank_transfer,standard,7.0,Nota del cliente: Llamar antes,2024-11
3222,ORD-20241105-03222,356,2024-11-05,entregado,3328.04,1,300,698.89,4293.65,paypal,same_day,,Nota del cliente: Dejar en portería,2024-11
3223,ORD-20240108-03223,274,2024-01-08,pendiente,6212.41,2,410,1304.61,7802.77,cash_on_delivery,same_day,,,2024-01
3224,ORD-20251029-03224,452,2025-10-29,enviado,850.73,12,70,178.65,997.29,credit_card,standard,1.0,,2025-10
3225,ORD-20230628-03225,400,2023-06-28,pendiente,1242.63,16,170,260.95,1474.76,debit_card,standard,,,2023-06
3226,ORD-20231128-03226,96,2023-11-28,pendiente,4006.17,6,360,841.3,4967.1,debit_card,same_day,,,2023-11
3227,ORD-20231005-03227,93,2023-10-05,cancelado,164.1,6,280,34.46,468.71,bank_transfer,pickup,9.0,,2023-10
3228,ORD-20240720-03228,331,2024-07-20,procesando,1307.85,16,320,274.65,1693.24,bank_transfer,pickup,,,2024-07
3229,ORD-20231114-03229,433,2023-11-14,enviado,3560.82,13,360,747.77,4205.68,credit_card,express,,,2023-11
3230,ORD-20240106-03230,325,2024-01-06,pendiente,1933.23,11,10,405.98,2136.55,bank_transfer,express,10.0,,2024-01
3231,ORD-20231120-03231,178,2023-11-20,cancelado,3878.92,17,80,814.57,4114.07,debit_card,express,2.0,,2023-11
3232,ORD-20230516-03232,53,2023-05-16,entregado,2933.43,9,220,616.02,3505.44,cash_on_delivery,express,3.0,,2023-05
3233,ORD-20240826-03233,52,2024-08-26,enviado,191.56,4,220,40.23,444.13,bank_transfer,pickup,,,2024-08
3234,ORD-20250827-03234,130,2025-08-27,cancelado,1133.93,16,70,238.13,1260.63,cash_on_delivery,standard,,,2025-08
3235,ORD-20250525-03235,111,2025-05-25,enviado,446.53,10,430,93.77,925.65,bank_transfer,standard,,,2025-05
3236,ORD-20230213-03236,203,2023-02-13,enviado,3182.64,3,270,668.35,4025.51,credit_card,pickup,,,2023-02
3237,ORD-20250720-03237,126,2025-07-20,enviado,2119.58,14,180,445.11,2447.95,paypal,same_day,,,2025-07
3238,ORD-20250516-03238,176,2025-05-16,procesando,2099.24,14,360,440.84,2606.19,cash_on_delivery,same_day,,,2025-05
3239,ORD-20250921-03239,347,2025-09-21,entregado,2608.5,2,120,547.79,3224.12,cash_on_delivery,same_day,6.0,,2025-09
3240,ORD-20241024-03240,1,2024-10-24,entregado,3098.94,2,150,650.78,3837.74,paypal,standard,,,2024-10
3241,ORD-20231228-03241,438,2023-12-28,procesando,404.34,8,20,84.91,476.9,debit_card,express,,,2023-12
3242,ORD-20230115-03242,458,2023-01-15,procesando,2293.42,15,390,481.62,2821.03,cash_on_delivery,express,,Nota del cliente: Dejar en portería,2023-01
3243,ORD-20230412-03243,20,2023-04-12,cancelado,3345.73,7,410,702.6,4224.13,cash_on_delivery,express,3.0,,2023-04
3244,ORD-20250125-03244,39,2025-01-25,procesando,1272.33,7,0,267.19,1450.46,debit_card,pickup,,,2025-01
3245,ORD-20231214-03245,261,2023-12-14,cancelado,5686.27,14,160,1194.12,6244.31,cash_on_delivery,express,,,2023-12
3246,ORD-20250410-03246,143,2025-04-10,cancelado,4053.52,17,250,851.24,4465.66,credit_card,express,5.0,,2025-04
3247,ORD-20251110-03247,316,2025-11-10,procesando,727.32,1,10,152.74,882.79,bank_transfer,same_day,,,2025-11
3248,ORD-20230402-03248,134,2023-04-02,cancelado,559.4,5,440,117.47,1088.9,cash_on_delivery,same_day,,,2023-04
3249,ORD-20240410-03249,345,2024-04-10,pendiente,364.17,8,300,76.48,711.52,cash_on_delivery,same_day,,,2024-04
3250,ORD-20230811-03250,240,2023-08-11,procesando,1420.65,1,440,298.34,2144.78,bank_transfer,same_day,,,2023-08
3251,ORD-20240512-03251,90,2024-05-12,enviado,1798.62,8,30,377.71,2062.44,paypal,same_day,3.0,,2024-05
3252,ORD-20230915-03252,127,2023-09-15,cancelado,3338.53,13,100,701.09,3705.61,bank_transfer,express,,,2023-09
3253,ORD-20240721-03253,28,2024-07-21,entregado,3274.98,20,150,687.75,3457.73,cash_on_delivery,standard,,,2024-07
3254,ORD-20240325-03254,479,2024-03-25,pendiente,5287.87,4,340,1110.45,6526.81,cash_on_delivery,standard,,Nota del cliente: Entregar por la tarde,2024-03
3255,ORD-20240330-03255,358,2024-03-30,pendiente,1677.42,13,420,352.26,2231.62,cash_on_delivery,pickup,,,2024-03
3256,ORD-20240220-03256,399,2024-02-20,cancelado,976.25,8,160,205.01,1263.16,debit_card,standard,,,2024-02
3257,ORD-20240330-03257,144,2024-03-30,enviado,1035.01,15,210,217.35,1307.11,paypal,pickup,,,2024-03
3258,ORD-20250927-03258,404,2025-09-27,entregado,215.52,15,400,45.26,628.45,paypal,express,9.0,,2025-09
3259,ORD-20250605-03259,121,2025-06-05,pendiente,2040.65,15,10,428.54,2173.09,bank_transfer,express,,,2025-06
3260,ORD-20230816-03260,274,2023-08-16,entregado,2500.49,19,180,525.1,2730.5,cash_on_delivery,express,3.0,,2023-08
3261,ORD-20231213-03261,40,2023-12-13,enviado,3651.6,4,360,766.84,4632.38,credit_card,pickup,,,2023-12
3262,ORD-20240917-03262,393,2024-09-17,cancelado,901.96,2,480,189.41,1553.33,paypal,standard,9.0,,2024-09
3263,ORD-20250719-03263,434,2025-07-19,cancelado,3864.54,11,350,811.55,4600.99,debit_card,standard,5.0,,2025-07
3264,ORD-20230917-03264,399,2023-09-17,procesando,362.77,17,180,76.18,557.28,paypal,standard,,,2023-09
3265,ORD-20241027-03265,157,2024-10-27,enviado,2428.95,5,210,510.08,3027.58,credit_card,standard,5.0,,2024-10
3266,ORD-20250929-03266,162,2025-09-29,procesando,1546.19,15,400,324.7,2038.96,credit_card,express,4.0,,2025-09
3267,ORD-20240131-03267,29,2024-01-31,cancelado,5098.64,4,350,1070.71,6315.4,debit_card,standard,,,2024-01
3268,ORD-20250113-03268,236,2025-01-13,cancelado,2019.68,7,450,424.13,2752.43,debit_card,standard,,,2025-01
3269,ORD-20231208-03269,312,2023-12-08,entregado,1053.9,5,100,221.32,1322.53,cash_on_delivery,pickup,,,2023-12
3270,ORD-20241107-03270,91,2024-11-07,cancelado,4775.16,11,90,1002.78,5342.67,debit_card,standard,6.0,,2024-11
3271,ORD-20250917-03271,10,2025-09-17,entregado,3372.11,0,360,708.14,4440.25,bank_transfer,standard,,Nota del cliente: Dejar en portería,2025-09
3272,ORD-20230719-03272,130,2023-07-19,procesando,3600.18,20,40,756.04,3676.18,credit_card,same_day,,,2023-07
3273,ORD-20241203-03273,157,2024-12-03,entregado,784.84,11,370,164.82,1233.33,bank_transfer,same_day,,,2024-12
3274,ORD-20230221-03274,401,2023-02-21,pendiente,1007.07,18,10,211.48,1047.28,credit_card,same_day,4.0,,2023-02
3275,ORD-20251213-03275,374,2025-12-13,enviado,5657.65,13,320,1188.11,6430.27,credit_card,same_day,,,2025-12
3276,ORD-20240329-03276,190,2024-03-29,pendiente,1434.74,14,140,301.3,1675.18,paypal,pickup,,,2024-03
3277,ORD-20250210-03277,49,2025-02-10,entregado,1301.47,3,380,273.31,1915.74,bank_transfer,pickup,3.0,Nota del cliente: Dejar en portería,2025-02
3278,ORD-20240906-03278,72,2024-09-06,enviado,2091.51,7,30,439.22,2414.32,paypal,pickup,6.0,,2024-09
3279,ORD-20251209-03279,265,2025-12-09,entregado,6567.79,17,470,1379.24,7300.51,bank_transfer,pickup,,,2025-12
3280,ORD-20231116-03280,295,2023-11-16,cancelado,2020.03,1,270,424.21,2694.04,cash_on_delivery,express,2.0,,2023-11
3281,ORD-20240410-03281,87,2024-04-10,enviado,1748.98,6,130,367.29,2141.33,credit_card,standard,,,2024-04
3282,ORD-20250624-03282,44,2025-06-24,enviado,586.43,8,160,123.15,822.67,bank_transfer,express,,,2025-06
3283,ORD-20240108-03283,202,2024-01-08,enviado,1976.87,13,320,415.14,2455.02,cash_on_delivery,standard,,,2024-01
3284,ORD-20240106-03284,364,2024-01-06,procesando,740.58,9,320,155.52,1149.45,paypal,standard,,,2024-01
3285,ORD-20241208-03285,63,2024-12-08,procesando,1571.75,18,460,330.07,2078.91,cash_on_delivery,standard,,,2024-12
3286,ORD-20240517-03286,446,2024-05-17,cancelado,1519.66,0,330,319.13,2168.79,paypal,same_day,7.0,Nota del cliente: Dejar en portería,2024-05
3287,ORD-20241108-03287,408,2024-11-08,pendiente,3429.17,1,470,720.13,4585.01,credit_card,pickup,6.0,Nota del cliente: Llamar antes,2024-11
3288,ORD-20231124-03288,473,2023-11-24,cancelado,3633.65,11,350,763.07,4347.02,credit_card,same_day,,,2023-11
3289,ORD-20250318-03289,191,2025-03-18,cancelado,1132.34,19,10,237.79,1164.99,cash_on_delivery,same_day,6.0,,2025-03
3290,ORD-20230810-03290,454,2023-08-10,entregado,519.36,5,90,109.07,692.46,bank_transfer,express,,,2023-08
3291,ORD-20230423-03291,358,2023-04-23,entregado,3183.45,12,250,668.52,3719.96,debit_card,pickup,5.0,,2023-04
3292,ORD-20240721-03292,41,2024-07-21,pendiente,2202.86,16,290,462.6,2603.0,cash_on_delivery,pickup,,,2024-07
3293,ORD-20240422-03293,464,2024-04-22,pendiente,2025.58,14,30,425.37,2197.37,cash_on_delivery,pickup,9.0,,2024-04
3294,ORD-20250529-03294,79,2025-05-29,cancelado,225.41,11,250,47.34,497.95,bank_transfer,standard,,,2025-05
3295,ORD-20250528-03295,58,2025-05-28,cancelado,1293.81,1,370,271.7,1922.57,credit_card,standard,,,2025-05
3296,ORD-20240220-03296,66,2024-02-20,entregado,2485.84,12,100,522.03,2809.57,bank_transfer,same_day,,Nota del cliente: Entregar por la tarde,2024-02
3297,ORD-20241030-03297,179,2024-10-30,cancelado,409.62,15,430,86.02,864.2,bank_transfer,same_day,,,2024-10
3298,ORD-20250617-03298,333,2025-06-17,cancelado,2057.3,9,440,432.03,2744.17,bank_transfer,express,,Nota del cliente: Llamar antes,2025-06
3299,ORD-20241231-03299,488,2024-12-31,procesando,3360.3,18,350,705.66,3811.11,paypal,same_day,,,2024-12
3300,ORD-20231225-03300,58,2023-12-25,enviado,4654.47,12,0,977.44,5073.37,bank_transfer,pickup,,,2023-12
3301,ORD-20231130-03301,167,2023-11-30,procesando,3351.66,16,310,703.85,3829.24,paypal,standard,,,2023-11
3302,ORD-20250116-03302,481,2025-01-16,procesando,3191.64,6,50,670.24,3720.38,cash_on_delivery,express,,,2025-01
3303,ORD-20250219-03303,247,2025-02-19,procesando,2421.32,2,160,508.48,3041.37,paypal,same_day,,Nota del cliente: Envolver para regalo,2025-02
3304,ORD-20231205-03304,99,2023-12-05,procesando,416.18,7,180,87.4,654.45,debit_card,standard,,,2023-12
3305,ORD-20230528-03305,306,2023-05-28,cancelado,1193.92,16,60,250.72,1313.61,cash_on_delivery,same_day,2.0,,2023-05
3306,ORD-20250108-03306,141,2025-01-08,pendiente,260.24,5,450,54.65,751.88,bank_transfer,same_day,4.0,,2025-01
3307,ORD-20250718-03307,177,2025-07-18,entregado,5106.96,9,450,1072.46,6169.79,bank_transfer,standard,,,2025-07
3308,ORD-20240106-03308,498,2024-01-06,procesando,4066.26,2,0,853.91,4838.84,cash_on_delivery,express,9.0,,2024-01
3309,ORD-20250715-03309,478,2025-07-15,procesando,976.25,2,360,205.01,1521.74,paypal,express,,,2025-07
3310,ORD-20240826-03310,89,2024-08-26,pendiente,2991.4,13,110,628.19,3340.71,credit_card,standard,2.0,,2024-08
3311,ORD-20230219-03311,385,2023-02-19,pendiente,5318.71,18,480,1116.93,5958.27,paypal,pickup,,,2023-02
3312,ORD-20251004-03312,238,2025-10-04,pendiente,3739.84,1,230,785.37,4717.81,paypal,same_day,,,2025-10
3313,ORD-20240116-03313,429,2024-01-16,cancelado,704.64,5,150,147.97,967.38,paypal,same_day,,,2024-01
3314,ORD-20251020-03314,198,2025-10-20,entregado,4469.84,17,150,938.67,4798.64,paypal,pickup,,,2025-10
3315,ORD-20250921-03315,298,2025-09-21,entregado,3477.35,17,20,730.24,3636.44,bank_transfer,standard,7.0,,2025-09
3316,ORD-20250405-03316,128,2025-04-05,enviado,2569.63,18,120,539.62,2766.72,debit_card,same_day,,,2025-04
3317,ORD-20230609-03317,463,2023-06-09,cancelado,1165.46,19,60,244.75,1248.77,paypal,standard,1.0,,2023-06
3318,ORD-20240710-03318,135,2024-07-10,enviado,910.4,6,50,191.18,1096.96,cash_on_delivery,same_day,,,2024-07
3319,ORD-20241109-03319,126,2024-11-09,cancelado,4221.65,13,490,886.55,5049.39,cash_on_delivery,standard,,,2024-11
3320,ORD-20240615-03320,150,2024-06-15,procesando,1366.75,4,340,287.02,1939.1,debit_card,pickup,,,2024-06
3321,ORD-20240622-03321,399,2024-06-22,cancelado,2288.83,3,60,480.65,2760.82,bank_transfer,same_day,,,2024-06
3322,ORD-20241227-03322,74,2024-12-27,entregado,437.37,4,480,91.85,991.73,credit_card,pickup,6.0,Nota del cliente: Dejar en portería,2024-12
3323,ORD-20241215-03323,284,2024-12-15,cancelado,1008.49,0,420,211.78,1640.27,debit_card,pickup,,,2024-12
3324,ORD-20240807-03324,391,2024-08-07,procesando,4108.15,7,80,862.71,4763.29,cash_on_delivery,standard,1.0,,2024-08
3325,ORD-20250404-03325,357,2025-04-04,cancelado,3052.21,16,120,640.96,3324.82,credit_card,same_day,10.0,Nota del cliente: Entregar por la tarde,2025-04
3326,ORD-20241010-03326,453,2024-10-10,entregado,2059.92,20,320,432.58,2400.52,cash_on_delivery,same_day,,,2024-10
3327,ORD-20250309-03327,363,2025-03-09,cancelado,4709.24,3,120,988.94,5676.9,paypal,standard,,,2025-03
3328,ORD-20241027-03328,310,2024-10-27,cancelado,4446.79,20,240,933.83,4731.26,credit_card,pickup,,,2024-10
3329,ORD-20230711-03329,351,2023-07-11,enviado,1842.52,19,220,386.93,2099.37,cash_on_delivery,standard,8.0,,2023-07
3330,ORD-20250102-03330,343,2025-01-02,enviado,484.94,13,260,101.84,783.74,bank_transfer,same_day,8.0,,2025-01
3331,ORD-20250615-03331,454,2025-06-15,enviado,921.26,10,0,193.46,1022.59,cash_on_delivery,pickup,,Nota del cliente: Entregar por la tarde,2025-06
3332,ORD-20240318-03332,434,2024-03-18,entregado,7627.58,6,490,1601.79,9261.72,paypal,express,,,2024-03
3333,ORD-20231222-03333,346,2023-12-22,enviado,3160.98,14,140,663.81,3522.25,bank_transfer,same_day,4.0,,2023-12
3334,ORD-20240427-03334,392,2024-04-27,pendiente,1720.7,4,40,361.35,2053.22,paypal,pickup,,,2024-04
3335,ORD-20230323-03335,228,2023-03-23,enviado,3459.12,4,220,726.42,4267.18,credit_card,standard,,,2023-03
3336,ORD-20250702-03336,428,2025-07-02,entregado,1676.16,16,310,351.99,2069.96,bank_transfer,standard,,Nota del cliente: Llamar antes,2025-07
3337,ORD-20250726-03337,212,2025-07-26,pendiente,1349.66,1,10,283.43,1629.59,credit_card,express,,,2025-07
3338,ORD-20240103-03338,161,2024-01-03,pendiente,2225.5,19,320,467.36,2590.02,credit_card,same_day,,,2024-01
3339,ORD-20230915-03339,120,2023-09-15,cancelado,4379.28,17,470,919.65,5024.45,credit_card,same_day,,,2023-09
3340,ORD-20251227-03340,115,2025-12-27,entregado,3184.33,1,320,668.71,4141.2,credit_card,standard,,,2025-12
3341,ORD-20240501-03341,417,2024-05-01,entregado,2802.59,8,330,588.54,3496.92,credit_card,same_day,,Nota del cliente: Entregar por la tarde,2024-05
3342,ORD-20251029-03342,49,2025-10-29,cancelado,1801.52,3,300,378.32,2425.79,bank_transfer,same_day,,,2025-10
3343,ORD-20240513-03343,72,2024-05-13,cancelado,4595.91,3,20,965.14,5443.17,cash_on_delivery,pickup,,Nota del cliente: Dejar en portería,2024-05
3344,ORD-20230919-03344,114,2023-09-19,enviado,3501.04,7,490,735.22,4481.19,bank_transfer,pickup,5.0,,2023-09
3345,ORD-20250706-03345,116,2025-07-06,pendiente,2712.16,16,140,569.55,2987.76,paypal,same_day,,Nota del cliente: Llamar antes,2025-07
3346,ORD-20240423-03346,490,2024-04-23,enviado,2349.07,13,340,493.3,2876.99,cash_on_delivery,standard,,,2024-04
3347,ORD-20240604-03347,379,2024-06-04,enviado,195.25,1,480,41.0,714.3,debit_card,same_day,,,2024-06
3348,ORD-20241124-03348,141,2024-11-24,entregado,2987.99,15,270,627.48,3437.27,cash_on_delivery,standard,,,2024-11
3349,ORD-20241211-03349,300,2024-12-11,procesando,1329.05,9,90,279.1,1578.54,paypal,express,,,2024-12
3350,ORD-20230312-03350,268,2023-03-12,enviado,3095.49,6,180,650.05,3739.81,bank_transfer,same_day,,,2023-03
3351,ORD-20231205-03351,38,2023-12-05,enviado,880.48,3,180,184.9,1218.97,paypal,pickup,10.0,,2023-12
3352,ORD-20240511-03352,317,2024-05-11,entregado,1785.87,10,300,375.03,2282.31,cash_on_delivery,same_day,9.0,,2024-05
3353,ORD-20250422-03353,194,2025-04-22,entregado,2789.61,17,260,585.82,3161.2,bank_transfer,same_day,,,2025-04
3354,ORD-20230926-03354,398,2023-09-26,cancelado,3460.26,15,380,726.65,4047.87,paypal,pickup,,,2023-09
3355,ORD-20251102-03355,72,2025-11-02,entregado,397.47,17,80,83.47,493.37,cash_on_delivery,standard,10.0,,2025-11
3356,ORD-20230227-03356,381,2023-02-27,entregado,545.6,5,170,114.58,802.9,debit_card,standard,,,2023-02
3357,ORD-20230213-03357,149,2023-02-13,entregado,166.68,3,210,35.0,406.68,cash_on_delivery,standard,,,2023-02
3358,ORD-20230821-03358,354,2023-08-21,entregado,2277.1,9,10,478.19,2560.35,bank_transfer,same_day,,,2023-08
3359,ORD-20230309-03359,261,2023-03-09,cancelado,2129.64,8,210,447.22,2616.49,paypal,pickup,,,2023-03
3360,ORD-20230819-03360,228,2023-08-19,pendiente,869.61,4,340,182.62,1357.45,debit_card,pickup,,,2023-08
3361,ORD-20250125-03361,21,2025-01-25,entregado,4133.26,20,380,867.98,4554.59,cash_on_delivery,pickup,,,2025-01
3362,ORD-20230307-03362,372,2023-03-07,entregado,536.35,15,200,112.63,768.53,debit_card,express,,,2023-03
3363,ORD-20251210-03363,349,2025-12-10,entregado,2941.68,18,260,617.75,3289.93,paypal,express,,,2025-12
3364,ORD-20250713-03364,224,2025-07-13,enviado,2743.75,7,270,576.19,3397.88,cash_on_delivery,standard,,,2025-07
3365,ORD-20250816-03365,113,2025-08-16,cancelado,304.26,10,170,63.89,507.72,paypal,standard,,,2025-08
3366,ORD-20240405-03366,153,2024-04-05,enviado,752.99,9,220,158.13,1063.35,debit_card,pickup,,,2024-04
3367,ORD-20251111-03367,96,2025-11-11,entregado,638.42,12,40,134.07,735.88,cash_on_delivery,same_day,,,2025-11
3368,ORD-20251201-03368,438,2025-12-01,procesando,3774.55,15,80,792.66,4081.03,credit_card,express,,,2025-12
3369,ORD-20240609-03369,244,2024-06-09,entregado,2311.2,4,120,485.35,2824.1,debit_card,same_day,,,2024-06
3370,ORD-20250702-03370,94,2025-07-02,pendiente,3896.07,14,210,818.17,4378.79,bank_transfer,express,,,2025-07
3371,ORD-20230422-03371,410,2023-04-22,cancelado,1782.51,0,200,374.33,2356.84,cash_on_delivery,standard,,,2023-04
3372,ORD-20250301-03372,451,2025-03-01,cancelado,3059.92,4,470,642.58,4050.1,cash_on_delivery,express,,,2025-03
3373,ORD-20230530-03373,480,2023-05-30,pendiente,380.74,14,480,79.96,887.4,paypal,standard,8.0,Nota del cliente: Llamar antes,2023-05
3374,ORD-20230312-03374,356,2023-03-12,procesando,267.23,4,250,56.12,562.66,cash_on_delivery,express,,,2023-03
3375,ORD-20250814-03375,204,2025-08-14,entregado,1503.16,6,420,315.66,2148.63,bank_transfer,express,7.0,Nota del cliente: Entregar por la tarde,2025-08
3376,ORD-20241009-03376,360,2024-10-09,cancelado,1960.92,18,160,411.79,2179.74,cash_on_delivery,same_day,9.0,,2024-10
3377,ORD-20230416-03377,20,2023-04-16,entregado,3050.56,2,230,640.62,3860.17,bank_transfer,pickup,,,2023-04
3378,ORD-20250822-03378,182,2025-08-22,pendiente,1353.75,0,370,284.29,2008.04,debit_card,same_day,6.0,Nota del cliente: Envolver para regalo,2025-08
3379,ORD-20241211-03379,288,2024-12-11,cancelado,103.56,7,270,21.75,388.06,debit_card,standard,,,2024-12
3380,ORD-20241211-03380,427,2024-12-11,enviado,3615.55,12,10,759.27,3950.95,credit_card,standard,,,2024-12
3381,ORD-20230525-03381,53,2023-05-25,entregado,2642.57,9,140,554.94,3099.68,debit_card,pickup,,,2023-05
3382,ORD-20250811-03382,294,2025-08-11,procesando,874.02,17,160,183.54,1068.98,cash_on_delivery,pickup,10.0,,2025-08
3383,ORD-20240307-03383,5,2024-03-07,entregado,680.31,5,120,142.87,909.16,bank_transfer,same_day,,Nota del cliente: Entregar por la tarde,2024-03
3384,ORD-20241213-03384,107,2024-12-13,entregado,4548.16,2,370,955.11,5782.31,debit_card,same_day,,,2024-12
3385,ORD-20250115-03385,251,2025-01-15,cancelado,3365.04,1,270,706.66,4308.05,credit_card,same_day,,,2025-01
3386,ORD-20250316-03386,192,2025-03-16,entregado,1682.44,14,440,353.31,2240.21,cash_on_delivery,pickup,,,2025-03
3387,ORD-20240307-03387,338,2024-03-07,pendiente,1141.54,19,140,239.72,1304.37,bank_transfer,pickup,,,2024-03
3388,ORD-20230202-03388,136,2023-02-02,cancelado,781.0,5,300,164.01,1205.96,bank_transfer,express,2.0,,2023-02
3389,ORD-20230803-03389,245,2023-08-03,entregado,1459.14,10,160,306.42,1779.65,paypal,pickup,,Nota del cliente: Entregar por la tarde,2023-08
3390,ORD-20241029-03390,127,2024-10-29,entregado,1928.34,16,330,404.95,2354.76,debit_card,express,,,2024-10
3391,ORD-20251128-03391,334,2025-11-28,entregado,3695.35,2,160,776.02,4557.46,cash_on_delivery,pickup,,,2025-11
3392,ORD-20231106-03392,399,2023-11-06,procesando,411.46,8,340,86.41,804.95,credit_card,pickup,3.0,,2023-11
3393,ORD-20230817-03393,474,2023-08-17,entregado,1114.2,19,450,233.98,1586.48,cash_on_delivery,pickup,,,2023-08
3394,ORD-20240625-03394,267,2024-06-25,entregado,295.8,11,330,62.12,655.38,bank_transfer,pickup,,,2024-06
3395,ORD-20250831-03395,348,2025-08-31,pendiente,1878.8,3,60,394.55,2276.99,paypal,same_day,,,2025-08
3396,ORD-20250221-03396,412,2025-02-21,enviado,1860.9,11,110,390.79,2156.99,cash_on_delivery,express,,,2025-02
3397,ORD-20230116-03397,381,2023-01-16,pendiente,2186.55,4,340,459.18,2898.27,credit_card,same_day,,,2023-01
3398,ORD-20240312-03398,330,2024-03-12,cancelado,1769.69,13,380,371.63,2291.26,cash_on_delivery,pickup,,,2024-03
3399,ORD-20241205-03399,203,2024-12-05,cancelado,2253.18,19,260,473.17,2558.25,bank_transfer,pickup,,,2024-12
3400,ORD-20251015-03400,491,2025-10-15,cancelado,527.1,2,450,110.69,1077.25,credit_card,same_day,,,2025-10
3401,ORD-20230421-03401,344,2023-04-21,cancelado,1636.22,4,320,343.61,2234.38,credit_card,pickup,,,2023-04
3402,ORD-20230806-03402,360,2023-08-06,enviado,1309.06,14,280,274.9,1680.69,debit_card,express,8.0,Nota del cliente: Llamar antes,2023-08
3403,ORD-20231003-03403,370,2023-10-03,cancelado,2444.3,1,270,513.3,3203.16,debit_card,express,1.0,,2023-10
3404,ORD-20240801-03404,237,2024-08-01,cancelado,2690.56,20,490,565.02,3207.47,paypal,express,,,2024-08
3405,ORD-20230620-03405,29,2023-06-20,enviado,1871.87,2,290,393.09,2517.52,debit_card,pickup,,Nota del cliente: Llamar antes,2023-06
3406,ORD-20231004-03406,492,2023-10-04,enviado,1103.2,17,170,231.67,1317.33,cash_on_delivery,same_day,,,2023-10
3407,ORD-20230607-03407,279,2023-06-07,pendiente,2381.62,2,180,500.14,3014.13,paypal,same_day,,,2023-06
3408,ORD-20230529-03408,191,2023-05-29,enviado,970.58,11,420,203.82,1487.64,bank_transfer,standard,,,2023-05
3409,ORD-20250925-03409,311,2025-09-25,enviado,4860.84,9,110,1020.78,5554.14,bank_transfer,same_day,,,2025-09
3410,ORD-20230819-03410,343,2023-08-19,cancelado,2940.96,12,80,617.6,3285.64,cash_on_delivery,standard,,,2023-08
3411,ORD-20240128-03411,107,2024-01-28,procesando,177.48,7,210,37.27,412.33,debit_card,pickup,,,2024-01
3412,ORD-20230918-03412,391,2023-09-18,procesando,2039.14,2,200,428.22,2626.58,paypal,express,,,2023-09
3413,ORD-20250720-03413,380,2025-07-20,enviado,1667.58,0,30,350.19,2047.77,bank_transfer,standard,,,2025-07
3414,ORD-20250712-03414,270,2025-07-12,cancelado,1806.23,12,370,379.31,2338.79,cash_on_delivery,pickup,,,2025-07
3415,ORD-20251028-03415,87,2025-10-28,procesando,3595.04,4,280,754.96,4486.2,cash_on_delivery,same_day,3.0,,2025-10
3416,ORD-20251108-03416,71,2025-11-08,procesando,5647.06,19,390,1185.88,6150.0,paypal,pickup,3.0,,2025-11
3417,ORD-20231129-03417,389,2023-11-29,entregado,2330.78,16,50,489.46,2497.32,debit_card,pickup,,,2023-11
3418,ORD-20240724-03418,352,2024-07-24,entregado,2256.7,8,60,473.91,2610.07,credit_card,same_day,,Nota del cliente: Dejar en portería,2024-07
3419,ORD-20230516-03419,450,2023-05-16,enviado,4174.06,9,60,876.55,4734.94,paypal,standard,,,2023-05
3420,ORD-20250811-03420,307,2025-08-11,procesando,888.36,17,300,186.56,1223.9,credit_card,same_day,,,2025-08
3421,ORD-20251209-03421,312,2025-12-09,procesando,1102.02,0,370,231.42,1703.44,paypal,pickup,2.0,,2025-12
3422,ORD-20240503-03422,299,2024-05-03,procesando,54.7,17,140,11.49,196.89,debit_card,pickup,,,2024-05
3423,ORD-20240422-03423,136,2024-04-22,entregado,2066.51,0,350,433.97,2850.48,paypal,same_day,5.0,Nota del cliente: Entregar por la tarde,2024-04
3424,ORD-20250618-03424,139,2025-06-18,procesando,3909.1,1,470,820.91,5160.92,bank_transfer,pickup,,,2025-06
3425,ORD-20230611-03425,289,2023-06-11,cancelado,2111.93,8,270,443.51,2656.49,paypal,standard,,,2023-06
3426,ORD-20250802-03426,77,2025-08-02,procesando,1733.55,20,440,364.05,2190.89,credit_card,standard,,,2025-08
3427,ORD-20230830-03427,77,2023-08-30,entregado,1079.97,12,250,226.79,1427.16,paypal,standard,,Nota del cliente: Entregar por la tarde,2023-08
3428,ORD-20250808-03428,444,2025-08-08,procesando,2095.28,12,280,440.01,2563.86,credit_card,express,4.0,,2025-08
3429,ORD-20231118-03429,132,2023-11-18,enviado,486.4,9,440,102.14,984.76,credit_card,express,,,2023-11
3430,ORD-20230115-03430,203,2023-01-15,pendiente,335.64,6,30,70.48,415.98,paypal,pickup,2.0,,2023-01
3431,ORD-20251106-03431,129,2025-11-06,enviado,827.4,14,90,173.75,975.31,bank_transfer,same_day,10.0,,2025-11
3432,ORD-20251116-03432,246,2025-11-16,pendiente,200.92,20,240,42.19,442.93,bank_transfer,same_day,,Nota del cliente: Llamar antes,2025-11
3433,ORD-20250618-03433,203,2025-06-18,pendiente,3395.32,8,430,713.02,4266.71,credit_card,pickup,,Nota del cliente: Llamar antes,2025-06
3434,ORD-20231219-03434,371,2023-12-19,procesando,452.9,14,220,95.11,704.6,paypal,same_day,,,2023-12
3435,ORD-20240808-03435,464,2024-08-08,entregado,1998.33,1,420,419.65,2818.0,paypal,same_day,8.0,Nota del cliente: Dejar en portería,2024-08
3436,ORD-20251203-03436,306,2025-12-03,procesando,1664.63,14,420,349.57,2201.15,bank_transfer,standard,10.0,Nota del cliente: Llamar antes,2025-12
3437,ORD-20241222-03437,308,2024-12-22,entregado,773.64,1,0,162.46,928.36,cash_on_delivery,standard,,,2024-12
3438,ORD-20241214-03438,476,2024-12-14,pendiente,1266.69,2,90,266.0,1597.36,bank_transfer,pickup,6.0,,2024-12
3439,ORD-20240426-03439,101,2024-04-26,enviado,2955.96,4,430,620.75,3888.47,cash_on_delivery,same_day,,,2024-04
3440,ORD-20241025-03440,130,2024-10-25,procesando,2901.89,10,490,609.4,3711.1,credit_card,standard,,Nota del cliente: Dejar en portería,2024-10
3441,ORD-20251114-03441,390,2025-11-14,enviado,3182.77,6,290,668.38,3950.18,debit_card,standard,9.0,,2025-11
3442,ORD-20240208-03442,479,2024-02-08,procesando,4753.69,18,420,998.27,5316.3,bank_transfer,same_day,,,2024-02
3443,ORD-20241222-03443,22,2024-12-22,cancelado,6575.09,12,320,1380.77,7486.85,bank_transfer,pickup,,,2024-12
3444,ORD-20250419-03444,398,2025-04-19,enviado,7414.04,8,500,1556.95,8877.87,debit_card,same_day,,,2025-04
3445,ORD-20240815-03445,122,2024-08-15,entregado,301.38,8,440,63.29,780.56,debit_card,standard,3.0,,2024-08
3446,ORD-20250425-03446,357,2025-04-25,pendiente,306.49,0,110,64.36,480.85,cash_on_delivery,same_day,8.0,,2025-04
3447,ORD-20230614-03447,57,2023-06-14,entregado,1682.44,11,20,353.31,1870.68,paypal,standard,9.0,,2023-06
3448,ORD-20250419-03448,289,2025-04-19,enviado,3897.58,16,10,818.49,4102.46,cash_on_delivery,same_day,,,2025-04
3449,ORD-20251014-03449,467,2025-10-14,enviado,1582.36,0,420,332.3,2334.66,bank_transfer,standard,6.0,,2025-10
3450,ORD-20250507-03450,354,2025-05-07,pendiente,5470.97,14,280,1148.9,6133.93,credit_card,pickup,,,2025-05
3451,ORD-20231117-03451,372,2023-11-17,pendiente,1590.36,7,10,333.98,1823.01,credit_card,same_day,,,2023-11
3452,ORD-20230522-03452,201,2023-05-22,procesando,4884.44,11,440,1025.73,5812.88,bank_transfer,pickup,,,2023-05
3453,ORD-20240718-03453,326,2024-07-18,entregado,2791.96,11,500,586.31,3571.15,debit_card,express,,,2024-07
3454,ORD-20241120-03454,204,2024-11-20,enviado,184.89,9,210,38.83,417.08,paypal,same_day,,,2024-11
3455,ORD-20230407-03455,257,2023-04-07,pendiente,2627.27,6,10,551.73,3031.36,paypal,pickup,,Nota del cliente: Envolver para regalo,2023-04
3456,ORD-20250614-03456,280,2025-06-14,cancelado,2712.73,18,420,569.67,3214.11,cash_on_delivery,express,,,2025-06
3457,ORD-20240505-03457,52,2024-05-05,enviado,470.45,4,500,98.79,1050.42,cash_on_delivery,express,,,2024-05
3458,ORD-20230204-03458,184,2023-02-04,enviado,1095.22,9,230,230.0,1456.65,bank_transfer,standard,,,2023-02
3459,ORD-20240315-03459,356,2024-03-15,procesando,2500.58,2,430,525.12,3405.69,debit_card,standard,6.0,,2024-03
3460,ORD-20240203-03460,135,2024-02-03,enviado,3284.66,9,90,689.78,3768.82,credit_card,express,,,2024-02
3461,ORD-20240806-03461,492,2024-08-06,cancelado,1863.38,6,20,391.31,2162.89,bank_transfer,pickup,,,2024-08
3462,ORD-20251202-03462,322,2025-12-02,cancelado,1017.84,13,410,213.75,1509.27,cash_on_delivery,express,,,2025-12
3463,ORD-20240216-03463,433,2024-02-16,cancelado,1188.8,4,110,249.65,1500.9,credit_card,pickup,4.0,,2024-02
3464,ORD-20240627-03464,43,2024-06-27,procesando,2860.34,2,360,600.67,3763.8,debit_card,express,,,2024-06
3465,ORD-20230427-03465,422,2023-04-27,enviado,4204.98,6,130,883.05,4965.73,paypal,pickup,10.0,Nota del cliente: Envolver para regalo,2023-04
3466,ORD-20250423-03466,134,2025-04-23,entregado,3681.39,0,0,773.09,4454.48,cash_on_delivery,same_day,,,2025-04
3467,ORD-20241016-03467,224,2024-10-16,pendiente,305.44,10,430,64.14,769.04,credit_card,standard,,,2024-10
3468,ORD-20231028-03468,253,2023-10-28,pendiente,4765.16,10,140,1000.68,5429.32,paypal,same_day,,,2023-10
3469,ORD-20230816-03469,116,2023-08-16,procesando,2488.68,17,360,522.62,2948.22,bank_transfer,pickup,3.0,,2023-08
3470,ORD-20230819-03470,257,2023-08-19,entregado,2582.1,5,360,542.24,3355.24,debit_card,pickup,,,2023-08
3471,ORD-20241124-03471,420,2024-11-24,cancelado,1917.6,1,220,402.7,2521.12,bank_transfer,pickup,,,2024-11
3472,ORD-20230914-03472,145,2023-09-14,enviado,2166.61,13,40,454.99,2379.94,paypal,pickup,,Nota del cliente: Llamar antes,2023-09
3473,ORD-20240827-03473,446,2024-08-27,enviado,2406.45,18,120,505.35,2598.64,credit_card,express,10.0,,2024-08
3474,ORD-20250129-03474,322,2025-01-29,cancelado,1438.76,10,260,302.14,1857.02,debit_card,pickup,,Nota del cliente: Envolver para regalo,2025-01
3475,ORD-20240913-03475,153,2024-09-13,cancelado,3767.59,0,30,791.19,4588.78,bank_transfer,express,,,2024-09
3476,ORD-20230127-03476,7,2023-01-27,entregado,3616.66,19,0,759.5,3688.99,bank_transfer,standard,,Nota del cliente: Llamar antes,2023-01
3477,ORD-20231103-03477,19,2023-11-03,cancelado,840.7,14,430,176.55,1329.55,credit_card,express,,,2023-11
3478,ORD-20231125-03478,471,2023-11-25,entregado,775.6,8,310,162.88,1186.43,bank_transfer,standard,,,2023-11
3479,ORD-20231004-03479,286,2023-10-04,pendiente,4408.1,20,190,925.7,4642.18,credit_card,same_day,,,2023-10
3480,ORD-20240219-03480,141,2024-02-19,cancelado,2725.78,10,0,572.41,3025.61,credit_card,standard,,,2024-02
3481,ORD-20230927-03481,333,2023-09-27,enviado,3161.26,10,350,663.86,3858.99,paypal,same_day,,,2023-09
3482,ORD-20250212-03482,437,2025-02-12,entregado,2756.7,9,90,578.91,3177.51,paypal,standard,,,2025-02
3483,ORD-20230308-03483,333,2023-03-08,enviado,4010.76,1,370,842.26,5182.91,cash_on_delivery,pickup,,,2023-03
3484,ORD-20240516-03484,214,2024-05-16,entregado,1719.21,15,360,361.03,2182.36,credit_card,standard,,,2024-05
3485,ORD-20230425-03485,374,2023-04-25,pendiente,670.45,15,240,140.79,950.67,paypal,same_day,,Nota del cliente: Llamar antes,2023-04
3486,ORD-20230924-03486,84,2023-09-24,cancelado,527.1,8,310,110.69,905.62,cash_on_delivery,express,9.0,,2023-09
3487,ORD-20241018-03487,70,2024-10-18,procesando,380.26,2,420,79.85,872.5,debit_card,pickup,,,2024-10
3488,ORD-20240725-03488,104,2024-07-25,cancelado,1846.96,10,320,387.86,2370.12,bank_transfer,pickup,,,2024-07
3489,ORD-20230916-03489,464,2023-09-16,entregado,1761.89,13,390,370.0,2292.84,bank_transfer,pickup,,,2023-09
3490,ORD-20230729-03490,277,2023-07-29,pendiente,365.01,4,160,76.65,587.06,bank_transfer,express,,Nota del cliente: Dejar en portería,2023-07
3491,ORD-20241210-03491,347,2024-12-10,entregado,3152.96,14,370,662.12,3743.67,debit_card,standard,,,2024-12
3492,ORD-20241217-03492,72,2024-12-17,procesando,2511.67,7,240,527.45,3103.3,debit_card,express,,,2024-12
3493,ORD-20230604-03493,25,2023-06-04,enviado,412.39,11,460,86.6,913.63,bank_transfer,same_day,4.0,,2023-06
3494,ORD-20251111-03494,365,2025-11-11,enviado,1920.55,17,380,403.32,2377.38,cash_on_delivery,same_day,,,2025-11
3495,ORD-20231216-03495,407,2023-12-16,pendiente,5925.97,11,150,1244.45,6668.56,bank_transfer,same_day,,,2023-12
3496,ORD-20251130-03496,382,2025-11-30,enviado,2810.55,10,490,590.22,3609.72,paypal,pickup,,,2025-11
3497,ORD-20240416-03497,424,2024-04-16,procesando,1752.07,17,470,367.93,2292.15,debit_card,pickup,,Nota del cliente: Llamar antes,2024-04
3498,ORD-20250711-03498,480,2025-07-11,entregado,1955.44,17,410,410.64,2443.66,bank_transfer,standard,,,2025-07
3499,ORD-20240307-03499,171,2024-03-07,enviado,1361.79,2,210,285.98,1830.53,credit_card,same_day,,,2024-03
3500,ORD-20240219-03500,290,2024-02-19,cancelado,4763.48,16,160,1000.33,5161.65,cash_on_delivery,standard,,,2024-02
3501,ORD-20250126-03501,472,2025-01-26,enviado,2862.54,5,150,601.13,3470.54,debit_card,standard,,,2025-01
3502,ORD-20250411-03502,39,2025-04-11,pendiente,1705.28,4,390,358.11,2385.18,bank_transfer,pickup,,,2025-04
3503,ORD-20240428-03503,487,2024-04-28,pendiente,404.34,1,0,84.91,485.21,paypal,pickup,9.0,,2024-04
3504,ORD-20250430-03504,179,2025-04-30,cancelado,126.6,15,80,26.59,214.2,paypal,pickup,,,2025-04
3505,ORD-20240527-03505,116,2024-05-27,cancelado,1464.64,8,230,307.57,1885.04,credit_card,standard,,,2024-05
3506,ORD-20250731-03506,214,2025-07-31,pendiente,1206.29,8,190,253.32,1553.11,debit_card,standard,,,2025-07
3507,ORD-20230428-03507,77,2023-04-28,entregado,1047.82,5,80,220.04,1295.47,credit_card,same_day,,,2023-04
3508,ORD-20251026-03508,75,2025-10-26,procesando,5362.5,8,190,1126.13,6249.63,cash_on_delivery,standard,2.0,,2025-10
3509,ORD-20250710-03509,166,2025-07-10,entregado,1319.78,7,400,277.15,1904.55,credit_card,same_day,,,2025-07
3510,ORD-20251121-03510,183,2025-11-21,enviado,3571.1,12,200,749.93,4092.5,credit_card,standard,,,2025-11
3511,ORD-20230227-03511,14,2023-02-27,procesando,3321.45,15,450,697.5,3970.73,bank_transfer,express,,,2023-02
3512,ORD-20240501-03512,375,2024-05-01,pendiente,1339.3,1,130,281.25,1737.16,paypal,standard,9.0,Nota del cliente: Envolver para regalo,2024-05
3513,ORD-20231219-03513,446,2023-12-19,cancelado,4164.69,16,490,874.58,4862.92,debit_card,same_day,,,2023-12
3514,ORD-20231223-03514,470,2023-12-23,procesando,118.32,16,450,24.85,574.24,credit_card,express,,,2023-12
3515,ORD-20250420-03515,301,2025-04-20,entregado,2371.14,6,490,497.94,3216.81,credit_card,express,4.0,,2025-04
3516,ORD-20231014-03516,418,2023-10-14,pendiente,759.76,14,420,159.55,1232.94,cash_on_delivery,same_day,,,2023-10
3517,ORD-20240311-03517,13,2024-03-11,procesando,277.52,2,440,58.28,770.25,cash_on_delivery,express,,Nota del cliente: Llamar antes,2024-03
3518,ORD-20241213-03518,11,2024-12-13,entregado,472.5,19,320,99.23,801.96,paypal,standard,,,2024-12
3519,ORD-20231119-03519,186,2023-11-19,pendiente,4947.99,2,210,1039.08,6098.11,cash_on_delivery,pickup,1.0,,2023-11
3520,ORD-20230214-03520,430,2023-02-14,entregado,3473.41,8,110,729.42,4034.96,cash_on_delivery,same_day,1.0,Nota del cliente: Dejar en portería,2023-02
3521,ORD-20251011-03521,367,2025-10-11,procesando,1390.38,8,340,291.98,1911.13,debit_card,same_day,,,2025-10
3522,ORD-20240229-03522,271,2024-02-29,procesando,542.28,14,400,113.88,980.24,debit_card,standard,10.0,Nota del cliente: Dejar en portería,2024-02
3523,ORD-20230418-03523,191,2023-04-18,cancelado,310.68,6,380,65.24,737.28,cash_on_delivery,pickup,,,2023-04
3524,ORD-20230618-03524,222,2023-06-18,entregado,3688.47,0,220,774.58,4683.05,bank_transfer,express,4.0,,2023-06
3525,ORD-20241112-03525,240,2024-11-12,enviado,2802.3,16,80,588.48,3022.41,paypal,standard,,,2024-11
3526,ORD-20230904-03526,426,2023-09-04,procesando,2264.72,5,210,475.59,2837.07,paypal,same_day,,Nota del cliente: Entregar por la tarde,2023-09
3527,ORD-20241114-03527,161,2024-11-14,pendiente,3645.76,12,460,765.61,4433.88,bank_transfer,express,,,2024-11
3528,ORD-20240724-03528,409,2024-07-24,procesando,529.96,1,30,111.29,665.95,cash_on_delivery,same_day,10.0,,2024-07
3529,ORD-20240624-03529,473,2024-06-24,cancelado,47.97,5,370,10.07,425.64,debit_card,same_day,9.0,,2024-06
3530,ORD-20230531-03530,55,2023-05-31,enviado,888.36,3,40,186.56,1088.27,paypal,pickup,,,2023-05
3531,ORD-20250122-03531,339,2025-01-22,enviado,386.82,15,290,81.23,700.03,paypal,pickup,4.0,,2025-01
3532,ORD-20231229-03532,258,2023-12-29,entregado,1725.35,13,330,362.32,2193.37,debit_card,standard,,Nota del cliente: Envolver para regalo,2023-12
3533,ORD-20240222-03533,12,2024-02-22,entregado,1104.34,7,100,231.91,1358.95,bank_transfer,same_day,10.0,,2024-02
3534,ORD-20230304-03534,309,2023-03-04,enviado,2136.59,7,40,448.68,2475.71,bank_transfer,pickup,,,2023-03
3535,ORD-20231016-03535,155,2023-10-16,pendiente,242.78,19,280,50.98,527.63,credit_card,standard,6.0,,2023-10
3536,ORD-20250707-03536,493,2025-07-07,cancelado,4322.0,14,270,907.62,4894.54,credit_card,standard,,,2025-07
3537,ORD-20241121-03537,22,2024-11-21,pendiente,4025.71,10,400,845.4,4868.54,debit_card,standard,6.0,,2024-11
3538,ORD-20240205-03538,67,2024-02-05,cancelado,1898.6,8,150,398.71,2295.42,paypal,pickup,,,2024-02
3539,ORD-20230710-03539,254,2023-07-10,entregado,1758.44,0,340,369.27,2467.71,debit_card,pickup,,Nota del cliente: Dejar en portería,2023-07
3540,ORD-20230523-03540,210,2023-05-23,procesando,4539.98,15,140,953.4,4952.38,cash_on_delivery,pickup,,,2023-05
3541,ORD-20250625-03541,226,2025-06-25,entregado,2631.18,16,50,552.55,2812.74,credit_card,same_day,,Nota del cliente: Dejar en portería,2025-06
3542,ORD-20230402-03542,65,2023-04-02,cancelado,1896.38,5,130,398.24,2329.8,bank_transfer,standard,,,2023-04
3543,ORD-20250316-03543,467,2025-03-16,entregado,257.72,14,170,54.12,445.76,debit_card,express,,Nota del cliente: Dejar en portería,2025-03
3544,ORD-20230401-03544,158,2023-04-01,procesando,2227.78,4,20,467.83,2626.5,paypal,standard,,,2023-04
3545,ORD-20250301-03545,412,2025-03-01,enviado,3005.35,10,460,631.12,3795.94,paypal,same_day,,,2025-03
3546,ORD-20241004-03546,172,2024-10-04,entregado,4771.85,19,440,1002.09,5307.29,bank_transfer,pickup,,,2024-10
3547,ORD-20250927-03547,190,2025-09-27,entregado,499.56,6,100,104.91,674.5,paypal,pickup,,,2025-09
3548,ORD-20240107-03548,5,2024-01-07,cancelado,103.56,14,360,21.75,470.81,debit_card,same_day,,,2024-01
3549,ORD-20231104-03549,133,2023-11-04,entregado,1317.41,17,280,276.66,1650.11,paypal,standard,,,2023-11
3550,ORD-20230204-03550,310,2023-02-04,enviado,727.58,6,130,152.79,966.72,paypal,standard,,,2023-02
3551,ORD-20240531-03551,417,2024-05-31,pendiente,1645.15,2,370,345.48,2327.73,cash_on_delivery,express,,,2024-05
3552,ORD-20241227-03552,434,2024-12-27,procesando,651.38,4,150,136.79,912.11,cash_on_delivery,express,,,2024-12
3553,ORD-20230319-03553,317,2023-03-19,procesando,5138.44,10,100,1079.07,5803.67,bank_transfer,pickup,7.0,,2023-03
3554,ORD-20240702-03554,450,2024-07-02,enviado,851.94,10,380,178.91,1325.66,credit_card,pickup,,,2024-07
3555,ORD-20241224-03555,312,2024-12-24,procesando,3485.62,9,80,731.98,3983.89,credit_card,pickup,1.0,,2024-12
3556,ORD-20230527-03556,233,2023-05-27,cancelado,3546.6,12,240,744.79,4105.8,paypal,standard,,,2023-05
3557,ORD-20250813-03557,367,2025-08-13,enviado,939.52,13,90,197.3,1104.68,cash_on_delivery,same_day,,,2025-08
3558,ORD-20241109-03558,167,2024-11-09,procesando,1294.4,5,280,271.82,1781.5,paypal,same_day,9.0,,2024-11
3559,ORD-20241231-03559,26,2024-12-31,pendiente,346.9,8,210,72.85,602.0,paypal,pickup,,,2024-12
3560,ORD-20240620-03560,122,2024-06-20,procesando,1908.18,8,280,400.72,2436.25,credit_card,pickup,,,2024-06
3561,ORD-20240324-03561,384,2024-03-24,procesando,924.52,15,400,194.15,1379.99,credit_card,express,,,2024-03
3562,ORD-20240915-03562,123,2024-09-15,cancelado,2949.12,19,300,619.32,3308.11,credit_card,pickup,,,2024-09
3563,ORD-20250127-03563,371,2025-01-27,entregado,1504.47,13,340,315.94,1964.83,bank_transfer,express,,Nota del cliente: Dejar en portería,2025-01
3564,ORD-20241227-03564,111,2024-12-27,enviado,2208.08,2,500,463.7,3127.62,bank_transfer,pickup,,,2024-12
3565,ORD-20230312-03565,336,2023-03-12,enviado,1134.2,1,70,238.18,1431.04,debit_card,same_day,,Nota del cliente: Entregar por la tarde,2023-03
3566,ORD-20230503-03566,475,2023-05-03,enviado,4003.11,3,130,840.65,4853.67,debit_card,pickup,,,2023-05
3567,ORD-20230325-03567,376,2023-03-25,enviado,1742.54,9,150,365.93,2101.64,cash_on_delivery,pickup,,,2023-03
3568,ORD-20251205-03568,379,2025-12-05,procesando,4493.84,14,280,943.71,5088.41,bank_transfer,pickup,9.0,,2025-12
3569,ORD-20240326-03569,383,2024-03-26,entregado,3159.18,10,70,663.43,3576.69,debit_card,same_day,,,2024-03
3570,ORD-20250707-03570,186,2025-07-07,cancelado,1899.57,10,480,398.91,2588.52,bank_transfer,standard,,,2025-07
3571,ORD-20240501-03571,377,2024-05-01,entregado,3367.56,20,240,707.19,3641.24,credit_card,standard,,,2024-05
3572,ORD-20230817-03572,196,2023-08-17,pendiente,485.97,17,110,102.05,615.41,credit_card,same_day,,,2023-08
3573,ORD-20250401-03573,154,2025-04-01,entregado,1167.24,5,170,245.12,1524.0,bank_transfer,pickup,,,2025-04
3574,ORD-20230601-03574,172,2023-06-01,procesando,3554.97,9,0,746.54,3981.56,bank_transfer,express,2.0,,2023-06
3575,ORD-20230617-03575,480,2023-06-17,enviado,658.75,7,490,138.34,1240.98,paypal,standard,7.0,,2023-06
3576,ORD-20250415-03576,359,2025-04-15,enviado,2130.24,15,480,447.35,2738.05,cash_on_delivery,pickup,1.0,,2025-04
3577,ORD-20230615-03577,254,2023-06-15,entregado,3406.31,10,120,715.33,3901.01,bank_transfer,express,10.0,,2023-06
3578,ORD-20230209-03578,402,2023-02-09,pendiente,2133.39,8,280,448.01,2690.73,bank_transfer,standard,,,2023-02
3579,ORD-20230107-03579,322,2023-01-07,cancelado,3972.22,16,500,834.17,4670.83,cash_on_delivery,express,,Nota del cliente: Llamar antes,2023-01
3580,ORD-20230818-03580,253,2023-08-18,enviado,4701.89,14,380,987.4,5411.03,paypal,same_day,,Nota del cliente: Dejar en portería,2023-08
3581,ORD-20240407-03581,177,2024-04-07,procesando,470.19,9,470,98.74,996.61,paypal,standard,6.0,,2024-04
3582,ORD-20240713-03582,150,2024-07-13,enviado,3085.14,5,180,647.88,3758.76,bank_transfer,express,6.0,,2024-07
3583,ORD-20230911-03583,380,2023-09-11,cancelado,773.64,18,460,162.46,1256.84,bank_transfer,pickup,,,2023-09
3584,ORD-20231009-03584,224,2023-10-09,procesando,1572.47,20,230,330.22,1818.2,debit_card,standard,,Nota del cliente: Envolver para regalo,2023-10
3585,ORD-20230102-03585,392,2023-01-02,entregado,3722.74,14,410,781.78,4393.34,debit_card,express,,,2023-01
3586,ORD-20230421-03586,276,2023-04-21,procesando,1031.56,15,220,216.63,1313.46,bank_transfer,pickup,10.0,,2023-04
3587,ORD-20250505-03587,229,2025-05-05,enviado,193.46,19,470,40.63,667.33,credit_card,standard,,Nota del cliente: Entregar por la tarde,2025-05
3588,ORD-20250407-03588,370,2025-04-07,pendiente,2556.17,4,0,536.8,2990.72,cash_on_delivery,express,,,2025-04
3589,ORD-20230105-03589,417,2023-01-05,pendiente,2410.72,4,450,506.25,3270.54,bank_transfer,express,,,2023-01
3590,ORD-20240202-03590,186,2024-02-02,procesando,533.52,8,50,112.04,652.88,paypal,same_day,,,2024-02
3591,ORD-20250206-03591,369,2025-02-06,entregado,794.9,5,110,166.93,1032.09,paypal,same_day,,,2025-02
3592,ORD-20231212-03592,317,2023-12-12,pendiente,2771.21,6,60,581.95,3246.89,cash_on_delivery,express,,,2023-12
3593,ORD-20241231-03593,402,2024-12-31,pendiente,3034.87,13,290,637.32,3567.66,debit_card,standard,,,2024-12
3594,ORD-20241115-03594,32,2024-11-15,pendiente,594.0,9,170,124.74,835.28,paypal,express,,Nota del cliente: Envolver para regalo,2024-11
3595,ORD-20241124-03595,1,2024-11-24,pendiente,721.16,18,420,151.44,1162.79,paypal,express,,,2024-11
3596,ORD-20240412-03596,368,2024-04-12,entregado,1479.04,6,60,310.6,1760.9,paypal,pickup,,,2024-04
3597,ORD-20250927-03597,405,2025-09-27,procesando,3747.35,9,40,786.94,4237.03,bank_transfer,same_day,,Nota del cliente: Dejar en portería,2025-09
3598,ORD-20241001-03598,358,2024-10-01,pendiente,3663.54,4,90,769.34,4376.34,cash_on_delivery,standard,,,2024-10
3599,ORD-20240528-03599,474,2024-05-28,cancelado,2448.74,11,500,514.24,3193.62,debit_card,standard,3.0,Nota del cliente: Llamar antes,2024-05
3600,ORD-20231115-03600,473,2023-11-15,pendiente,931.78,18,450,195.67,1409.73,bank_transfer,pickup,,,2023-11
3601,ORD-20250508-03601,196,2025-05-08,procesando,537.96,9,80,112.97,682.51,bank_transfer,standard,,,2025-05
3602,ORD-20250921-03602,226,2025-09-21,entregado,3655.22,8,470,767.6,4600.4,paypal,pickup,10.0,,2025-09
3603,ORD-20231230-03603,280,2023-12-30,pendiente,2069.11,1,50,434.51,2532.93,debit_card,pickup,,,2023-12
3604,ORD-20230724-03604,12,2023-07-24,procesando,2957.05,16,310,620.98,3414.9,bank_transfer,standard,,Nota del cliente: Envolver para regalo,2023-07
3605,ORD-20230708-03605,302,2023-07-08,pendiente,1390.38,14,430,291.98,1917.71,bank_transfer,express,,,2023-07
3606,ORD-20250126-03606,451,2025-01-26,enviado,3463.46,0,210,727.33,4400.79,credit_card,express,,,2025-01
3607,ORD-20250505-03607,339,2025-05-05,procesando,1677.05,15,290,352.18,2067.67,debit_card,standard,3.0,,2025-05
3608,ORD-20231007-03608,167,2023-10-07,cancelado,3657.17,20,180,768.01,3873.75,bank_transfer,pickup,,,2023-10
3609,ORD-20240623-03609,267,2024-06-23,pendiente,1328.8,11,150,279.05,1611.68,credit_card,standard,,,2024-06
3610,ORD-20251216-03610,313,2025-12-16,procesando,3219.83,19,500,676.16,3784.22,paypal,express,4.0,,2025-12
3611,ORD-20240206-03611,129,2024-02-06,pendiente,2275.2,12,180,477.79,2659.97,credit_card,same_day,,,2024-02
3612,ORD-20230819-03612,142,2023-08-19,enviado,1964.48,19,260,412.54,2263.77,cash_on_delivery,standard,,,2023-08
3613,ORD-20230617-03613,110,2023-06-17,cancelado,2747.1,0,260,576.89,3583.99,cash_on_delivery,standard,,,2023-06
3614,ORD-20231214-03614,148,2023-12-14,entregado,1541.6,5,50,323.74,1838.26,debit_card,standard,3.0,,2023-12
3615,ORD-20240419-03615,102,2024-04-19,enviado,1627.58,17,340,341.79,2032.68,cash_on_delivery,same_day,,,2024-04
3616,ORD-20240607-03616,376,2024-06-07,entregado,2500.92,13,500,525.19,3200.99,paypal,same_day,,,2024-06
3617,ORD-20241113-03617,472,2024-11-13,entregado,6326.52,12,110,1328.57,7005.91,debit_card,standard,,,2024-11
3618,ORD-20230811-03618,139,2023-08-11,enviado,4300.47,11,10,903.1,4740.52,cash_on_delivery,pickup,,,2023-08
3619,ORD-20230110-03619,81,2023-01-10,pendiente,674.95,1,200,141.74,1009.94,credit_card,standard,4.0,,2023-01
3620,ORD-20231012-03620,189,2023-10-12,pendiente,4463.54,10,400,937.34,5354.53,cash_on_delivery,express,,,2023-10
3621,ORD-20241214-03621,274,2024-12-14,cancelado,3271.42,1,210,687.0,4135.71,debit_card,express,,,2024-12
3622,ORD-20250601-03622,181,2025-06-01,procesando,321.94,16,150,67.61,488.04,cash_on_delivery,express,,,2025-06
3623,ORD-20240529-03623,69,2024-05-29,procesando,527.1,13,370,110.69,939.27,cash_on_delivery,same_day,,Nota del cliente: Dejar en portería,2024-05
3624,ORD-20250311-03624,306,2025-03-11,enviado,455.87,11,50,95.73,551.45,bank_transfer,express,5.0,,2025-03
3625,ORD-20241105-03625,394,2024-11-05,procesando,1806.55,11,170,379.38,2157.21,debit_card,express,2.0,,2024-11
3626,ORD-20240628-03626,297,2024-06-28,enviado,1802.9,12,480,378.61,2445.16,credit_card,standard,3.0,,2024-06
3627,ORD-20230209-03627,400,2023-02-09,cancelado,1525.28,4,40,320.31,1824.58,debit_card,standard,,,2023-02
3628,ORD-20230327-03628,361,2023-03-27,cancelado,4013.3,20,280,842.79,4333.43,debit_card,pickup,,,2023-03
3629,ORD-20250418-03629,169,2025-04-18,cancelado,1483.14,8,470,311.46,2145.95,debit_card,pickup,,Nota del cliente: Llamar antes,2025-04
3630,ORD-20251029-03630,459,2025-10-29,procesando,4117.66,7,50,864.71,4744.13,paypal,standard,8.0,,2025-10
3631,ORD-20230430-03631,371,2023-04-30,pendiente,2398.65,13,110,503.72,2700.55,debit_card,standard,,,2023-04
3632,ORD-20251227-03632,54,2025-12-27,enviado,2799.87,17,180,587.97,3091.86,credit_card,same_day,,,2025-12
3633,ORD-20240908-03633,195,2024-09-08,cancelado,867.19,18,210,182.11,1103.21,credit_card,standard,,Nota del cliente: Entregar por la tarde,2024-09
3634,ORD-20230506-03634,57,2023-05-06,procesando,2474.75,5,120,519.7,2990.71,credit_card,express,,,2023-05
3635,ORD-20231217-03635,244,2023-12-17,procesando,5611.43,3,240,1178.4,6861.49,debit_card,same_day,,,2023-12
3636,ORD-20230922-03636,490,2023-09-22,cancelado,878.89,20,330,184.57,1217.68,paypal,standard,,,2023-09
3637,ORD-20240224-03637,379,2024-02-24,enviado,521.84,12,130,109.59,698.81,bank_transfer,pickup,3.0,,2024-02
3638,ORD-20230517-03638,364,2023-05-17,cancelado,3258.15,6,210,684.21,3956.87,paypal,standard,,,2023-05
3639,ORD-20250404-03639,492,2025-04-04,cancelado,3429.16,16,60,720.12,3660.61,credit_card,same_day,7.0,,2025-04
3640,ORD-20231120-03640,249,2023-11-20,procesando,3391.36,19,340,712.19,3799.19,credit_card,standard,,,2023-11
3641,ORD-20231113-03641,156,2023-11-13,cancelado,534.02,0,470,112.14,1116.16,credit_card,standard,,,2023-11
3642,ORD-20240903-03642,422,2024-09-03,cancelado,3506.32,20,120,736.33,3661.39,cash_on_delivery,standard,,,2024-09
3643,ORD-20231118-03643,330,2023-11-18,procesando,277.92,1,60,58.36,393.5,bank_transfer,pickup,1.0,,2023-11
3644,ORD-20240319-03644,462,2024-03-19,enviado,1044.64,12,240,219.37,1378.65,paypal,express,,,2024-03
3645,ORD-20230603-03645,6,2023-06-03,cancelado,3997.27,3,480,839.43,5196.78,debit_card,express,,,2023-06
3646,ORD-20251002-03646,338,2025-10-02,entregado,4292.84,4,80,901.5,5102.63,paypal,same_day,,,2025-10
3647,ORD-20230730-03647,430,2023-07-30,cancelado,2280.71,12,20,478.95,2505.97,credit_card,express,,,2023-07
3648,ORD-20230907-03648,387,2023-09-07,cancelado,2658.2,2,120,558.22,3283.26,credit_card,express,,,2023-09
3649,ORD-20250407-03649,349,2025-04-07,entregado,102.83,9,370,21.59,485.17,cash_on_delivery,standard,2.0,,2025-04
3650,ORD-20250327-03650,285,2025-03-27,entregado,6213.57,17,350,1304.85,6812.11,paypal,pickup,,,2025-03
3651,ORD-20250917-03651,231,2025-09-17,procesando,1307.85,0,490,274.65,2072.5,bank_transfer,pickup,,,2025-09
3652,ORD-20251017-03652,265,2025-10-17,cancelado,598.17,13,30,125.62,676.03,cash_on_delivery,pickup,,,2025-10
3653,ORD-20250530-03653,31,2025-05-30,pendiente,580.26,19,200,121.85,791.86,credit_card,same_day,,,2025-05
3654,ORD-20230902-03654,332,2023-09-02,procesando,2125.72,2,90,446.4,2619.61,cash_on_delivery,pickup,6.0,,2023-09
3655,ORD-20241004-03655,326,2024-10-04,pendiente,511.35,14,360,107.38,907.14,cash_on_delivery,standard,,,2024-10
3656,ORD-20250917-03656,466,2025-09-17,cancelado,1175.1,8,110,246.77,1437.86,debit_card,express,,,2025-09
3657,ORD-20240916-03657,157,2024-09-16,pendiente,1687.67,10,240,354.41,2113.31,bank_transfer,standard,,,2024-09
3658,ORD-20240429-03658,186,2024-04-29,cancelado,940.38,8,310,197.48,1372.63,credit_card,pickup,,,2024-04
3659,ORD-20230107-03659,454,2023-01-07,entregado,81.52,14,300,17.12,387.23,bank_transfer,pickup,,Nota del cliente: Llamar antes,2023-01
3660,ORD-20230128-03660,218,2023-01-28,procesando,345.07,19,150,72.46,501.97,credit_card,standard,,,2023-01
3661,ORD-20240314-03661,388,2024-03-14,enviado,2894.37,8,460,607.82,3730.64,debit_card,express,,,2024-03
3662,ORD-20251023-03662,108,2025-10-23,enviado,1925.87,14,130,404.43,2190.68,credit_card,pickup,7.0,Nota del cliente: Llamar antes,2025-10
3663,ORD-20250706-03663,265,2025-07-06,pendiente,160.97,19,220,33.8,384.19,cash_on_delivery,standard,7.0,,2025-07
3664,ORD-20251109-03664,231,2025-11-09,procesando,3395.68,8,70,713.09,3907.12,paypal,pickup,1.0,,2025-11
3665,ORD-20230313-03665,223,2023-03-13,entregado,1486.0,18,100,312.06,1630.58,cash_on_delivery,express,,,2023-03
3666,ORD-20250325-03666,216,2025-03-25,cancelado,499.15,15,460,104.82,989.1,cash_on_delivery,same_day,5.0,,2025-03
3667,ORD-20240305-03667,211,2024-03-05,pendiente,729.69,9,240,153.23,1057.25,bank_transfer,standard,10.0,,2024-03
3668,ORD-20230223-03668,161,2023-02-23,pendiente,644.12,8,200,135.27,927.86,debit_card,same_day,,Nota del cliente: Dejar en portería,2023-02
3669,ORD-20230301-03669,52,2023-03-01,entregado,1118.24,12,390,234.83,1608.88,credit_card,express,,,2023-03
3670,ORD-20230616-03670,405,2023-06-16,entregado,976.25,3,290,205.01,1441.97,cash_on_delivery,standard,6.0,,2023-06
3671,ORD-20240809-03671,431,2024-08-09,enviado,2077.54,7,0,436.28,2368.39,cash_on_delivery,same_day,,,2024-08
3672,ORD-20230524-03672,136,2023-05-24,entregado,2012.54,12,260,422.63,2453.67,paypal,standard,,,2023-05
3673,ORD-20230911-03673,110,2023-09-11,entregado,3263.11,16,30,685.25,3456.26,credit_card,pickup,,,2023-09
3674,ORD-20230621-03674,435,2023-06-21,enviado,819.75,17,400,172.15,1252.54,paypal,express,,,2023-06
3675,ORD-20230620-03675,199,2023-06-20,cancelado,4226.35,4,300,887.53,5244.83,paypal,same_day,,,2023-06
3676,ORD-20251212-03676,266,2025-12-12,procesando,772.65,3,320,162.26,1231.73,bank_transfer,express,,,2025-12
3677,ORD-20240928-03677,217,2024-09-28,enviado,266.76,19,330,56.02,602.1,debit_card,pickup,,,2024-09
3678,ORD-20231010-03678,398,2023-10-10,enviado,2274.95,4,60,477.74,2721.69,paypal,standard,,,2023-10
3679,ORD-20230915-03679,480,2023-09-15,entregado,970.1,17,420,203.72,1428.9,credit_card,express,,,2023-09
3680,ORD-20230504-03680,29,2023-05-04,entregado,4238.81,4,30,890.15,4989.41,bank_transfer,express,,,2023-05
3681,ORD-20240804-03681,372,2024-08-04,entregado,1823.66,14,370,382.97,2321.32,bank_transfer,pickup,,Nota del cliente: Dejar en portería,2024-08
3682,ORD-20240317-03682,246,2024-03-17,entregado,1314.1,16,460,275.96,1839.8,bank_transfer,pickup,9.0,,2024-03
3683,ORD-20240128-03683,262,2024-01-28,pendiente,2585.39,12,420,542.93,3238.07,bank_transfer,express,,Nota del cliente: Envolver para regalo,2024-01
3684,ORD-20250802-03684,26,2025-08-02,procesando,1000.27,10,340,210.06,1450.3,bank_transfer,pickup,,,2025-08
3685,ORD-20250507-03685,78,2025-05-07,entregado,441.78,15,30,92.77,498.28,cash_on_delivery,express,,,2025-05
3686,ORD-20230423-03686,148,2023-04-23,cancelado,3796.43,10,180,797.25,4394.04,bank_transfer,same_day,,,2023-04
3687,ORD-20231209-03687,129,2023-12-09,entregado,71.84,14,470,15.09,546.87,bank_transfer,express,,,2023-12
3688,ORD-20230814-03688,378,2023-08-14,enviado,4964.07,6,410,1042.45,6118.68,cash_on_delivery,standard,10.0,Nota del cliente: Entregar por la tarde,2023-08
3689,ORD-20230819-03689,198,2023-08-19,cancelado,273.5,12,70,57.44,368.12,cash_on_delivery,pickup,1.0,,2023-08
3690,ORD-20231023-03690,35,2023-10-23,cancelado,3927.52,14,360,824.78,4562.45,debit_card,express,,Nota del cliente: Envolver para regalo,2023-10
3691,ORD-20241031-03691,314,2024-10-31,pendiente,6467.12,10,440,1358.1,7618.51,bank_transfer,same_day,4.0,,2024-10
3692,ORD-20231230-03692,411,2023-12-30,cancelado,914.87,18,320,192.12,1262.31,cash_on_delivery,pickup,,,2023-12
3693,ORD-20250226-03693,434,2025-02-26,enviado,1495.7,14,150,314.1,1750.4,debit_card,standard,,,2025-02
3694,ORD-20250127-03694,277,2025-01-27,entregado,1744.34,15,90,366.31,1939.0,debit_card,pickup,,,2025-01
3695,ORD-20250301-03695,100,2025-03-01,cancelado,2895.16,11,210,607.98,3394.67,paypal,express,,,2025-03
3696,ORD-20250524-03696,119,2025-05-24,enviado,2072.69,3,190,435.26,2635.77,cash_on_delivery,standard,10.0,,2025-05
3697,ORD-20250228-03697,253,2025-02-28,enviado,1660.44,1,280,348.69,2272.53,debit_card,pickup,,,2025-02
3698,ORD-20240129-03698,199,2024-01-29,entregado,3204.98,8,130,673.05,3751.63,credit_card,pickup,,,2024-01
3699,ORD-20241024-03699,438,2024-10-24,cancelado,99.83,16,20,20.96,124.82,bank_transfer,same_day,9.0,,2024-10
3700,ORD-20250529-03700,81,2025-05-29,procesando,122.25,11,60,25.67,194.47,credit_card,same_day,,,2025-05
3701,ORD-20231229-03701,97,2023-12-29,cancelado,2169.51,18,300,455.6,2534.6,credit_card,pickup,,,2023-12
3702,ORD-20230716-03702,6,2023-07-16,cancelado,560.24,13,100,117.65,705.06,debit_card,express,,,2023-07
3703,ORD-20250219-03703,118,2025-02-19,pendiente,2925.46,15,380,614.35,3480.99,bank_transfer,express,9.0,,2025-02
3704,ORD-20240713-03704,168,2024-07-13,cancelado,1636.35,13,470,343.63,2237.25,credit_card,express,,,2024-07
3705,ORD-20241208-03705,399,2024-12-08,enviado,3395.63,10,190,713.08,3959.15,paypal,express,,,2024-12
3706,ORD-20230102-03706,457,2023-01-02,procesando,5938.23,15,40,1247.03,6334.53,bank_transfer,pickup,,,2023-01
3707,ORD-20241221-03707,377,2024-12-21,enviado,4850.02,16,400,1018.5,5492.52,credit_card,express,,Nota del cliente: Dejar en portería,2024-12
3708,ORD-20230621-03708,238,2023-06-21,enviado,785.72,0,180,165.0,1130.72,bank_transfer,express,,,2023-06
3709,ORD-20250329-03709,183,2025-03-29,entregado,606.95,20,400,127.46,1013.02,paypal,same_day,8.0,Nota del cliente: Dejar en portería,2025-03
3710,ORD-20230619-03710,91,2023-06-19,pendiente,3514.63,18,420,738.07,4040.07,bank_transfer,standard,,,2023-06
3711,ORD-20230622-03711,151,2023-06-22,enviado,827.4,8,90,173.75,1024.96,paypal,express,,,2023-06
3712,ORD-20241213-03712,73,2024-12-13,entregado,644.12,4,430,135.27,1183.63,cash_on_delivery,express,,Nota del cliente: Llamar antes,2024-12
3713,ORD-20240508-03713,324,2024-05-08,cancelado,1155.65,20,380,242.69,1547.21,paypal,pickup,,,2024-05
3714,ORD-20250701-03714,151,2025-07-01,pendiente,379.62,9,460,79.72,885.17,bank_transfer,standard,4.0,,2025-07
3715,ORD-20250406-03715,23,2025-04-06,enviado,1945.4,19,230,408.53,2214.3,credit_card,pickup,,,2025-04
3716,ORD-20250830-03716,66,2025-08-30,entregado,2885.96,10,210,606.05,3413.41,credit_card,express,1.0,,2025-08
3717,ORD-20250510-03717,312,2025-05-10,entregado,1591.68,2,170,334.25,2064.1,cash_on_delivery,express,,Nota del cliente: Dejar en portería,2025-05
3718,ORD-20250921-03718,173,2025-09-21,pendiente,2939.02,8,110,617.19,3431.09,credit_card,express,,,2025-09
3719,ORD-20250821-03719,305,2025-08-21,cancelado,1628.77,17,170,342.04,1863.92,debit_card,express,,,2025-08
3720,ORD-20250208-03720,457,2025-02-08,procesando,584.72,6,330,122.79,1002.43,cash_on_delivery,standard,3.0,,2025-02
3721,ORD-20251117-03721,202,2025-11-17,cancelado,2961.91,6,130,622.0,3536.2,debit_card,express,,Nota del cliente: Entregar por la tarde,2025-11
3722,ORD-20231221-03722,336,2023-12-21,cancelado,4323.44,6,240,907.92,5211.95,paypal,standard,,,2023-12
3723,ORD-20240102-03723,458,2024-01-02,pendiente,621.89,17,430,130.6,1076.77,bank_transfer,express,,,2024-01
3724,ORD-20240106-03724,432,2024-01-06,entregado,1180.81,19,0,247.97,1204.43,paypal,pickup,,,2024-01
3725,ORD-20230918-03725,401,2023-09-18,entregado,3794.2,2,40,796.78,4555.1,debit_card,express,,,2023-09
3726,ORD-20240102-03726,36,2024-01-02,entregado,2319.66,1,320,487.13,3103.59,debit_card,standard,10.0,,2024-01
3727,ORD-20240316-03727,363,2024-03-16,cancelado,2587.15,9,220,543.3,3117.61,paypal,express,,,2024-03
3728,ORD-20250219-03728,185,2025-02-19,entregado,1593.21,18,190,334.57,1831.0,bank_transfer,pickup,,,2025-02
3729,ORD-20230310-03729,246,2023-03-10,pendiente,2902.53,6,0,609.53,3337.91,credit_card,pickup,,,2023-03
3730,ORD-20241123-03730,278,2024-11-23,entregado,2933.2,18,440,615.97,3461.19,credit_card,standard,,,2024-11
3731,ORD-20230822-03731,285,2023-08-22,cancelado,8212.54,15,440,1724.63,9145.29,debit_card,standard,,,2023-08
3732,ORD-20241201-03732,76,2024-12-01,enviado,760.52,18,370,159.71,1153.34,credit_card,standard,,,2024-12
3733,ORD-20240310-03733,315,2024-03-10,entregado,4525.34,17,170,950.32,4876.35,paypal,standard,,Nota del cliente: Envolver para regalo,2024-03
3734,ORD-20250107-03734,322,2025-01-07,cancelado,2955.43,10,320,620.64,3600.53,debit_card,standard,,,2025-01
3735,ORD-20230320-03735,14,2023-03-20,pendiente,4347.92,6,190,913.06,5190.1,paypal,pickup,,,2023-03
3736,ORD-20251205-03736,55,2025-12-05,entregado,2690.34,5,250,564.97,3370.79,credit_card,same_day,,,2025-12
3737,ORD-20230326-03737,184,2023-03-26,procesando,1925.78,17,330,404.41,2332.81,cash_on_delivery,express,9.0,,2023-03
3738,ORD-20230103-03738,135,2023-01-03,entregado,2105.67,14,210,442.19,2463.07,bank_transfer,pickup,9.0,,2023-01
3739,ORD-20230513-03739,300,2023-05-13,entregado,2789.19,11,230,585.73,3298.11,debit_card,standard,,,2023-05
3740,ORD-20250422-03740,70,2025-04-22,procesando,3808.95,10,450,799.88,4677.94,cash_on_delivery,standard,,,2025-04
3741,ORD-20250507-03741,409,2025-05-07,enviado,2398.65,14,240,503.72,2806.56,debit_card,standard,,,2025-05
3742,ORD-20250429-03742,477,2025-04-29,entregado,1326.4,20,130,278.54,1469.66,paypal,same_day,10.0,,2025-04
3743,ORD-20250302-03743,60,2025-03-02,pendiente,3245.74,4,10,681.61,3807.52,bank_transfer,express,,,2025-03
3744,ORD-20241211-03744,158,2024-12-11,pendiente,498.64,10,0,104.71,553.49,debit_card,express,,,2024-12
3745,ORD-20250215-03745,138,2025-02-15,entregado,3567.92,10,240,749.26,4200.39,credit_card,express,5.0,,2025-02
3746,ORD-20241009-03746,102,2024-10-09,pendiente,594.68,12,410,124.88,1058.2,credit_card,pickup,,,2024-10
3747,ORD-20250813-03747,24,2025-08-13,enviado,2330.56,8,370,489.42,3003.54,debit_card,same_day,,,2025-08
3748,ORD-20230704-03748,166,2023-07-04,procesando,55.56,19,220,11.67,276.67,bank_transfer,pickup,1.0,,2023-07
3749,ORD-20250809-03749,338,2025-08-09,enviado,301.0,8,450,63.21,790.13,bank_transfer,pickup,,,2025-08
3750,ORD-20230424-03750,384,2023-04-24,cancelado,306.81,16,180,64.43,502.15,bank_transfer,express,2.0,,2023-04
3751,ORD-20250813-03751,207,2025-08-13,procesando,600.96,7,220,126.2,905.09,paypal,express,,,2025-08
3752,ORD-20241003-03752,455,2024-10-03,procesando,2090.25,8,40,438.95,2401.98,bank_transfer,same_day,,,2024-10
3753,ORD-20251013-03753,198,2025-10-13,entregado,1728.06,5,500,362.89,2504.55,credit_card,same_day,,,2025-10
3754,ORD-20240127-03754,21,2024-01-27,pendiente,603.99,7,130,126.84,818.55,debit_card,express,,,2024-01
3755,ORD-20250524-03755,236,2025-05-24,entregado,293.18,0,0,61.57,354.75,bank_transfer,express,,Nota del cliente: Envolver para regalo,2025-05
3756,ORD-20250603-03756,408,2025-06-03,enviado,6903.01,0,170,1449.63,8522.64,cash_on_delivery,pickup,1.0,,2025-06
3757,ORD-20230113-03757,309,2023-01-13,enviado,3430.8,6,370,720.47,4315.42,paypal,same_day,,Nota del cliente: Entregar por la tarde,2023-01
3758,ORD-20241224-03758,468,2024-12-24,entregado,3944.95,5,170,828.44,4746.14,credit_card,standard,10.0,,2024-12
3759,ORD-20230512-03759,77,2023-05-12,enviado,180.91,13,10,37.99,205.38,debit_card,same_day,,,2023-05
3760,ORD-20250528-03760,138,2025-05-28,enviado,2848.65,13,0,598.22,3076.55,credit_card,pickup,,,2025-05
3761,ORD-20231227-03761,119,2023-12-27,enviado,1080.07,9,340,226.81,1549.67,debit_card,express,4.0,,2023-12
3762,ORD-20231031-03762,477,2023-10-31,entregado,582.07,8,350,122.23,1007.73,debit_card,standard,,,2023-10
3763,ORD-20250113-03763,231,2025-01-13,entregado,3499.03,18,130,734.8,3734.0,paypal,same_day,,,2025-01
3764,ORD-20240804-03764,239,2024-08-04,enviado,3135.45,20,60,658.44,3226.8,credit_card,standard,,,2024-08
3765,ORD-20241029-03765,390,2024-10-29,pendiente,1310.16,4,350,275.13,1882.88,cash_on_delivery,express,,,2024-10
3766,ORD-20230805-03766,4,2023-08-05,cancelado,2581.34,19,0,542.08,2632.97,paypal,pickup,,,2023-08
3767,ORD-20230119-03767,126,2023-01-19,enviado,2021.7,6,380,424.56,2704.96,credit_card,express,2.0,Nota del cliente: Dejar en portería,2023-01
3768,ORD-20250106-03768,163,2025-01-06,enviado,1380.28,11,60,289.86,1578.31,debit_card,standard,,Nota del cliente: Envolver para regalo,2025-01
3769,ORD-20240723-03769,100,2024-07-23,cancelado,3942.38,16,250,827.9,4389.5,cash_on_delivery,same_day,,,2024-07
3770,ORD-20230916-03770,412,2023-09-16,cancelado,295.59,16,300,62.07,610.37,credit_card,same_day,,Nota del cliente: Envolver para regalo,2023-09
3771,ORD-20240611-03771,433,2024-06-11,procesando,2448.69,5,80,514.22,2920.48,paypal,same_day,,,2024-06
3772,ORD-20250129-03772,255,2025-01-29,pendiente,2526.39,1,490,530.54,3521.67,bank_transfer,express,,,2025-01
3773,ORD-20250521-03773,413,2025-05-21,procesando,2303.15,7,430,483.66,3055.59,bank_transfer,same_day,,,2025-05
3774,ORD-20231125-03774,464,2023-11-25,entregado,409.08,13,70,85.91,511.81,paypal,pickup,,,2023-11
3775,ORD-20240628-03775,379,2024-06-28,enviado,327.17,16,110,68.71,453.53,bank_transfer,standard,,,2024-06
3776,ORD-20231119-03776,436,2023-11-19,procesando,419.21,15,110,88.03,554.36,cash_on_delivery,standard,2.0,Nota del cliente: Llamar antes,2023-11
3777,ORD-20250503-03777,101,2025-05-03,entregado,2598.3,19,170,545.64,2820.26,paypal,same_day,,,2025-05
3778,ORD-20230730-03778,275,2023-07-30,pendiente,3768.14,3,10,791.31,4456.41,debit_card,pickup,,,2023-07
3779,ORD-20230422-03779,103,2023-04-22,procesando,1361.95,20,450,286.01,1825.57,bank_transfer,same_day,,Nota del cliente: Llamar antes,2023-04
3780,ORD-20250622-03780,63,2025-06-22,enviado,981.51,3,70,206.12,1228.18,cash_on_delivery,pickup,,,2025-06
3781,ORD-20240615-03781,323,2024-06-15,procesando,1783.09,14,110,374.45,2017.91,paypal,express,,,2024-06
3782,ORD-20230807-03782,53,2023-08-07,pendiente,2946.13,6,160,618.69,3548.05,credit_card,pickup,10.0,Nota del cliente: Llamar antes,2023-08
3783,ORD-20241118-03783,359,2024-11-18,pendiente,1479.63,9,220,310.72,1877.18,credit_card,standard,,,2024-11
3784,ORD-20230119-03784,389,2023-01-19,enviado,3670.71,12,450,770.85,4451.07,cash_on_delivery,express,,,2023-01
3785,ORD-20241124-03785,332,2024-11-24,enviado,1111.32,9,290,233.38,1534.68,credit_card,pickup,,,2024-11
3786,ORD-20241116-03786,146,2024-11-16,cancelado,2978.65,10,400,625.52,3706.31,paypal,pickup,,,2024-11
3787,ORD-20240722-03787,160,2024-07-22,entregado,4945.94,0,230,1038.65,6214.59,cash_on_delivery,standard,6.0,Nota del cliente: Entregar por la tarde,2024-07
3788,ORD-20250721-03788,326,2025-07-21,pendiente,2362.42,1,260,496.11,3094.91,bank_transfer,pickup,,,2025-07
3789,ORD-20240529-03789,102,2024-05-29,entregado,2583.05,10,200,542.44,3067.19,debit_card,standard,,,2024-05
3790,ORD-20250924-03790,169,2025-09-24,cancelado,3647.95,15,220,766.07,4086.83,debit_card,pickup,,,2025-09
3791,ORD-20250215-03791,149,2025-02-15,pendiente,2034.34,13,0,427.21,2197.09,cash_on_delivery,same_day,,Nota del cliente: Entregar por la tarde,2025-02
3792,ORD-20250525-03792,436,2025-05-25,pendiente,193.42,0,170,40.62,404.04,debit_card,same_day,,,2025-05
3793,ORD-20240510-03793,289,2024-05-10,enviado,801.03,11,250,168.22,1131.14,credit_card,express,,,2024-05
3794,ORD-20250109-03794,127,2025-01-09,entregado,6188.96,6,280,1299.68,7397.3,paypal,express,,,2025-01
3795,ORD-20230403-03795,442,2023-04-03,pendiente,3007.09,3,350,631.49,3898.37,cash_on_delivery,pickup,1.0,,2023-04
3796,ORD-20251109-03796,169,2025-11-09,procesando,3931.73,1,140,825.66,4858.07,cash_on_delivery,same_day,,,2025-11
3797,ORD-20240125-03797,266,2024-01-25,enviado,3376.33,6,30,709.03,3912.78,debit_card,same_day,8.0,,2024-01
3798,ORD-20230709-03798,202,2023-07-09,pendiente,1706.72,19,40,358.41,1780.85,bank_transfer,standard,,,2023-07
3799,ORD-20250107-03799,227,2025-01-07,cancelado,242.78,4,430,50.98,714.05,paypal,standard,,,2025-01
3800,ORD-20240527-03800,121,2024-05-27,entregado,1855.76,10,160,389.71,2219.89,paypal,express,,,2024-05
3801,ORD-20240630-03801,69,2024-06-30,cancelado,1503.16,15,260,315.66,1853.35,cash_on_delivery,same_day,,Nota del cliente: Envolver para regalo,2024-06
3802,ORD-20230425-03802,382,2023-04-25,enviado,725.54,0,380,152.36,1257.9,cash_on_delivery,express,,,2023-04
3803,ORD-20240507-03803,316,2024-05-07,cancelado,2948.13,8,70,619.11,3401.39,credit_card,express,,,2024-05
3804,ORD-20250611-03804,107,2025-06-11,procesando,561.57,13,420,117.93,1026.5,debit_card,express,,,2025-06
3805,ORD-20230516-03805,254,2023-05-16,pendiente,2013.09,8,460,422.75,2734.79,debit_card,express,,,2023-05
3806,ORD-20230505-03806,226,2023-05-05,procesando,4623.82,6,100,971.0,5417.39,bank_transfer,pickup,,,2023-05
3807,ORD-20251224-03807,424,2025-12-24,pendiente,1705.6,18,300,358.18,2056.77,paypal,same_day,,,2025-12
3808,ORD-20240712-03808,338,2024-07-12,pendiente,367.62,17,270,77.2,652.32,cash_on_delivery,pickup,,,2024-07
3809,ORD-20250901-03809,102,2025-09-01,entregado,315.0,12,180,66.15,523.35,paypal,same_day,,,2025-09
3810,ORD-20230213-03810,475,2023-02-13,cancelado,24.45,3,360,5.13,388.85,credit_card,express,,,2023-02
3811,ORD-20240708-03811,302,2024-07-08,cancelado,2486.68,3,30,522.2,2964.28,paypal,standard,,,2024-07
3812,ORD-20240814-03812,140,2024-08-14,pendiente,1692.87,1,230,355.5,2261.44,bank_transfer,express,,,2024-08
3813,ORD-20240518-03813,445,2024-05-18,entregado,2205.77,3,40,463.21,2642.81,paypal,express,3.0,,2024-05
3814,ORD-20250226-03814,203,2025-02-26,procesando,300.33,16,360,63.07,675.35,debit_card,express,,Nota del cliente: Envolver para regalo,2025-02
3815,ORD-20250202-03815,339,2025-02-02,procesando,3029.35,13,200,636.16,3471.69,debit_card,same_day,,,2025-02
3816,ORD-20230219-03816,405,2023-02-19,entregado,421.68,1,140,88.55,646.01,bank_transfer,same_day,7.0,,2023-02
3817,ORD-20230820-03817,66,2023-08-20,enviado,1867.5,19,140,392.18,2044.86,cash_on_delivery,express,,Nota del cliente: Dejar en portería,2023-08
3818,ORD-20251015-03818,218,2025-10-15,procesando,2652.26,19,50,556.97,2755.3,credit_card,standard,6.0,,2025-10
3819,ORD-20230127-03819,46,2023-01-27,enviado,6427.32,13,170,1349.74,7111.51,cash_on_delivery,pickup,,,2023-01
3820,ORD-20241023-03820,148,2024-10-23,enviado,2937.1,20,260,616.79,3226.47,bank_transfer,same_day,1.0,,2024-10
3821,ORD-20231023-03821,178,2023-10-23,procesando,1945.4,3,150,408.53,2445.57,cash_on_delivery,express,,,2023-10
3822,ORD-20250823-03822,215,2025-08-23,entregado,709.04,7,430,148.9,1238.31,cash_on_delivery,express,,,2025-08
3823,ORD-20230503-03823,168,2023-05-03,procesando,4054.02,16,100,851.34,4356.72,debit_card,pickup,,,2023-05
3824,ORD-20240108-03824,33,2024-01-08,cancelado,1166.61,17,50,244.99,1263.28,bank_transfer,pickup,,,2024-01
3825,ORD-20231114-03825,303,2023-11-14,cancelado,887.0,13,120,186.27,1077.96,cash_on_delivery,pickup,,,2023-11
3826,ORD-20230705-03826,47,2023-07-05,entregado,4318.64,19,490,906.91,4895.01,bank_transfer,pickup,,,2023-07
3827,ORD-20250730-03827,391,2025-07-30,pendiente,2857.7,10,200,600.12,3372.05,cash_on_delivery,pickup,,,2025-07
3828,ORD-20230719-03828,309,2023-07-19,cancelado,397.59,1,150,83.49,627.1,paypal,express,,,2023-07
3829,ORD-20250728-03829,67,2025-07-28,entregado,1761.53,15,490,369.92,2357.22,bank_transfer,standard,,Nota del cliente: Envolver para regalo,2025-07
3830,ORD-20240216-03830,374,2024-02-16,entregado,967.1,17,330,203.09,1335.78,credit_card,express,3.0,,2024-02
3831,ORD-20240126-03831,219,2024-01-26,cancelado,3449.9,8,90,724.48,3988.39,paypal,pickup,9.0,,2024-01
3832,ORD-20251102-03832,371,2025-11-02,entregado,3809.77,11,360,800.05,4550.75,credit_card,pickup,,,2025-11
3833,ORD-20230106-03833,474,2023-01-06,cancelado,3219.15,15,260,676.02,3672.3,cash_on_delivery,pickup,,Nota del cliente: Dejar en portería,2023-01
3834,ORD-20240223-03834,101,2024-02-23,enviado,1803.47,10,80,378.73,2081.85,bank_transfer,same_day,,,2024-02
3835,ORD-20231120-03835,98,2023-11-20,cancelado,4883.58,6,320,1025.55,5936.12,paypal,express,,Nota del cliente: Envolver para regalo,2023-11
3836,ORD-20240401-03836,313,2024-04-01,cancelado,952.29,4,390,199.98,1504.18,cash_on_delivery,pickup,,Nota del cliente: Dejar en portería,2024-04
3837,ORD-20250228-03837,192,2025-02-28,pendiente,3783.63,3,170,794.56,4634.68,debit_card,express,,,2025-02
3838,ORD-20240930-03838,377,2024-09-30,cancelado,2689.26,14,390,564.74,3267.5,credit_card,standard,1.0,,2024-09
3839,ORD-20250419-03839,196,2025-04-19,enviado,3074.29,17,70,645.6,3267.26,cash_on_delivery,pickup,,,2025-04
3840,ORD-20240328-03840,449,2024-03-28,pendiente,3187.15,0,220,669.3,4076.45,paypal,pickup,,,2024-03
3841,ORD-20250623-03841,186,2025-06-23,entregado,1261.83,4,240,264.98,1716.34,debit_card,standard,,,2025-06
3842,ORD-20230101-03842,296,2023-01-01,pendiente,2355.24,12,370,494.6,2937.21,credit_card,same_day,,,2023-01
3843,ORD-20230808-03843,407,2023-08-08,cancelado,102.83,9,210,21.59,325.17,paypal,express,7.0,Nota del cliente: Envolver para regalo,2023-08
3844,ORD-20251210-03844,423,2025-12-10,cancelado,5396.44,17,190,1133.25,5802.3,paypal,express,,Nota del cliente: Entregar por la tarde,2025-12
3845,ORD-20230116-03845,403,2023-01-16,procesando,2708.21,0,310,568.72,3586.93,bank_transfer,same_day,,Nota del cliente: Entregar por la tarde,2023-01
3846,ORD-20230816-03846,249,2023-08-16,enviado,6452.48,11,410,1355.02,7507.73,debit_card,pickup,,Nota del cliente: Dejar en portería,2023-08
3847,ORD-20241118-03847,110,2024-11-18,procesando,4993.34,5,440,1048.6,6232.27,bank_transfer,pickup,7.0,,2024-11
3848,ORD-20231008-03848,31,2023-10-08,procesando,697.74,10,360,146.53,1134.5,debit_card,same_day,,,2023-10
3849,ORD-20240123-03849,394,2024-01-23,enviado,369.78,1,230,77.65,673.73,cash_on_delivery,standard,,,2024-01
3850,ORD-20250829-03850,142,2025-08-29,pendiente,1146.93,16,240,240.86,1444.28,paypal,express,10.0,Nota del cliente: Dejar en portería,2025-08
3851,ORD-20230820-03851,453,2023-08-20,pendiente,2119.7,18,60,445.14,2243.29,paypal,standard,,,2023-08
3852,ORD-20250717-03852,13,2025-07-17,pendiente,3415.9,18,190,717.34,3708.38,bank_transfer,pickup,1.0,Nota del cliente: Envolver para regalo,2025-07
3853,ORD-20240114-03853,281,2024-01-14,enviado,724.9,4,350,152.23,1198.13,cash_on_delivery,same_day,,,2024-01
3854,ORD-20240703-03854,343,2024-07-03,enviado,1570.98,9,310,329.91,2069.5,credit_card,same_day,,,2024-07
3855,ORD-20240404-03855,405,2024-04-04,enviado,4021.97,7,60,844.61,4645.04,paypal,same_day,,,2024-04
3856,ORD-20230210-03856,214,2023-02-10,entregado,283.54,18,30,59.54,322.04,paypal,express,,,2023-02
3857,ORD-20240729-03857,137,2024-07-29,enviado,3420.2,0,280,718.24,4418.44,cash_on_delivery,express,,,2024-07
3858,ORD-20240824-03858,74,2024-08-24,entregado,215.52,8,340,45.26,583.54,cash_on_delivery,pickup,,,2024-08
3859,ORD-20241221-03859,266,2024-12-21,cancelado,5153.94,2,60,1082.33,6193.19,credit_card,pickup,,,2024-12
3860,ORD-20251218-03860,123,2025-12-18,entregado,7780.97,1,410,1634.0,9747.16,cash_on_delivery,pickup,,Nota del cliente: Envolver para regalo,2025-12
3861,ORD-20240118-03861,297,2024-01-18,enviado,2042.16,10,270,428.85,2536.79,paypal,express,,,2024-01
3862,ORD-20250907-03862,219,2025-09-07,entregado,3966.38,3,130,832.94,4810.33,debit_card,express,6.0,,2025-09
3863,ORD-20250716-03863,266,2025-07-16,enviado,5033.34,6,190,1057.0,5978.34,bank_transfer,standard,,,2025-07
3864,ORD-20230405-03864,154,2023-04-05,pendiente,3283.14,11,90,689.46,3701.45,debit_card,express,2.0,,2023-04
3865,ORD-20251024-03865,492,2025-10-24,procesando,719.12,1,160,151.02,1022.95,paypal,standard,5.0,,2025-10
3866,ORD-20240811-03866,109,2024-08-11,pendiente,1845.85,20,220,387.63,2084.31,paypal,same_day,,,2024-08
3867,ORD-20250729-03867,487,2025-07-29,entregado,6437.68,14,350,1351.91,7238.31,bank_transfer,pickup,4.0,,2025-07
3868,ORD-20230710-03868,260,2023-07-10,cancelado,1920.28,13,200,403.26,2273.9,cash_on_delivery,standard,,,2023-07
3869,ORD-20250405-03869,285,2025-04-05,procesando,3923.53,14,420,823.94,4618.18,bank_transfer,pickup,,,2025-04
3870,ORD-20240304-03870,94,2024-03-04,enviado,2471.73,0,0,519.06,2990.79,paypal,same_day,,,2024-03
3871,ORD-20230908-03871,313,2023-09-08,pendiente,4376.9,12,170,919.15,4940.82,debit_card,same_day,,Nota del cliente: Envolver para regalo,2023-09
3872,ORD-20230502-03872,40,2023-05-02,cancelado,1202.56,15,450,252.54,1724.72,credit_card,pickup,4.0,,2023-05
3873,ORD-20251029-03873,402,2025-10-29,entregado,1868.14,19,280,392.31,2185.5,bank_transfer,express,,,2025-10
3874,ORD-20240203-03874,409,2024-02-03,pendiente,193.42,8,290,40.62,508.57,bank_transfer,express,,,2024-02
3875,ORD-20250619-03875,5,2025-06-19,enviado,3088.65,19,460,648.62,3610.43,credit_card,same_day,,,2025-06
3876,ORD-20230902-03876,415,2023-09-02,pendiente,2534.87,16,400,532.32,3061.61,bank_transfer,pickup,,,2023-09
3877,ORD-20251024-03877,23,2025-10-24,cancelado,1235.32,17,0,259.42,1284.74,credit_card,standard,,,2025-10
3878,ORD-20250808-03878,491,2025-08-08,cancelado,4935.84,13,340,1036.53,5670.71,debit_card,pickup,,,2025-08
3879,ORD-20240406-03879,204,2024-04-06,entregado,3231.28,5,0,678.57,3748.29,paypal,express,,,2024-04
3880,ORD-20231110-03880,266,2023-11-10,entregado,1399.1,2,500,293.81,2164.93,credit_card,express,,,2023-11
3881,ORD-20231114-03881,185,2023-11-14,cancelado,1817.83,12,100,381.74,2081.43,cash_on_delivery,pickup,,,2023-11
3882,ORD-20240316-03882,205,2024-03-16,entregado,679.9,9,440,142.78,1201.49,debit_card,standard,5.0,,2024-03
3883,ORD-20250707-03883,128,2025-07-07,pendiente,150.9,2,300,31.69,479.57,bank_transfer,standard,3.0,Nota del cliente: Envolver para regalo,2025-07
3884,ORD-20230115-03884,227,2023-01-15,procesando,1825.05,4,180,383.26,2315.31,bank_transfer,express,,,2023-01
3885,ORD-20240522-03885,76,2024-05-22,entregado,2389.38,13,400,501.77,2980.53,credit_card,pickup,4.0,,2024-05
3886,ORD-20250703-03886,319,2025-07-03,cancelado,360.58,20,430,75.72,794.18,bank_transfer,standard,,Nota del cliente: Dejar en portería,2025-07
3887,ORD-20250116-03887,326,2025-01-16,pendiente,2220.9,7,60,466.39,2591.83,cash_on_delivery,same_day,2.0,,2025-01
3888,ORD-20241107-03888,206,2024-11-07,procesando,1276.84,13,20,268.14,1398.99,debit_card,same_day,6.0,Nota del cliente: Envolver para regalo,2024-11
3889,ORD-20250930-03889,183,2025-09-30,pendiente,581.0,17,10,122.01,614.24,paypal,same_day,,,2025-09
3890,ORD-20250303-03890,391,2025-03-03,cancelado,1359.14,2,470,285.42,2087.38,bank_transfer,express,,,2025-03
3891,ORD-20250928-03891,67,2025-09-28,enviado,2247.37,12,440,471.95,2889.64,credit_card,same_day,,,2025-09
3892,ORD-20250701-03892,419,2025-07-01,enviado,4212.3,0,100,884.58,5196.88,debit_card,pickup,1.0,,2025-07
3893,ORD-20250628-03893,337,2025-06-28,enviado,5307.51,3,120,1114.58,6382.86,paypal,same_day,,,2025-06
3894,ORD-20240527-03894,468,2024-05-27,cancelado,3612.99,8,420,758.73,4502.68,cash_on_delivery,same_day,,,2024-05
3895,ORD-20240924-03895,148,2024-09-24,entregado,4754.82,15,100,998.51,5140.11,credit_card,standard,,,2024-09
3896,ORD-20250607-03896,463,2025-06-07,entregado,1956.24,15,180,410.81,2253.61,debit_card,same_day,,Nota del cliente: Entregar por la tarde,2025-06
3897,ORD-20230228-03897,47,2023-02-28,procesando,871.9,17,400,183.1,1306.78,paypal,standard,4.0,,2023-02
3898,ORD-20230612-03898,283,2023-06-12,enviado,1265.25,6,30,265.7,1485.04,debit_card,pickup,5.0,,2023-06
3899,ORD-20250120-03899,84,2025-01-20,entregado,4203.39,1,460,882.71,5504.07,debit_card,pickup,,,2025-01
3900,ORD-20251128-03900,395,2025-11-28,entregado,1902.74,12,310,399.58,2383.99,cash_on_delivery,standard,,,2025-11
3901,ORD-20230901-03901,222,2023-09-01,cancelado,2484.3,16,40,521.7,2648.51,cash_on_delivery,standard,,Nota del cliente: Envolver para regalo,2023-09
3902,ORD-20240911-03902,206,2024-09-11,entregado,260.92,13,140,54.79,421.79,bank_transfer,same_day,,,2024-09
3903,ORD-20250302-03903,364,2025-03-02,procesando,1312.89,14,0,275.71,1404.8,paypal,standard,,,2025-03
3904,ORD-20240728-03904,468,2024-07-28,procesando,773.64,13,430,162.46,1265.53,bank_transfer,express,,,2024-07
3905,ORD-20240723-03905,389,2024-07-23,procesando,4716.6,16,400,990.49,5352.43,cash_on_delivery,express,10.0,Nota del cliente: Dejar en portería,2024-07
3906,ORD-20230215-03906,260,2023-02-15,procesando,1013.91,13,60,212.92,1155.02,bank_transfer,pickup,,,2023-02
3907,ORD-20230413-03907,312,2023-04-13,enviado,1780.35,5,10,373.87,2075.2,credit_card,express,4.0,,2023-04
3908,ORD-20230418-03908,231,2023-04-18,entregado,4418.76,5,20,927.94,5145.76,bank_transfer,same_day,3.0,,2023-04
3909,ORD-20230808-03909,399,2023-08-08,cancelado,955.42,19,450,200.64,1424.53,cash_on_delivery,pickup,,,2023-08
3910,ORD-20251024-03910,282,2025-10-24,cancelado,1952.64,18,380,410.05,2391.21,credit_card,standard,,,2025-10
3911,ORD-20231026-03911,39,2023-10-26,procesando,1794.02,17,400,376.74,2265.78,bank_transfer,pickup,,,2023-10
3912,ORD-20241101-03912,161,2024-11-01,enviado,3209.23,8,360,673.94,3986.43,paypal,standard,,,2024-11
3913,ORD-20230131-03913,2,2023-01-31,entregado,335.19,20,200,70.39,538.54,cash_on_delivery,pickup,,Nota del cliente: Entregar por la tarde,2023-01
3914,ORD-20230717-03914,43,2023-07-17,pendiente,1467.57,7,170,308.19,1843.03,debit_card,same_day,,Nota del cliente: Dejar en portería,2023-07
3915,ORD-20251103-03915,194,2025-11-03,cancelado,2411.69,4,100,506.45,2921.67,cash_on_delivery,standard,5.0,,2025-11
3916,ORD-20240726-03916,283,2024-07-26,entregado,3165.96,2,220,664.85,3987.49,cash_on_delivery,standard,,,2024-07
3917,ORD-20230904-03917,46,2023-09-04,enviado,2591.07,18,180,544.12,2848.8,bank_transfer,pickup,,,2023-09
3918,ORD-20250206-03918,340,2025-02-06,enviado,3391.17,2,400,712.15,4435.5,cash_on_delivery,express,,,2025-02
3919,ORD-20230529-03919,225,2023-05-29,procesando,2047.48,5,390,429.97,2765.08,credit_card,pickup,,,2023-05
3920,ORD-20251023-03920,440,2025-10-23,enviado,1965.84,9,370,412.83,2571.74,debit_card,pickup,1.0,Nota del cliente: Dejar en portería,2025-10
3921,ORD-20251215-03921,314,2025-12-15,procesando,2492.69,16,100,523.46,2717.32,debit_card,pickup,,,2025-12
3922,ORD-20240623-03922,60,2024-06-23,enviado,4278.34,13,10,898.45,4630.61,debit_card,same_day,,,2024-06
3923,ORD-20241118-03923,167,2024-11-18,procesando,102.27,8,60,21.48,175.57,credit_card,standard,,,2024-11
3924,ORD-20230505-03924,175,2023-05-05,pendiente,100.46,12,190,21.1,299.5,bank_transfer,express,,,2023-05
3925,ORD-20250903-03925,407,2025-09-03,pendiente,2922.79,16,200,613.79,3268.93,cash_on_delivery,standard,5.0,,2025-09
3926,ORD-20230913-03926,345,2023-09-13,entregado,2103.05,2,200,441.64,2702.63,cash_on_delivery,same_day,,,2023-09
3927,ORD-20240712-03927,136,2024-07-12,cancelado,47.97,8,290,10.07,344.2,cash_on_delivery,standard,6.0,,2024-07
3928,ORD-20230124-03928,496,2023-01-24,cancelado,1810.36,18,320,380.18,2184.68,paypal,pickup,,Nota del cliente: Llamar antes,2023-01
3929,ORD-20231202-03929,147,2023-12-02,procesando,1798.01,4,190,377.58,2293.67,debit_card,pickup,6.0,Nota del cliente: Llamar antes,2023-12
3930,ORD-20230315-03930,62,2023-03-15,cancelado,1355.7,20,480,284.7,1849.26,paypal,standard,8.0,,2023-03
3931,ORD-20230115-03931,218,2023-01-15,enviado,2654.09,8,320,557.36,3319.12,debit_card,pickup,,,2023-01
3932,ORD-20230621-03932,117,2023-06-21,entregado,6082.79,12,30,1277.39,6660.25,bank_transfer,express,10.0,Nota del cliente: Entregar por la tarde,2023-06
3933,ORD-20250724-03933,356,2025-07-24,entregado,4333.86,6,300,910.11,5283.94,credit_card,express,10.0,,2025-07
3934,ORD-20250824-03934,226,2025-08-24,entregado,288.68,14,480,60.62,788.88,credit_card,same_day,,,2025-08
3935,ORD-20240710-03935,360,2024-07-10,procesando,511.35,16,470,107.38,1006.91,debit_card,express,,Nota del cliente: Entregar por la tarde,2024-07
3936,ORD-20231129-03936,113,2023-11-29,cancelado,1623.64,5,240,340.96,2123.42,debit_card,pickup,,,2023-11
3937,ORD-20240813-03937,192,2024-08-13,pendiente,2497.1,18,390,524.39,2962.01,cash_on_delivery,same_day,,,2024-08
3938,ORD-20231201-03938,397,2023-12-01,enviado,773.68,12,160,162.47,1003.31,cash_on_delivery,pickup,,,2023-12
3939,ORD-20230610-03939,116,2023-06-10,pendiente,1789.09,6,420,375.71,2477.45,credit_card,standard,,,2023-06
3940,ORD-20230408-03940,188,2023-04-08,cancelado,486.4,17,240,102.14,745.85,cash_on_delivery,express,,Nota del cliente: Dejar en portería,2023-04
3941,ORD-20241220-03941,111,2024-12-20,enviado,1442.62,12,230,302.95,1802.46,paypal,pickup,,,2024-12
3942,ORD-20251203-03942,62,2025-12-03,cancelado,911.74,10,450,191.47,1462.04,paypal,pickup,,,2025-12
3943,ORD-20240417-03943,224,2024-04-17,cancelado,315.0,11,260,66.15,606.5,credit_card,pickup,1.0,Nota del cliente: Llamar antes,2024-04
3944,ORD-20250123-03944,267,2025-01-23,enviado,1162.0,14,490,244.02,1733.34,credit_card,express,6.0,,2025-01
3945,ORD-20251211-03945,370,2025-12-11,cancelado,3007.38,4,10,631.55,3528.63,debit_card,pickup,,,2025-12
3946,ORD-20250103-03946,483,2025-01-03,procesando,5806.1,12,400,1219.28,6728.65,cash_on_delivery,express,1.0,,2025-01
3947,ORD-20230626-03947,53,2023-06-26,entregado,2818.64,5,410,591.91,3679.62,cash_on_delivery,same_day,,,2023-06
3948,ORD-20241101-03948,322,2024-11-01,entregado,4192.78,9,470,880.48,5165.91,bank_transfer,express,,Nota del cliente: Dejar en portería,2024-11
3949,ORD-20251208-03949,132,2025-12-08,entregado,2046.16,13,110,429.69,2319.85,cash_on_delivery,same_day,1.0,,2025-12
3950,ORD-20240805-03950,411,2024-08-05,pendiente,884.61,9,320,185.77,1310.77,cash_on_delivery,standard,5.0,,2024-08
3951,ORD-20230406-03951,28,2023-04-06,pendiente,3432.56,20,70,720.84,3536.89,credit_card,standard,,,2023-04
3952,ORD-20250316-03952,439,2025-03-16,entregado,2292.23,7,360,481.37,2973.14,paypal,pickup,,,2025-03
3953,ORD-20251223-03953,363,2025-12-23,pendiente,6053.4,19,280,1271.21,6454.46,bank_transfer,pickup,,,2025-12
3954,ORD-20230214-03954,110,2023-02-14,cancelado,2145.57,7,0,450.57,2445.95,credit_card,pickup,,,2023-02
3955,ORD-20240717-03955,463,2024-07-17,entregado,3919.98,17,420,823.2,4496.78,bank_transfer,same_day,,,2024-07
3956,ORD-20251217-03956,146,2025-12-17,entregado,5096.92,1,320,1070.35,6436.3,cash_on_delivery,same_day,,Nota del cliente: Llamar antes,2025-12
3957,ORD-20250331-03957,142,2025-03-31,enviado,3399.62,10,40,713.92,3813.58,bank_transfer,pickup,,Nota del cliente: Llamar antes,2025-03
3958,ORD-20230602-03958,478,2023-06-02,entregado,1717.17,1,170,360.61,2230.61,paypal,standard,,,2023-06
3959,ORD-20230801-03959,13,2023-08-01,procesando,1613.25,4,500,338.78,2387.5,debit_card,pickup,,,2023-08
3960,ORD-20250822-03960,288,2025-08-22,procesando,690.14,1,390,144.93,1218.17,cash_on_delivery,express,,,2025-08
3961,ORD-20250222-03961,456,2025-02-22,cancelado,1565.34,16,300,328.72,1943.61,bank_transfer,pickup,,,2025-02
3962,ORD-20230331-03962,34,2023-03-31,entregado,2383.86,9,300,500.61,2969.92,credit_card,same_day,6.0,,2023-03
3963,ORD-20231002-03963,158,2023-10-02,enviado,2213.71,10,210,464.88,2667.22,debit_card,express,10.0,,2023-10
3964,ORD-20250930-03964,385,2025-09-30,entregado,3376.32,3,20,709.03,4004.06,bank_transfer,standard,1.0,,2025-09
3965,ORD-20230226-03965,89,2023-02-26,pendiente,3205.78,6,320,673.21,4006.64,debit_card,same_day,,,2023-02
3966,ORD-20230314-03966,164,2023-03-14,cancelado,4212.06,20,270,884.53,4524.18,bank_transfer,standard,,Nota del cliente: Dejar en portería,2023-03
3967,ORD-20240403-03967,146,2024-04-03,enviado,4997.66,19,490,1049.51,5587.61,debit_card,express,,Nota del cliente: Dejar en portería,2024-04
3968,ORD-20251023-03968,336,2025-10-23,procesando,1031.19,5,30,216.55,1226.18,cash_on_delivery,express,,,2025-10
3969,ORD-20240506-03969,118,2024-05-06,enviado,3096.98,14,200,650.37,3513.77,bank_transfer,standard,3.0,,2024-05
3970,ORD-20241116-03970,438,2024-11-16,entregado,2437.04,14,210,511.78,2817.63,debit_card,standard,,,2024-11
3971,ORD-20250322-03971,218,2025-03-22,enviado,1945.4,19,410,408.53,2394.3,paypal,express,,,2025-03
3972,ORD-20231225-03972,225,2023-12-25,cancelado,2010.92,8,120,422.29,2392.34,credit_card,standard,3.0,Nota del cliente: Dejar en portería,2023-12
3973,ORD-20250323-03973,244,2025-03-23,pendiente,2569.6,3,470,539.62,3502.13,cash_on_delivery,express,,Nota del cliente: Dejar en portería,2025-03
3974,ORD-20240706-03974,236,2024-07-06,procesando,1175.0,4,400,246.75,1774.75,bank_transfer,standard,,Nota del cliente: Envolver para regalo,2024-07
3975,ORD-20250502-03975,448,2025-05-02,procesando,1323.58,15,130,277.95,1532.99,cash_on_delivery,standard,,,2025-05
3976,ORD-20240226-03976,462,2024-02-26,procesando,678.2,14,90,142.42,815.67,bank_transfer,pickup,8.0,,2024-02
3977,ORD-20250212-03977,366,2025-02-12,entregado,5379.42,13,160,1129.68,5969.78,bank_transfer,same_day,,,2025-02
3978,ORD-20230923-03978,74,2023-09-23,enviado,380.26,12,10,79.85,424.48,bank_transfer,standard,7.0,,2023-09
3979,ORD-20240125-03979,151,2024-01-25,procesando,2081.08,11,250,437.03,2539.19,bank_transfer,same_day,,,2024-01
3980,ORD-20250330-03980,32,2025-03-30,procesando,3842.03,15,440,806.83,4512.56,bank_transfer,express,,,2025-03
3981,ORD-20240515-03981,168,2024-05-15,enviado,1610.3,7,460,338.16,2295.74,debit_card,express,,,2024-05
3982,ORD-20230201-03982,59,2023-02-01,cancelado,1022.38,8,170,214.7,1325.29,debit_card,standard,,,2023-02
3983,ORD-20251017-03983,304,2025-10-17,enviado,2288.96,5,320,480.68,2975.19,cash_on_delivery,same_day,9.0,,2025-10
3984,ORD-20231222-03984,106,2023-12-22,enviado,1947.33,6,370,408.94,2609.43,bank_transfer,standard,,,2023-12
3985,ORD-20250705-03985,409,2025-07-05,pendiente,1382.43,8,280,290.31,1842.15,cash_on_delivery,express,,,2025-07
3986,ORD-20250908-03986,446,2025-09-08,entregado,2049.21,4,160,430.33,2557.57,debit_card,pickup,10.0,,2025-09
3987,ORD-20240414-03987,362,2024-04-14,enviado,3637.12,9,470,763.8,4543.58,paypal,standard,1.0,Nota del cliente: Entregar por la tarde,2024-04
3988,ORD-20230701-03988,284,2023-07-01,procesando,3995.18,10,30,838.99,4464.65,cash_on_delivery,pickup,,,2023-07
3989,ORD-20250313-03989,127,2025-03-13,cancelado,4270.85,8,160,896.88,4986.06,paypal,same_day,,,2025-03
3990,ORD-20240313-03990,135,2024-03-13,pendiente,3582.03,11,490,752.23,4430.24,cash_on_delivery,same_day,8.0,,2024-03
3991,ORD-20231210-03991,310,2023-12-10,pendiente,1033.77,2,340,217.09,1570.18,bank_transfer,standard,,,2023-12
3992,ORD-20250118-03992,477,2025-01-18,pendiente,4823.72,8,270,1012.98,5720.8,cash_on_delivery,express,,,2025-01
3993,ORD-20250207-03993,130,2025-02-07,entregado,1078.0,9,120,226.38,1327.36,bank_transfer,pickup,,,2025-02
3994,ORD-20230628-03994,97,2023-06-28,enviado,1219.29,18,40,256.05,1295.87,cash_on_delivery,express,,,2023-06
3995,ORD-20230203-03995,147,2023-02-03,cancelado,1934.6,12,40,406.27,2148.72,debit_card,express,5.0,,2023-02
3996,ORD-20230107-03996,478,2023-01-07,procesando,1411.77,20,240,296.47,1665.89,cash_on_delivery,express,,,2023-01
3997,ORD-20231121-03997,361,2023-11-21,procesando,2905.59,12,410,610.17,3577.09,cash_on_delivery,standard,6.0,Nota del cliente: Llamar antes,2023-11
3998,ORD-20230617-03998,38,2023-06-17,procesando,93.48,11,100,19.63,202.83,bank_transfer,standard,,,2023-06
3999,ORD-20240108-03999,75,2024-01-08,cancelado,1136.85,13,220,238.74,1447.8,paypal,standard,,,2024-01
4000,ORD-20240105-04000,233,2024-01-05,enviado,3563.08,10,220,748.25,4175.02,bank_transfer,pickup,,,2024-01
4001,ORD-20231210-04001,172,2023-12-10,enviado,2051.76,7,90,430.87,2429.01,cash_on_delivery,standard,,,2023-12
4002,ORD-20250514-04002,362,2025-05-14,pendiente,1654.21,5,270,347.38,2188.88,debit_card,pickup,,,2025-05
4003,ORD-20230814-04003,338,2023-08-14,cancelado,1578.44,5,260,331.47,2090.99,cash_on_delivery,standard,,,2023-08
4004,ORD-20250627-04004,415,2025-06-27,procesando,3168.15,13,50,665.31,3471.6,cash_on_delivery,express,6.0,,2025-06
4005,ORD-20231026-04005,225,2023-10-26,cancelado,2770.47,14,190,581.8,3154.4,paypal,standard,2.0,,2023-10
4006,ORD-20240313-04006,176,2024-03-13,cancelado,4085.69,13,310,857.99,4722.54,bank_transfer,standard,,Nota del cliente: Dejar en portería,2024-03
4007,ORD-20230722-04007,296,2023-07-22,cancelado,1171.17,2,10,245.95,1403.7,paypal,standard,,,2023-07
4008,ORD-20240115-04008,290,2024-01-15,pendiente,275.8,0,480,57.92,813.72,paypal,pickup,,,2024-01
4009,ORD-20240424-04009,92,2024-04-24,entregado,2678.13,2,210,562.41,3396.98,cash_on_delivery,same_day,1.0,,2024-04
4010,ORD-20230615-04010,408,2023-06-15,procesando,3047.38,15,60,639.95,3290.22,debit_card,same_day,,,2023-06
4011,ORD-20250907-04011,294,2025-09-07,pendiente,2163.92,18,490,454.42,2718.83,bank_transfer,express,,,2025-09
4012,ORD-20230201-04012,265,2023-02-01,enviado,2583.05,8,420,542.44,3338.85,debit_card,pickup,,,2023-02
4013,ORD-20230514-04013,218,2023-05-14,procesando,27.52,0,480,5.78,513.3,bank_transfer,standard,,,2023-05
4014,ORD-20240907-04014,319,2024-09-07,enviado,3626.02,8,410,761.46,4507.4,paypal,express,5.0,,2024-09
4015,ORD-20250811-04015,470,2025-08-11,procesando,2408.15,0,150,505.71,3063.86,bank_transfer,express,,,2025-08
4016,ORD-20231016-04016,351,2023-10-16,procesando,1599.6,2,360,335.92,2263.53,bank_transfer,same_day,2.0,,2023-10
4017,ORD-20230305-04017,255,2023-03-05,pendiente,1191.37,8,30,250.19,1376.25,bank_transfer,standard,,,2023-03
4018,ORD-20230211-04018,335,2023-02-11,procesando,157.5,4,380,33.08,564.28,credit_card,same_day,,Nota del cliente: Llamar antes,2023-02
4019,ORD-20250503-04019,431,2025-05-03,pendiente,712.45,7,270,149.61,1082.19,bank_transfer,standard,,,2025-05
4020,ORD-20230911-04020,307,2023-09-11,pendiente,118.85,8,310,24.96,444.3,credit_card,pickup,10.0,,2023-09
4021,ORD-20250323-04021,210,2025-03-23,procesando,1736.11,1,210,364.58,2293.33,paypal,pickup,9.0,,2025-03
4022,ORD-20250319-04022,227,2025-03-19,enviado,2838.28,15,300,596.04,3308.58,paypal,standard,,,2025-03
4023,ORD-20230407-04023,37,2023-04-07,pendiente,236.64,10,10,49.69,272.67,credit_card,pickup,,,2023-04
4024,ORD-20240713-04024,211,2024-07-13,cancelado,573.0,13,450,120.33,1068.84,paypal,express,,,2024-07
4025,ORD-20240120-04025,379,2024-01-20,cancelado,814.76,11,470,171.1,1366.24,cash_on_delivery,express,,Nota del cliente: Dejar en portería,2024-01
4026,ORD-20230207-04026,315,2023-02-07,entregado,3072.61,19,350,645.25,3484.06,credit_card,standard,,,2023-02
4027,ORD-20240124-04027,397,2024-01-24,procesando,1743.27,16,230,366.09,2060.44,credit_card,same_day,,,2024-01
4028,ORD-20250712-04028,140,2025-07-12,entregado,2378.21,17,20,499.42,2493.33,debit_card,standard,10.0,,2025-07
4029,ORD-20240429-04029,173,2024-04-29,pendiente,665.04,13,270,139.66,988.24,cash_on_delivery,pickup,,,2024-04
4030,ORD-20230224-04030,289,2023-02-24,cancelado,2964.18,16,360,622.48,3472.39,paypal,standard,,,2023-02
4031,ORD-20250830-04031,272,2025-08-30,enviado,1058.4,5,250,222.26,1477.74,credit_card,standard,9.0,,2025-08
4032,ORD-20250214-04032,224,2025-02-14,entregado,3379.79,19,160,709.76,3607.39,cash_on_delivery,express,,,2025-02
4033,ORD-20230827-04033,348,2023-08-27,enviado,4246.54,6,360,891.77,5243.52,debit_card,pickup,2.0,Nota del cliente: Dejar en portería,2023-08
4034,ORD-20250618-04034,436,2025-06-18,cancelado,919.08,4,40,193.01,1115.33,paypal,express,,Nota del cliente: Envolver para regalo,2025-06
4035,ORD-20250708-04035,444,2025-07-08,pendiente,1080.96,0,90,227.0,1397.96,paypal,standard,,Nota del cliente: Envolver para regalo,2025-07
4036,ORD-20251007-04036,3,2025-10-07,entregado,2777.69,0,420,583.31,3781.0,cash_on_delivery,same_day,,,2025-10
4037,ORD-20231115-04037,190,2023-11-15,entregado,2175.44,19,500,456.84,2718.95,debit_card,same_day,,,2023-11
4038,ORD-20230306-04038,178,2023-03-06,entregado,2453.93,13,20,515.33,2670.25,debit_card,pickup,,Nota del cliente: Llamar antes,2023-03
4039,ORD-20241025-04039,466,2024-10-25,cancelado,794.45,15,210,166.83,1052.11,paypal,standard,,,2024-10
4040,ORD-20240912-04040,488,2024-09-12,cancelado,1899.2,9,100,398.83,2227.1,cash_on_delivery,same_day,,,2024-09
4041,ORD-20241018-04041,47,2024-10-18,pendiente,1717.67,2,320,360.71,2364.03,debit_card,standard,,Nota del cliente: Dejar en portería,2024-10
4042,ORD-20241024-04042,500,2024-10-24,cancelado,3544.8,5,220,744.41,4331.97,credit_card,standard,,,2024-10
4043,ORD-20250808-04043,4,2025-08-08,procesando,1587.15,20,120,333.3,1723.02,debit_card,express,,,2025-08
4044,ORD-20240717-04044,8,2024-07-17,cancelado,2357.59,9,370,495.09,3010.5,cash_on_delivery,express,,,2024-07
4045,ORD-20230505-04045,187,2023-05-05,cancelado,1246.64,19,360,261.79,1631.57,debit_card,standard,,,2023-05
4046,ORD-20250723-04046,453,2025-07-23,procesando,191.88,10,470,40.29,682.98,bank_transfer,same_day,,,2025-07
4047,ORD-20251103-04047,486,2025-11-03,pendiente,6160.28,14,20,1293.66,6611.5,cash_on_delivery,standard,,,2025-11
4048,ORD-20250223-04048,465,2025-02-23,cancelado,638.42,14,500,134.07,1183.11,credit_card,same_day,,,2025-02
4049,ORD-20230506-04049,402,2023-05-06,cancelado,4545.9,19,50,954.64,4686.82,cash_on_delivery,standard,7.0,,2023-05
4050,ORD-20250529-04050,327,2025-05-29,entregado,2220.72,3,190,466.35,2810.45,debit_card,same_day,,,2025-05
4051,ORD-20250420-04051,328,2025-04-20,pendiente,1774.7,5,440,372.69,2498.66,paypal,pickup,,,2025-04
4052,ORD-20240208-04052,436,2024-02-08,cancelado,2723.75,4,470,571.99,3656.79,paypal,express,,Nota del cliente: Envolver para regalo,2024-02
4053,ORD-20240804-04053,301,2024-08-04,cancelado,4407.15,0,100,925.5,5432.65,debit_card,pickup,,,2024-08
4054,ORD-20240120-04054,199,2024-01-20,cancelado,542.28,16,450,113.88,1019.4,paypal,standard,,,2024-01
4055,ORD-20250505-04055,449,2025-05-05,procesando,2103.5,10,80,441.74,2414.89,cash_on_delivery,standard,,,2025-05
4056,ORD-20230204-04056,370,2023-02-04,pendiente,1694.97,4,310,355.94,2293.11,credit_card,same_day,,,2023-02
4057,ORD-20250511-04057,98,2025-05-11,entregado,539.51,20,190,113.3,734.91,debit_card,standard,2.0,,2025-05
4058,ORD-20231215-04058,330,2023-12-15,pendiente,2617.77,11,80,549.73,2959.55,bank_transfer,standard,,Nota del cliente: Dejar en portería,2023-12
4059,ORD-20240304-04059,92,2024-03-04,entregado,4558.22,19,170,957.23,4819.39,cash_on_delivery,same_day,,,2024-03
4060,ORD-20250425-04060,75,2025-04-25,enviado,1603.13,5,440,336.66,2299.63,bank_transfer,express,,,2025-04
4061,ORD-20250914-04061,342,2025-09-14,procesando,3459.6,2,160,726.52,4276.93,bank_transfer,express,10.0,,2025-09
4062,ORD-20231107-04062,86,2023-11-07,entregado,2062.58,6,340,433.14,2711.97,cash_on_delivery,standard,,Nota del cliente: Dejar en portería,2023-11
4063,ORD-20230708-04063,266,2023-07-08,cancelado,4655.35,17,0,977.62,4841.56,debit_card,express,,,2023-07
4064,ORD-20230514-04064,62,2023-05-14,pendiente,2506.16,11,190,526.29,2946.77,paypal,pickup,,,2023-05
4065,ORD-20240416-04065,356,2024-04-16,pendiente,1021.25,16,170,214.46,1242.31,paypal,standard,,,2024-04
4066,ORD-20231204-04066,260,2023-12-04,cancelado,773.8,5,420,162.5,1317.61,cash_on_delivery,pickup,,,2023-12
4067,ORD-20241018-04067,159,2024-10-18,enviado,971.58,18,230,204.03,1230.73,credit_card,standard,6.0,,2024-10
4068,ORD-20230115-04068,60,2023-01-15,pendiente,2409.36,13,480,505.97,3082.11,debit_card,express,,,2023-01
4069,ORD-20240816-04069,7,2024-08-16,procesando,1957.21,14,420,411.01,2514.21,bank_transfer,express,9.0,,2024-08
4070,ORD-20240525-04070,313,2024-05-25,procesando,2499.08,13,30,524.81,2729.01,credit_card,express,,,2024-05
4071,ORD-20240221-04071,131,2024-02-21,procesando,210.84,16,180,44.28,401.39,paypal,standard,,Nota del cliente: Dejar en portería,2024-02
4072,ORD-20231230-04072,453,2023-12-30,procesando,2931.8,10,80,615.68,3334.3,debit_card,same_day,,,2023-12
4073,ORD-20230220-04073,91,2023-02-20,entregado,3297.33,14,10,692.44,3538.14,debit_card,same_day,,,2023-02
4074,ORD-20230209-04074,404,2023-02-09,enviado,4584.91,4,210,962.83,5574.34,cash_on_delivery,same_day,8.0,,2023-02
4075,ORD-20250930-04075,174,2025-09-30,entregado,271.96,16,500,57.11,785.56,credit_card,standard,,Nota del cliente: Entregar por la tarde,2025-09
4076,ORD-20230727-04076,318,2023-07-27,pendiente,952.29,15,400,199.98,1409.43,cash_on_delivery,pickup,,Nota del cliente: Entregar por la tarde,2023-07
4077,ORD-20230615-04077,149,2023-06-15,procesando,5354.47,3,20,1124.44,6338.28,debit_card,same_day,,,2023-06
4078,ORD-20240928-04078,309,2024-09-28,entregado,3712.04,10,330,779.53,4450.37,credit_card,pickup,,,2024-09
4079,ORD-20250730-04079,193,2025-07-30,entregado,360.32,13,290,75.67,679.15,credit_card,express,3.0,,2025-07
4080,ORD-20241224-04080,113,2024-12-24,cancelado,3334.67,6,190,700.28,4024.87,paypal,pickup,,,2024-12
4081,ORD-20230712-04081,487,2023-07-12,cancelado,992.84,4,370,208.5,1531.63,bank_transfer,same_day,,,2023-07
4082,ORD-20241212-04082,134,2024-12-12,procesando,832.36,9,210,174.8,1142.25,debit_card,express,10.0,,2024-12
4083,ORD-20240414-04083,111,2024-04-14,entregado,2710.32,20,190,569.17,2927.43,credit_card,standard,,,2024-04
4084,ORD-20250106-04084,91,2025-01-06,pendiente,3419.36,6,100,718.07,4032.27,credit_card,express,,,2025-01
4085,ORD-20250414-04085,238,2025-04-14,enviado,2903.12,13,310,609.66,3445.37,bank_transfer,standard,,Nota del cliente: Llamar antes,2025-04
4086,ORD-20231020-04086,31,2023-10-20,procesando,105.42,12,80,22.14,194.91,debit_card,standard,,,2023-10
4087,ORD-20251224-04087,417,2025-12-24,pendiente,460.63,1,290,96.73,842.75,credit_card,pickup,,,2025-12
4088,ORD-20250215-04088,250,2025-02-15,enviado,143.91,16,100,30.22,251.1,credit_card,standard,,Nota del cliente: Llamar antes,2025-02
4089,ORD-20250519-04089,411,2025-05-19,cancelado,164.1,7,390,34.46,577.07,credit_card,pickup,,,2025-05
4090,ORD-20240102-04090,176,2024-01-02,cancelado,1872.13,20,360,393.15,2250.85,debit_card,standard,,,2024-01
4091,ORD-20250209-04091,383,2025-02-09,enviado,1743.16,11,480,366.06,2397.47,bank_transfer,same_day,3.0,,2025-02
4092,ORD-20240212-04092,454,2024-02-12,entregado,1445.04,19,70,303.46,1543.94,cash_on_delivery,standard,,,2024-02
4093,ORD-20250404-04093,52,2025-04-04,enviado,1181.66,14,50,248.15,1314.38,paypal,express,,,2025-04
4094,ORD-20240720-04094,198,2024-07-20,entregado,2798.46,0,300,587.68,3686.14,paypal,express,,,2024-07
4095,ORD-20250629-04095,105,2025-06-29,enviado,3534.67,2,310,742.28,4516.26,paypal,standard,,,2025-06
4096,ORD-20250604-04096,5,2025-06-04,enviado,1583.8,0,260,332.6,2176.4,paypal,express,,Nota del cliente: Entregar por la tarde,2025-06
4097,ORD-20240130-04097,140,2024-01-30,procesando,535.52,1,20,112.46,662.62,credit_card,pickup,8.0,,2024-01
4098,ORD-20231102-04098,120,2023-11-02,enviado,1554.86,16,220,326.52,1852.6,cash_on_delivery,same_day,,,2023-11
4099,ORD-20240205-04099,126,2024-02-05,cancelado,2959.63,16,430,621.52,3537.61,bank_transfer,standard,,,2024-02
4100,ORD-20230406-04100,261,2023-04-06,enviado,411.46,6,460,86.41,933.18,cash_on_delivery,pickup,10.0,Nota del cliente: Llamar antes,2023-04
4101,ORD-20230331-04101,498,2023-03-31,entregado,488.86,12,140,102.66,672.86,bank_transfer,standard,7.0,,2023-03
4102,ORD-20240123-04102,170,2024-01-23,procesando,3322.18,8,240,697.66,3994.07,debit_card,pickup,,,2024-01
4103,ORD-20251001-04103,163,2025-10-01,entregado,3697.68,18,260,776.51,4068.61,paypal,standard,,,2025-10
4104,ORD-20240825-04104,274,2024-08-25,pendiente,3024.88,15,340,635.22,3546.37,credit_card,standard,,,2024-08
4105,ORD-20240823-04105,187,2024-08-23,pendiente,679.9,5,500,142.78,1288.69,credit_card,pickup,7.0,,2024-08
4106,ORD-20250118-04106,363,2025-01-18,pendiente,411.14,15,490,86.34,925.81,debit_card,standard,,,2025-01
4107,ORD-20240715-04107,462,2024-07-15,pendiente,1574.7,14,440,330.69,2124.93,bank_transfer,pickup,1.0,,2024-07
4108,ORD-20251118-04108,74,2025-11-18,cancelado,1729.01,3,390,363.09,2430.23,paypal,same_day,,,2025-11
4109,ORD-20240829-04109,66,2024-08-29,procesando,3615.1,19,60,759.17,3747.4,bank_transfer,pickup,,,2024-08
4110,ORD-20231210-04110,18,2023-12-10,enviado,1040.41,0,30,218.49,1288.9,debit_card,same_day,7.0,,2023-12
4111,ORD-20241109-04111,448,2024-11-09,procesando,1533.87,6,130,322.11,1893.95,cash_on_delivery,express,4.0,,2024-11
4112,ORD-20250508-04112,106,2025-05-08,entregado,5901.54,2,140,1239.32,7162.83,debit_card,standard,,Nota del cliente: Entregar por la tarde,2025-05
4113,ORD-20250623-04113,74,2025-06-23,cancelado,831.24,17,160,174.56,1024.49,paypal,same_day,,,2025-06
4114,ORD-20230221-04114,179,2023-02-21,entregado,386.82,12,490,81.23,911.63,bank_transfer,standard,,,2023-02
4115,ORD-20240821-04115,476,2024-08-21,enviado,3061.45,10,340,642.9,3738.21,credit_card,standard,,,2024-08
4116,ORD-20250629-04116,131,2025-06-29,procesando,722.86,15,320,151.8,1086.23,bank_transfer,same_day,,Nota del cliente: Envolver para regalo,2025-06
4117,ORD-20230812-04117,53,2023-08-12,procesando,3206.23,15,170,673.31,3568.61,debit_card,standard,9.0,,2023-08
4118,ORD-20230908-04118,290,2023-09-08,enviado,3928.63,8,410,825.01,4849.35,cash_on_delivery,pickup,,,2023-09
4119,ORD-20230527-04119,419,2023-05-27,enviado,1127.45,13,350,236.76,1567.64,cash_on_delivery,same_day,,,2023-05
4120,ORD-20230913-04120,142,2023-09-13,enviado,1415.46,1,190,297.25,1888.56,bank_transfer,express,10.0,,2023-09
4121,ORD-20251114-04121,288,2025-11-14,entregado,6832.97,3,420,1434.92,8482.9,bank_transfer,express,,,2025-11
4122,ORD-20230119-04122,110,2023-01-19,pendiente,263.13,5,110,55.26,415.23,credit_card,standard,6.0,Nota del cliente: Entregar por la tarde,2023-01
4123,ORD-20250903-04123,315,2025-09-03,cancelado,6270.98,20,0,1316.91,6333.69,paypal,pickup,,,2025-09
4124,ORD-20250428-04124,375,2025-04-28,procesando,3826.02,11,390,803.46,4598.62,bank_transfer,express,,,2025-04
4125,ORD-20250413-04125,447,2025-04-13,cancelado,2317.3,3,330,486.63,3064.41,paypal,pickup,,,2025-04
4126,ORD-20230823-04126,184,2023-08-23,entregado,2679.69,1,330,562.73,3545.62,credit_card,pickup,,,2023-08
4127,ORD-20240407-04127,115,2024-04-07,procesando,514.08,10,480,107.96,1050.63,paypal,pickup,,,2024-04
4128,ORD-20250511-04128,416,2025-05-11,enviado,2503.91,6,180,525.82,3059.5,debit_card,standard,,Nota del cliente: Entregar por la tarde,2025-05
4129,ORD-20231026-04129,104,2023-10-26,pendiente,7145.96,7,350,1500.65,8496.39,bank_transfer,pickup,,,2023-10
4130,ORD-20250605-04130,61,2025-06-05,entregado,3285.4,8,280,689.93,3992.5,paypal,standard,,,2025-06
4131,ORD-20250801-04131,115,2025-08-01,entregado,399.32,3,420,83.86,891.2,debit_card,standard,,,2025-08
4132,ORD-20250912-04132,192,2025-09-12,procesando,308.49,16,450,64.78,773.91,debit_card,same_day,,Nota del cliente: Envolver para regalo,2025-09
4133,ORD-20240302-04133,65,2024-03-02,cancelado,1570.51,0,220,329.81,2120.32,bank_transfer,express,,,2024-03
4134,ORD-20231222-04134,253,2023-12-22,cancelado,4215.98,10,340,885.36,5019.74,bank_transfer,pickup,,,2023-12
4135,ORD-20250111-04135,161,2025-01-11,pendiente,676.47,1,280,142.06,1091.77,cash_on_delivery,pickup,,Nota del cliente: Entregar por la tarde,2025-01
4136,ORD-20230709-04136,41,2023-07-09,pendiente,404.34,8,320,84.91,776.9,paypal,express,,Nota del cliente: Entregar por la tarde,2023-07
4137,ORD-20251012-04137,406,2025-10-12,cancelado,606.95,1,440,127.46,1168.34,bank_transfer,pickup,7.0,,2025-10
4138,ORD-20230910-04138,45,2023-09-10,procesando,2480.27,14,70,520.86,2723.89,credit_card,express,,,2023-09
4139,ORD-20231118-04139,8,2023-11-18,cancelado,3188.78,15,260,669.64,3640.1,bank_transfer,same_day,,,2023-11
4140,ORD-20250310-04140,276,2025-03-10,procesando,5615.15,16,200,1179.18,6095.91,credit_card,same_day,,,2025-03
4141,ORD-20250205-04141,49,2025-02-05,procesando,1634.85,9,120,343.32,1951.03,paypal,same_day,,Nota del cliente: Llamar antes,2025-02
4142,ORD-20231023-04142,375,2023-10-23,enviado,2310.1,9,210,485.12,2797.31,credit_card,express,7.0,Nota del cliente: Llamar antes,2023-10
4143,ORD-20240317-04143,206,2024-03-17,entregado,2488.03,20,320,522.49,2832.91,paypal,same_day,,,2024-03
4144,ORD-20240705-04144,389,2024-07-05,cancelado,443.5,12,380,93.14,863.42,debit_card,standard,,,2024-07
4145,ORD-20251219-04145,460,2025-12-19,enviado,5000.64,17,20,1050.13,5220.66,bank_transfer,pickup,,,2025-12
4146,ORD-20241031-04146,174,2024-10-31,enviado,2396.82,3,60,503.33,2888.25,credit_card,express,2.0,,2024-10
4147,ORD-20250502-04147,122,2025-05-02,procesando,2928.1,6,470,614.9,3837.31,bank_transfer,standard,,,2025-05
4148,ORD-20250806-04148,58,2025-08-06,procesando,4685.05,14,270,983.86,5283.0,credit_card,standard,,,2025-08
4149,ORD-20240224-04149,326,2024-02-24,entregado,1174.4,10,260,246.62,1563.58,credit_card,pickup,,,2024-02
4150,ORD-20230511-04150,67,2023-05-11,cancelado,3530.75,20,430,741.46,3996.06,debit_card,pickup,9.0,,2023-05
4151,ORD-20231104-04151,331,2023-11-04,entregado,921.49,1,80,193.51,1185.79,paypal,same_day,1.0,Nota del cliente: Llamar antes,2023-11
4152,ORD-20230902-04152,440,2023-09-02,pendiente,1191.11,0,250,250.13,1691.24,credit_card,express,,Nota del cliente: Entregar por la tarde,2023-09
4153,ORD-20230828-04153,256,2023-08-28,entregado,1425.0,2,390,299.25,2085.75,credit_card,pickup,,,2023-08
4154,ORD-20251001-04154,194,2025-10-01,pendiente,3094.4,4,260,649.82,3880.44,paypal,standard,1.0,,2025-10
4155,ORD-20231128-04155,170,2023-11-28,entregado,3737.05,6,470,784.78,4767.61,cash_on_delivery,pickup,,,2023-11
4156,ORD-20250831-04156,373,2025-08-31,enviado,5383.74,3,210,1130.59,6562.82,credit_card,express,7.0,,2025-08
4157,ORD-20230718-04157,180,2023-07-18,enviado,3273.97,19,370,687.53,3709.45,paypal,pickup,,,2023-07
4158,ORD-20230628-04158,182,2023-06-28,enviado,2678.93,20,80,562.58,2785.72,debit_card,express,,,2023-06
4159,ORD-20241010-04159,105,2024-10-10,entregado,3374.18,19,100,708.58,3541.67,debit_card,pickup,,Nota del cliente: Entregar por la tarde,2024-10
4160,ORD-20250725-04160,418,2025-07-25,enviado,4457.41,10,430,936.06,5377.73,debit_card,same_day,,,2025-07
4161,ORD-20241002-04161,137,2024-10-02,procesando,2819.71,8,150,592.14,3336.27,paypal,express,,,2024-10
4162,ORD-20230311-04162,21,2023-03-11,pendiente,994.84,5,10,208.92,1164.02,cash_on_delivery,pickup,,,2023-03
4163,ORD-20241129-04163,157,2024-11-29,procesando,1970.64,8,150,413.83,2376.82,paypal,pickup,6.0,Nota del cliente: Entregar por la tarde,2024-11
4164,ORD-20240619-04164,42,2024-06-19,cancelado,4491.29,3,260,943.17,5559.72,debit_card,standard,,,2024-06
4165,ORD-20241231-04165,349,2024-12-31,entregado,5299.46,15,160,1112.89,5777.43,paypal,same_day,,,2024-12
4166,ORD-20230518-04166,359,2023-05-18,cancelado,1520.23,5,490,319.25,2253.47,paypal,express,,,2023-05
4167,ORD-20231003-04167,272,2023-10-03,procesando,3267.05,13,60,686.08,3588.41,cash_on_delivery,pickup,,,2023-10
4168,ORD-20250602-04168,455,2025-06-02,enviado,1688.92,18,330,354.67,2069.58,credit_card,express,,,2025-06
4169,ORD-20250530-04169,209,2025-05-30,entregado,1741.47,12,140,365.71,2038.2,paypal,standard,,,2025-05
4170,ORD-20230916-04170,51,2023-09-16,cancelado,950.65,11,130,199.64,1175.72,paypal,standard,,,2023-09
4171,ORD-20251003-04171,184,2025-10-03,enviado,5383.6,2,40,1130.56,6446.49,debit_card,standard,,,2025-10
4172,ORD-20240601-04172,16,2024-06-01,pendiente,3263.43,5,450,685.32,4235.58,debit_card,standard,,,2024-06
4173,ORD-20241025-04173,69,2024-10-25,enviado,483.6,15,400,101.56,912.62,credit_card,express,,Nota del cliente: Llamar antes,2024-10
4174,ORD-20240315-04174,450,2024-03-15,procesando,3413.35,4,320,716.8,4313.62,bank_transfer,same_day,,,2024-03
4175,ORD-20230924-04175,145,2023-09-24,entregado,2700.64,2,170,567.13,3383.76,credit_card,pickup,,Nota del cliente: Envolver para regalo,2023-09
4176,ORD-20230720-04176,437,2023-07-20,entregado,3474.49,15,450,729.64,4132.96,debit_card,pickup,,,2023-07
4177,ORD-20240607-04177,341,2024-06-07,pendiente,966.14,13,410,202.89,1453.43,bank_transfer,pickup,6.0,,2024-06
4178,ORD-20250214-04178,404,2025-02-14,enviado,2169.46,18,100,455.59,2334.55,cash_on_delivery,standard,,,2025-02
4179,ORD-20251015-04179,332,2025-10-15,pendiente,3775.21,12,100,792.79,4214.97,paypal,standard,,Nota del cliente: Entregar por la tarde,2025-10
4180,ORD-20230429-04180,459,2023-04-29,pendiente,3269.76,5,380,686.65,4172.92,paypal,pickup,,,2023-04
4181,ORD-20231030-04181,470,2023-10-30,procesando,1481.7,3,470,311.16,2218.41,cash_on_delivery,same_day,,Nota del cliente: Envolver para regalo,2023-10
4182,ORD-20230509-04182,76,2023-05-09,entregado,1036.16,3,180,217.59,1402.67,cash_on_delivery,express,,,2023-05
4183,ORD-20240712-04183,98,2024-07-12,pendiente,1380.32,1,320,289.87,1976.39,bank_transfer,standard,1.0,,2024-07
4184,ORD-20230804-04184,318,2023-08-04,entregado,3476.72,19,420,730.11,3966.25,paypal,standard,,,2023-08
4185,ORD-20240511-04185,104,2024-05-11,pendiente,482.91,0,420,101.41,1004.32,bank_transfer,express,,,2024-05
4186,ORD-20240114-04186,276,2024-01-14,enviado,2260.84,5,250,474.78,2872.58,credit_card,pickup,,,2024-01
4187,ORD-20250731-04187,47,2025-07-31,cancelado,4841.24,18,460,1016.66,5446.48,credit_card,standard,2.0,,2025-07
4188,ORD-20230616-04188,283,2023-06-16,pendiente,1320.52,16,490,277.31,1876.55,debit_card,same_day,4.0,,2023-06
4189,ORD-20241001-04189,318,2024-10-01,entregado,2608.31,17,100,547.75,2812.65,bank_transfer,pickup,,,2024-10
4190,ORD-20240609-04190,77,2024-06-09,pendiente,1587.15,7,60,333.3,1869.35,credit_card,express,,,2024-06
4191,ORD-20241218-04191,461,2024-12-18,pendiente,1206.34,18,210,253.33,1452.53,paypal,pickup,,,2024-12
4192,ORD-20230731-04192,353,2023-07-31,cancelado,4290.64,0,430,901.03,5621.67,debit_card,standard,9.0,,2023-07
4193,ORD-20250408-04193,39,2025-04-08,enviado,1318.41,18,90,276.87,1447.97,bank_transfer,express,8.0,Nota del cliente: Envolver para regalo,2025-04
4194,ORD-20250125-04194,56,2025-01-25,enviado,2182.55,8,320,458.34,2786.29,credit_card,standard,4.0,,2025-01
4195,ORD-20240803-04195,126,2024-08-03,enviado,1151.26,6,460,241.76,1783.94,credit_card,pickup,,,2024-08
4196,ORD-20251026-04196,225,2025-10-26,entregado,4849.0,0,80,1018.29,5947.29,cash_on_delivery,pickup,,,2025-10
4197,ORD-20250719-04197,59,2025-07-19,procesando,1746.09,6,410,366.68,2418.0,bank_transfer,express,1.0,Nota del cliente: Dejar en portería,2025-07
4198,ORD-20240128-04198,381,2024-01-28,cancelado,1573.32,5,160,330.4,1985.05,paypal,express,,,2024-01
4199,ORD-20230518-04199,14,2023-05-18,pendiente,105.42,17,450,22.14,559.64,bank_transfer,express,9.0,,2023-05
4200,ORD-20230909-04200,358,2023-09-09,entregado,827.16,17,270,173.7,1130.24,cash_on_delivery,standard,,,2023-09
4201,ORD-20230602-04201,99,2023-06-02,enviado,475.4,16,350,99.83,849.17,credit_card,pickup,,,2023-06
4202,ORD-20230109-04202,476,2023-01-09,entregado,700.01,4,140,147.0,959.01,credit_card,pickup,,,2023-01
4203,ORD-20250421-04203,201,2025-04-21,enviado,1823.48,10,180,382.93,2204.06,bank_transfer,same_day,,,2025-04
4204,ORD-20230624-04204,207,2023-06-24,procesando,4705.6,9,370,988.18,5640.28,paypal,pickup,,,2023-06
4205,ORD-20250216-04205,476,2025-02-16,cancelado,2325.21,13,410,488.29,2921.22,cash_on_delivery,express,,Nota del cliente: Envolver para regalo,2025-02
4206,ORD-20230825-04206,131,2023-08-25,pendiente,934.77,9,10,196.3,1056.94,debit_card,express,9.0,Nota del cliente: Entregar por la tarde,2023-08
4207,ORD-20250613-04207,120,2025-06-13,pendiente,322.06,1,420,67.63,806.47,bank_transfer,pickup,,,2025-06
4208,ORD-20240430-04208,238,2024-04-30,enviado,5247.23,15,410,1101.92,5972.07,bank_transfer,standard,,,2024-04
4209,ORD-20231229-04209,333,2023-12-29,pendiente,3182.25,4,90,668.27,3813.23,credit_card,standard,,,2023-12
4210,ORD-20230221-04210,359,2023-02-21,enviado,822.92,11,270,172.81,1175.21,credit_card,pickup,4.0,,2023-02
4211,ORD-20250812-04211,227,2025-08-12,procesando,514.46,2,150,108.04,762.21,cash_on_delivery,pickup,2.0,Nota del cliente: Llamar antes,2025-08
4212,ORD-20250927-04212,269,2025-09-27,entregado,2261.02,14,210,474.81,2629.29,cash_on_delivery,express,,,2025-09
4213,ORD-20240717-04213,450,2024-07-17,entregado,2684.65,1,350,563.78,3571.58,debit_card,same_day,,,2024-07
4214,ORD-20250531-04214,245,2025-05-31,entregado,4635.04,12,190,973.36,5242.2,paypal,pickup,,,2025-05
4215,ORD-20250523-04215,329,2025-05-23,entregado,1040.45,17,300,218.49,1382.06,paypal,standard,,,2025-05
4216,ORD-20241027-04216,140,2024-10-27,enviado,2494.54,12,240,523.85,2959.05,credit_card,same_day,,,2024-10
4217,ORD-20240101-04217,118,2024-01-01,enviado,1609.6,20,30,338.02,1655.7,paypal,pickup,4.0,,2024-01
4218,ORD-20241010-04218,101,2024-10-10,entregado,3048.58,18,320,640.2,3460.04,paypal,standard,,,2024-10
4219,ORD-20230418-04219,60,2023-04-18,procesando,520.26,10,20,109.25,597.48,bank_transfer,pickup,,,2023-04
4220,ORD-20240921-04220,215,2024-09-21,entregado,1376.13,5,440,288.99,2036.31,bank_transfer,standard,,Nota del cliente: Entregar por la tarde,2024-09
4221,ORD-20240314-04221,332,2024-03-14,cancelado,931.31,4,100,195.58,1189.64,cash_on_delivery,express,4.0,,2024-03
4222,ORD-20250121-04222,193,2025-01-21,entregado,4510.28,1,240,947.16,5652.34,debit_card,same_day,,,2025-01
4223,ORD-20230527-04223,479,2023-05-27,enviado,369.78,6,140,77.65,565.24,debit_card,pickup,,,2023-05
4224,ORD-20230811-04224,414,2023-08-11,entregado,3230.15,8,170,678.33,3820.07,paypal,same_day,,,2023-08
4225,ORD-20251221-04225,131,2025-12-21,enviado,2861.09,13,120,600.83,3209.98,bank_transfer,same_day,,,2025-12
4226,ORD-20240117-04226,82,2024-01-17,cancelado,1080.6,2,70,226.93,1355.92,bank_transfer,express,,,2024-01
4227,ORD-20240824-04227,139,2024-08-24,cancelado,1575.34,7,460,330.82,2255.89,paypal,standard,,,2024-08
4228,ORD-20240212-04228,482,2024-02-12,cancelado,747.16,20,0,156.9,754.63,debit_card,same_day,,,2024-02
4229,ORD-20250227-04229,4,2025-02-27,cancelado,2821.82,0,20,592.58,3434.4,paypal,same_day,6.0,,2025-02
4230,ORD-20240321-04230,77,2024-03-21,pendiente,143.91,12,460,30.22,616.86,cash_on_delivery,pickup,,,2024-03
4231,ORD-20231021-04231,316,2023-10-21,cancelado,4146.11,4,340,870.68,5190.95,debit_card,standard,,,2023-10
4232,ORD-20230815-04232,342,2023-08-15,entregado,2435.06,18,150,511.36,2658.11,debit_card,pickup,6.0,,2023-08
4233,ORD-20250209-04233,286,2025-02-09,entregado,392.86,7,160,82.5,607.86,credit_card,same_day,,,2025-02
4234,ORD-20240512-04234,333,2024-05-12,procesando,986.42,16,310,207.15,1345.74,cash_on_delivery,pickup,,,2024-05
4235,ORD-20251212-04235,234,2025-12-12,cancelado,2851.85,9,10,598.89,3204.07,debit_card,standard,9.0,,2025-12
4236,ORD-20230823-04236,411,2023-08-23,entregado,955.63,0,40,200.68,1196.31,cash_on_delivery,pickup,,,2023-08
4237,ORD-20230619-04237,443,2023-06-19,pendiente,2468.93,7,40,518.48,2854.58,debit_card,standard,,,2023-06
4238,ORD-20250907-04238,161,2025-09-07,enviado,4636.78,19,210,973.72,4939.51,cash_on_delivery,standard,,,2025-09
4239,ORD-20250118-04239,78,2025-01-18,pendiente,1851.37,16,330,388.79,2273.94,credit_card,standard,,Nota del cliente: Entregar por la tarde,2025-01
4240,ORD-20240507-04240,438,2024-05-07,procesando,634.86,3,300,133.32,1049.13,paypal,same_day,4.0,,2024-05
4241,ORD-20241204-04241,339,2024-12-04,enviado,277.8,17,410,58.34,698.91,credit_card,pickup,,,2024-12
4242,ORD-20230420-04242,43,2023-04-20,pendiente,2230.3,6,440,468.36,3004.84,cash_on_delivery,pickup,,Nota del cliente: Envolver para regalo,2023-04
4243,ORD-20250501-04243,14,2025-05-01,entregado,1032.83,10,60,216.89,1206.44,credit_card,pickup,,,2025-05
4244,ORD-20240317-04244,382,2024-03-17,enviado,2164.92,3,120,454.63,2674.6,bank_transfer,express,5.0,,2024-03
4245,ORD-20251006-04245,406,2025-10-06,enviado,344.65,8,300,72.38,689.46,credit_card,express,10.0,,2025-10
4246,ORD-20250224-04246,167,2025-02-24,enviado,3800.17,3,80,798.04,4564.2,bank_transfer,express,3.0,,2025-02
4247,ORD-20241116-04247,231,2024-11-16,entregado,2594.82,10,160,544.91,3040.25,credit_card,standard,9.0,,2024-11
4248,ORD-20250917-04248,456,2025-09-17,enviado,3458.36,2,120,726.26,4235.45,cash_on_delivery,pickup,,,2025-09
4249,ORD-20240511-04249,158,2024-05-11,entregado,3530.93,1,240,741.5,4477.12,paypal,pickup,,,2024-05
4250,ORD-20241017-04250,403,2024-10-17,pendiente,4448.24,10,230,934.13,5167.55,debit_card,express,,,2024-10
4251,ORD-20230702-04251,74,2023-07-02,pendiente,3907.6,8,150,820.6,4565.59,credit_card,pickup,,,2023-07
4252,ORD-20250201-04252,34,2025-02-01,entregado,2293.07,13,240,481.54,2716.51,paypal,same_day,,,2025-02
4253,ORD-20250522-04253,98,2025-05-22,entregado,1854.51,11,270,389.45,2309.96,credit_card,same_day,,Nota del cliente: Llamar antes,2025-05
4254,ORD-20250829-04254,458,2025-08-29,entregado,5153.44,4,290,1082.22,6319.52,debit_card,same_day,,,2025-08
4255,ORD-20250329-04255,175,2025-03-29,entregado,1205.69,14,60,253.19,1350.08,bank_transfer,standard,,,2025-03
4256,ORD-20240514-04256,215,2024-05-14,enviado,1781.72,13,20,374.16,1944.26,debit_card,standard,,,2024-05
4257,ORD-20240816-04257,73,2024-08-16,enviado,1774.0,8,30,372.54,2034.62,cash_on_delivery,standard,,,2024-08
4258,ORD-20250412-04258,149,2025-04-12,procesando,2131.07,6,50,447.52,2500.73,credit_card,express,,,2025-04
4259,ORD-20250605-04259,217,2025-06-05,entregado,4431.99,11,220,930.72,5095.19,bank_transfer,express,3.0,,2025-06
4260,ORD-20230720-04260,136,2023-07-20,cancelado,1053.03,20,180,221.14,1243.56,paypal,pickup,,,2023-07
4261,ORD-20240430-04261,313,2024-04-30,entregado,441.78,18,470,92.77,925.03,credit_card,standard,,Nota del cliente: Dejar en portería,2024-04
4262,ORD-20241116-04262,464,2024-11-16,cancelado,3084.96,19,390,647.84,3536.66,credit_card,express,6.0,Nota del cliente: Llamar antes,2024-11
4263,ORD-20240123-04263,352,2024-01-23,procesando,3546.47,13,100,744.76,3930.19,debit_card,pickup,8.0,,2024-01
4264,ORD-20250616-04264,230,2025-06-16,cancelado,1141.83,3,350,239.78,1697.36,cash_on_delivery,pickup,10.0,,2025-06
4265,ORD-20231106-04265,262,2023-11-06,cancelado,1955.44,3,130,410.64,2437.42,cash_on_delivery,same_day,,,2023-11
4266,ORD-20230515-04266,278,2023-05-15,procesando,397.47,18,190,83.47,599.4,bank_transfer,standard,,,2023-05
4267,ORD-20250824-04267,226,2025-08-24,cancelado,369.78,6,490,77.65,915.24,credit_card,same_day,,,2025-08
4268,ORD-20241223-04268,164,2024-12-23,entregado,1411.28,17,500,296.37,1967.73,credit_card,standard,,,2024-12
4269,ORD-20250226-04269,217,2025-02-26,cancelado,570.91,15,250,119.89,855.16,debit_card,same_day,7.0,,2025-02
4270,ORD-20241122-04270,308,2024-11-22,cancelado,2449.85,18,380,514.47,2903.35,debit_card,same_day,,,2024-11
4271,ORD-20240703-04271,495,2024-07-03,procesando,2264.39,9,170,475.52,2706.11,bank_transfer,same_day,,Nota del cliente: Entregar por la tarde,2024-07
4272,ORD-20250708-04272,185,2025-07-08,entregado,4261.29,13,160,894.87,4762.19,cash_on_delivery,express,9.0,,2025-07
4273,ORD-20240821-04273,13,2024-08-21,enviado,3842.9,8,420,807.01,4762.48,cash_on_delivery,express,,,2024-08
4274,ORD-20241201-04274,143,2024-12-01,cancelado,551.6,9,70,115.84,687.8,bank_transfer,pickup,4.0,Nota del cliente: Llamar antes,2024-12
4275,ORD-20231213-04275,251,2023-12-13,entregado,1258.06,4,290,264.19,1761.93,paypal,same_day,,Nota del cliente: Envolver para regalo,2023-12
4276,ORD-20230711-04276,496,2023-07-11,entregado,773.64,0,320,162.46,1256.1,credit_card,express,,,2023-07
4277,ORD-20241023-04277,471,2024-10-23,cancelado,1775.71,16,480,372.9,2344.5,debit_card,pickup,,,2024-10
4278,ORD-20250909-04278,164,2025-09-09,procesando,6847.12,11,250,1437.9,7781.84,cash_on_delivery,same_day,7.0,,2025-09
4279,ORD-20241223-04279,238,2024-12-23,enviado,1040.45,5,100,218.49,1306.92,paypal,pickup,,,2024-12
4280,ORD-20240913-04280,312,2024-09-13,pendiente,2924.02,12,230,614.04,3417.18,bank_transfer,same_day,,,2024-09
4281,ORD-20230716-04281,66,2023-07-16,cancelado,310.68,20,410,65.24,723.78,cash_on_delivery,express,,,2023-07
4282,ORD-20230312-04282,6,2023-03-12,pendiente,1151.67,16,480,241.85,1689.25,debit_card,standard,9.0,,2023-03
4283,ORD-20230603-04283,425,2023-06-03,enviado,2113.04,17,350,443.74,2547.56,bank_transfer,standard,,,2023-06
4284,ORD-20230528-04284,201,2023-05-28,entregado,1209.0,17,260,253.89,1517.36,paypal,standard,,,2023-05
4285,ORD-20250804-04285,391,2025-08-04,enviado,2998.62,1,30,629.71,3628.34,credit_card,standard,,,2025-08
4286,ORD-20250401-04286,449,2025-04-01,entregado,195.18,6,270,40.99,494.46,cash_on_delivery,express,,,2025-04
4287,ORD-20230516-04287,165,2023-05-16,pendiente,2844.12,14,160,597.27,3203.21,debit_card,standard,,,2023-05
4288,ORD-20231015-04288,231,2023-10-15,pendiente,863.62,12,380,181.36,1321.35,credit_card,pickup,,,2023-10
4289,ORD-20241219-04289,461,2024-12-19,cancelado,3872.4,18,370,813.2,4358.57,credit_card,standard,7.0,,2024-12
4290,ORD-20250201-04290,116,2025-02-01,enviado,1332.48,2,430,279.82,2015.65,cash_on_delivery,same_day,,,2025-02
4291,ORD-20230826-04291,456,2023-08-26,enviado,1645.84,13,340,345.63,2117.51,paypal,standard,,,2023-08
4292,ORD-20240107-04292,434,2024-01-07,procesando,1431.8,14,310,300.68,1842.03,bank_transfer,same_day,7.0,,2024-01
4293,ORD-20231213-04293,343,2023-12-13,entregado,1068.04,15,390,224.29,1522.12,cash_on_delivery,pickup,,,2023-12
4294,ORD-20230409-04294,14,2023-04-09,cancelado,2100.07,8,390,441.01,2763.07,bank_transfer,standard,6.0,,2023-04
4295,ORD-20240301-04295,237,2024-03-01,enviado,1903.7,13,360,399.78,2416.0,credit_card,standard,,Nota del cliente: Entregar por la tarde,2024-03
4296,ORD-20230108-04296,188,2023-01-08,enviado,3471.32,10,60,728.98,3913.17,credit_card,same_day,6.0,Nota del cliente: Llamar antes,2023-01
4297,ORD-20240721-04297,237,2024-07-21,procesando,2114.79,6,320,444.11,2752.01,credit_card,standard,,,2024-07
4298,ORD-20230507-04298,13,2023-05-07,procesando,2200.6,18,430,462.13,2696.62,cash_on_delivery,standard,,,2023-05
4299,ORD-20240215-04299,110,2024-02-15,enviado,3836.76,6,460,805.72,4872.27,paypal,pickup,6.0,,2024-02
4300,ORD-20240730-04300,254,2024-07-30,cancelado,1347.0,3,450,282.87,2039.46,credit_card,standard,,,2024-07
4301,ORD-20250818-04301,18,2025-08-18,enviado,952.29,2,100,199.98,1233.22,debit_card,same_day,3.0,,2025-08
4302,ORD-20231123-04302,451,2023-11-23,procesando,787.65,15,290,165.41,1124.91,bank_transfer,standard,,,2023-11
4303,ORD-20250817-04303,488,2025-08-17,enviado,4681.67,4,300,983.15,5777.55,bank_transfer,standard,9.0,Nota del cliente: Llamar antes,2025-08
4304,ORD-20250130-04304,499,2025-01-30,procesando,3117.33,5,370,654.64,3986.1,debit_card,pickup,,,2025-01
4305,ORD-20250505-04305,451,2025-05-05,cancelado,3698.74,20,370,776.74,4105.73,bank_transfer,same_day,,Nota del cliente: Entregar por la tarde,2025-05
4306,ORD-20240805-04306,147,2024-08-05,procesando,1410.18,17,90,296.14,1556.59,credit_card,standard,,,2024-08
4307,ORD-20240619-04307,324,2024-06-19,entregado,697.99,0,420,146.58,1264.57,cash_on_delivery,same_day,,,2024-06
4308,ORD-20230605-04308,481,2023-06-05,cancelado,659.56,1,80,138.51,871.47,credit_card,express,,,2023-06
4309,ORD-20230919-04309,405,2023-09-19,pendiente,971.58,19,80,204.03,1071.01,debit_card,standard,,,2023-09
4310,ORD-20230518-04310,18,2023-05-18,cancelado,4230.49,16,400,888.4,4842.01,paypal,express,,,2023-05
4311,ORD-20240314-04311,231,2024-03-14,pendiente,2505.71,10,410,526.2,3191.34,bank_transfer,standard,,,2024-03
4312,ORD-20230517-04312,473,2023-05-17,enviado,2985.89,12,50,627.04,3304.62,debit_card,express,,,2023-05
4313,ORD-20231210-04313,334,2023-12-10,cancelado,4283.49,18,90,899.53,4501.99,cash_on_delivery,express,10.0,Nota del cliente: Entregar por la tarde,2023-12
4314,ORD-20250220-04314,196,2025-02-20,procesando,553.85,16,270,116.31,851.54,credit_card,express,,,2025-02
4315,ORD-20230611-04315,167,2023-06-11,procesando,779.04,2,50,163.6,977.06,bank_transfer,express,5.0,Nota del cliente: Envolver para regalo,2023-06
4316,ORD-20230818-04316,131,2023-08-18,enviado,4703.47,11,430,987.73,5603.82,paypal,pickup,,,2023-08
4317,ORD-20230813-04317,285,2023-08-13,enviado,1635.28,1,160,343.41,2122.34,bank_transfer,standard,,Nota del cliente: Dejar en portería,2023-08
4318,ORD-20230812-04318,180,2023-08-12,entregado,4949.84,13,390,1039.47,5735.83,paypal,pickup,,,2023-08
4319,ORD-20250415-04319,180,2025-04-15,pendiente,1372.36,1,190,288.2,1836.84,paypal,standard,,Nota del cliente: Dejar en portería,2025-04
4320,ORD-20250123-04320,315,2025-01-23,enviado,1880.76,19,410,394.96,2328.38,cash_on_delivery,standard,10.0,,2025-01
4321,ORD-20240103-04321,390,2024-01-03,cancelado,4812.65,10,310,1010.66,5652.05,credit_card,standard,,Nota del cliente: Envolver para regalo,2024-01
4322,ORD-20240806-04322,416,2024-08-06,procesando,3003.25,16,370,630.68,3523.41,bank_transfer,standard,,,2024-08
4323,ORD-20250816-04323,439,2025-08-16,cancelado,1985.6,7,450,416.98,2713.59,bank_transfer,pickup,,,2025-08
4324,ORD-20230822-04324,224,2023-08-22,entregado,322.06,6,170,67.63,540.37,paypal,pickup,,,2023-08
4325,ORD-20250905-04325,217,2025-09-05,entregado,4735.4,4,110,994.43,5650.41,debit_card,standard,,,2025-09
4326,ORD-20240515-04326,283,2024-05-15,pendiente,470.81,5,300,98.87,846.14,paypal,express,,,2024-05
4327,ORD-20240620-04327,357,2024-06-20,pendiente,5077.77,0,500,1066.33,6644.1,credit_card,express,,,2024-06
4328,ORD-20231013-04328,476,2023-10-13,pendiente,923.76,14,490,193.99,1478.42,credit_card,pickup,,,2023-10
4329,ORD-20250301-04329,59,2025-03-01,cancelado,950.65,8,180,199.64,1254.24,debit_card,same_day,1.0,,2025-03
4330,ORD-20241111-04330,114,2024-11-11,cancelado,2565.04,2,20,538.66,3072.4,credit_card,same_day,,,2024-11
4331,ORD-20240607-04331,373,2024-06-07,cancelado,1962.88,8,460,412.2,2678.05,cash_on_delivery,express,,,2024-06
4332,ORD-20230830-04332,21,2023-08-30,entregado,4171.74,11,110,876.07,4698.92,debit_card,pickup,,,2023-08
4333,ORD-20240728-04333,413,2024-07-28,enviado,1219.88,15,360,256.17,1653.07,credit_card,express,3.0,,2024-07
4334,ORD-20240313-04334,21,2024-03-13,procesando,2792.36,20,250,586.4,3070.29,credit_card,standard,,,2024-03
4335,ORD-20240320-04335,148,2024-03-20,entregado,1834.88,18,100,385.32,1989.92,cash_on_delivery,same_day,,,2024-03
4336,ORD-20230119-04336,422,2023-01-19,cancelado,3524.73,11,320,740.19,4197.2,cash_on_delivery,pickup,,,2023-01
4337,ORD-20230825-04337,331,2023-08-25,enviado,2461.63,10,340,516.94,3072.41,debit_card,same_day,,,2023-08
4338,ORD-20240218-04338,498,2024-02-18,cancelado,322.06,6,440,67.63,810.37,bank_transfer,express,,,2024-02
4339,ORD-20240222-04339,239,2024-02-22,cancelado,4190.95,2,360,880.1,5347.23,credit_card,standard,,,2024-02
4340,ORD-20240508-04340,450,2024-05-08,cancelado,3401.54,11,70,714.32,3811.69,bank_transfer,same_day,,,2024-05
4341,ORD-20240305-04341,349,2024-03-05,pendiente,2724.65,6,350,572.18,3483.35,credit_card,same_day,,Nota del cliente: Envolver para regalo,2024-03
4342,ORD-20241128-04342,274,2024-11-28,entregado,1307.85,5,120,274.65,1637.11,debit_card,standard,,,2024-11
4343,ORD-20230507-04343,175,2023-05-07,enviado,2638.94,9,10,554.18,2965.62,bank_transfer,standard,1.0,,2023-05
4344,ORD-20231029-04344,398,2023-10-29,pendiente,776.3,0,220,163.02,1159.32,credit_card,pickup,9.0,,2023-10
4345,ORD-20250701-04345,279,2025-07-01,cancelado,102.27,9,160,21.48,274.55,paypal,pickup,2.0,,2025-07
4346,ORD-20231118-04346,498,2023-11-18,pendiente,1091.3,15,270,229.17,1426.78,debit_card,express,,,2023-11
4347,ORD-20230621-04347,170,2023-06-21,pendiente,1354.92,12,480,284.53,1956.86,paypal,same_day,,,2023-06
4348,ORD-20250323-04348,282,2025-03-23,pendiente,2358.23,14,470,495.23,2993.31,paypal,standard,,,2025-03
4349,ORD-20240504-04349,474,2024-05-04,cancelado,4947.61,18,500,1039.0,5596.04,cash_on_delivery,express,,,2024-05
4350,ORD-20240323-04350,419,2024-03-23,cancelado,900.99,0,480,189.21,1570.2,cash_on_delivery,express,,,2024-03
4351,ORD-20240516-04351,453,2024-05-16,cancelado,295.8,7,260,62.12,597.21,cash_on_delivery,express,8.0,,2024-05
4352,ORD-20250624-04352,71,2025-06-24,enviado,3202.53,16,90,672.53,3452.66,debit_card,same_day,,,2025-06
4353,ORD-20250131-04353,110,2025-01-31,cancelado,1600.03,17,410,336.01,2074.03,debit_card,express,,Nota del cliente: Dejar en portería,2025-01
4354,ORD-20240621-04354,235,2024-06-21,entregado,2020.18,1,60,424.24,2484.22,cash_on_delivery,pickup,,,2024-06
4355,ORD-20230308-04355,190,2023-03-08,cancelado,308.49,12,70,64.78,406.25,debit_card,same_day,,,2023-03
4356,ORD-20240123-04356,450,2024-01-23,pendiente,4755.64,7,380,998.68,5801.43,credit_card,express,,,2024-01
4357,ORD-20250327-04357,77,2025-03-27,cancelado,2782.02,18,280,584.22,3145.48,credit_card,standard,,,2025-03
4358,ORD-20230923-04358,354,2023-09-23,procesando,873.44,6,20,183.42,1024.45,debit_card,same_day,,Nota del cliente: Llamar antes,2023-09
4359,ORD-20250331-04359,364,2025-03-31,cancelado,1906.58,17,440,400.38,2422.84,paypal,pickup,,,2025-03
4360,ORD-20251001-04360,50,2025-10-01,entregado,5274.35,14,320,1107.61,5963.55,cash_on_delivery,pickup,10.0,,2025-10
4361,ORD-20230827-04361,493,2023-08-27,enviado,1154.54,0,420,242.45,1816.99,bank_transfer,express,,,2023-08
4362,ORD-20250502-04362,396,2025-05-02,entregado,2929.09,14,440,615.11,3574.13,debit_card,pickup,,Nota del cliente: Llamar antes,2025-05
4363,ORD-20230711-04363,455,2023-07-11,pendiente,870.24,2,350,182.75,1385.59,bank_transfer,standard,,,2023-07
4364,ORD-20241011-04364,475,2024-10-11,cancelado,4182.27,12,450,878.28,5008.68,credit_card,express,,,2024-10
4365,ORD-20241126-04365,360,2024-11-26,enviado,3799.53,12,140,797.9,4281.49,credit_card,standard,,,2024-11
4366,ORD-20240209-04366,296,2024-02-09,cancelado,304.43,19,460,63.93,770.52,credit_card,express,4.0,,2024-02
4367,ORD-20230616-04367,24,2023-06-16,entregado,2621.08,5,310,550.43,3350.46,cash_on_delivery,express,2.0,,2023-06
4368,ORD-20230420-04368,352,2023-04-20,pendiente,3186.84,18,180,669.24,3462.45,paypal,pickup,,,2023-04
4369,ORD-20251103-04369,271,2025-11-03,enviado,4386.79,4,450,921.23,5582.55,credit_card,express,,,2025-11
4370,ORD-20250826-04370,88,2025-08-26,cancelado,4431.42,10,140,930.6,5058.88,debit_card,pickup,,,2025-08
4371,ORD-20240908-04371,54,2024-09-08,enviado,3098.03,4,160,650.59,3784.7,bank_transfer,express,3.0,,2024-09
4372,ORD-20240819-04372,412,2024-08-19,entregado,1276.89,15,20,268.15,1373.51,bank_transfer,express,6.0,,2024-08
4373,ORD-20251010-04373,102,2025-10-10,entregado,2167.06,11,480,455.08,2863.76,cash_on_delivery,same_day,,,2025-10
4374,ORD-20240228-04374,327,2024-02-28,enviado,1035.21,11,360,217.39,1498.73,bank_transfer,same_day,,,2024-02
4375,ORD-20240903-04375,439,2024-09-03,entregado,1137.46,8,300,238.87,1585.33,cash_on_delivery,same_day,,,2024-09
4376,ORD-20250724-04376,173,2025-07-24,pendiente,234.88,0,390,49.32,674.2,cash_on_delivery,same_day,,Nota del cliente: Llamar antes,2025-07
4377,ORD-20241109-04377,235,2024-11-09,entregado,1630.89,4,40,342.49,1948.14,credit_card,standard,9.0,,2024-11
4378,ORD-20250620-04378,341,2025-06-20,cancelado,2987.82,8,290,627.44,3666.23,credit_card,express,7.0,,2025-06
4379,ORD-20230710-04379,275,2023-07-10,pendiente,5206.24,12,320,1093.31,5994.8,credit_card,same_day,,,2023-07
4380,ORD-20250710-04380,426,2025-07-10,entregado,4961.48,16,30,1041.91,5239.55,debit_card,express,,,2025-07
4381,ORD-20230410-04381,38,2023-04-10,procesando,644.91,1,280,135.43,1053.89,paypal,same_day,8.0,,2023-04
4382,ORD-20251205-04382,138,2025-12-05,cancelado,1379.0,3,360,289.59,1987.22,cash_on_delivery,standard,,,2025-12
4383,ORD-20250218-04383,478,2025-02-18,pendiente,2506.41,4,150,526.35,3082.5,cash_on_delivery,pickup,,,2025-02
4384,ORD-20251211-04384,285,2025-12-11,cancelado,386.84,16,200,81.24,606.19,credit_card,pickup,,Nota del cliente: Dejar en portería,2025-12
4385,ORD-20231031-04385,467,2023-10-31,cancelado,109.12,1,480,22.92,610.95,cash_on_delivery,pickup,,,2023-10
4386,ORD-20251006-04386,339,2025-10-06,procesando,6387.69,4,290,1341.41,7763.59,paypal,pickup,10.0,,2025-10
4387,ORD-20240509-04387,330,2024-05-09,entregado,2005.94,4,310,421.25,2656.95,paypal,express,,Nota del cliente: Envolver para regalo,2024-05
4388,ORD-20250501-04388,114,2025-05-01,entregado,3205.28,4,500,673.11,4250.18,debit_card,standard,,,2025-05
4389,ORD-20230615-04389,321,2023-06-15,pendiente,2542.05,7,50,533.83,2947.94,credit_card,express,,,2023-06
4390,ORD-20250810-04390,284,2025-08-10,enviado,5661.2,14,240,1188.85,6297.48,debit_card,same_day,3.0,Nota del cliente: Envolver para regalo,2025-08
4391,ORD-20230129-04391,40,2023-01-29,pendiente,2861.39,1,60,600.89,3493.67,credit_card,standard,3.0,,2023-01
4392,ORD-20250118-04392,472,2025-01-18,entregado,2481.25,0,230,521.06,3232.31,cash_on_delivery,standard,5.0,,2025-01
4393,ORD-20241120-04393,444,2024-11-20,pendiente,1601.55,17,130,336.33,1795.62,paypal,pickup,,,2024-11
4394,ORD-20230904-04394,148,2023-09-04,procesando,519.36,2,320,109.07,938.04,credit_card,pickup,,,2023-09
4395,ORD-20230224-04395,55,2023-02-24,cancelado,1457.37,10,310,306.05,1927.68,bank_transfer,standard,,,2023-02
4396,ORD-20240411-04396,438,2024-04-11,cancelado,1344.49,5,260,282.34,1819.61,credit_card,pickup,4.0,,2024-04
4397,ORD-20240205-04397,129,2024-02-05,cancelado,1656.39,1,160,347.84,2147.67,bank_transfer,standard,,,2024-02
4398,ORD-20251111-04398,61,2025-11-11,cancelado,5489.05,10,320,1152.7,6412.85,credit_card,standard,2.0,,2025-11
4399,ORD-20231029-04399,81,2023-10-29,enviado,3347.89,7,480,703.06,4296.6,cash_on_delivery,pickup,,,2023-10
4400,ORD-20250804-04400,164,2025-08-04,enviado,1890.44,11,350,396.99,2429.48,debit_card,standard,5.0,,2025-08
4401,ORD-20230503-04401,347,2023-05-03,pendiente,3372.15,4,220,708.15,4165.41,credit_card,express,,,2023-05
4402,ORD-20251107-04402,64,2025-11-07,entregado,2122.13,5,20,445.65,2481.67,debit_card,standard,,,2025-11
4403,ORD-20250430-04403,499,2025-04-30,procesando,4022.12,1,60,844.65,4886.55,bank_transfer,pickup,,,2025-04
4404,ORD-20240311-04404,97,2024-03-11,cancelado,4380.91,0,440,919.99,5740.9,paypal,pickup,3.0,,2024-03
4405,ORD-20250110-04405,396,2025-01-10,entregado,2811.45,19,340,590.4,3207.67,paypal,express,,,2025-01
4406,ORD-20250719-04406,234,2025-07-19,enviado,1000.23,0,90,210.05,1300.28,paypal,pickup,,,2025-07
4407,ORD-20240416-04407,390,2024-04-16,pendiente,689.3,15,100,144.75,830.66,cash_on_delivery,standard,,,2024-04
4408,ORD-20230514-04408,328,2023-05-14,enviado,1741.74,11,240,365.77,2155.92,bank_transfer,pickup,,,2023-05
4409,ORD-20250606-04409,470,2025-06-06,cancelado,2654.02,7,290,557.34,3315.58,debit_card,same_day,7.0,,2025-06
4410,ORD-20230407-04410,341,2023-04-07,cancelado,676.47,12,460,142.06,1197.35,bank_transfer,pickup,,,2023-04
4411,ORD-20240404-04411,147,2024-04-04,cancelado,1843.75,12,170,387.19,2179.69,credit_card,express,,,2024-04
4412,ORD-20240531-04412,388,2024-05-31,cancelado,259.68,2,170,54.53,479.02,bank_transfer,pickup,,,2024-05
4413,ORD-20231119-04413,250,2023-11-19,procesando,600.66,5,350,126.14,1046.77,cash_on_delivery,express,,,2023-11
4414,ORD-20230415-04414,182,2023-04-15,procesando,3060.56,19,160,642.72,3281.77,debit_card,express,8.0,,2023-04
4415,ORD-20250820-04415,495,2025-08-20,pendiente,3196.58,3,60,671.28,3831.96,paypal,standard,8.0,,2025-08
4416,ORD-20250625-04416,77,2025-06-25,entregado,1385.29,12,490,290.91,1999.97,bank_transfer,pickup,,,2025-06
4417,ORD-20240925-04417,177,2024-09-25,procesando,1164.42,6,440,244.53,1779.08,credit_card,standard,,,2024-09
4418,ORD-20230314-04418,271,2023-03-14,entregado,1677.37,15,380,352.25,2158.01,paypal,express,,Nota del cliente: Entregar por la tarde,2023-03
4419,ORD-20230526-04419,387,2023-05-26,cancelado,1698.1,12,480,356.6,2330.93,cash_on_delivery,standard,,,2023-05
4420,ORD-20230409-04420,452,2023-04-09,entregado,3401.41,20,490,714.3,3925.43,debit_card,express,3.0,,2023-04
4421,ORD-20241109-04421,343,2024-11-09,pendiente,2201.5,4,270,462.32,2845.76,debit_card,same_day,5.0,,2024-11
4422,ORD-20240202-04422,258,2024-02-02,cancelado,2038.28,9,310,428.04,2592.87,cash_on_delivery,express,,,2024-02
4423,ORD-20251110-04423,349,2025-11-10,cancelado,94.95,12,320,19.94,423.5,cash_on_delivery,standard,,,2025-11
4424,ORD-20240702-04424,302,2024-07-02,entregado,7528.8,14,40,1581.05,8095.82,cash_on_delivery,express,,,2024-07
4425,ORD-20230114-04425,125,2023-01-14,cancelado,4192.42,13,330,880.41,4857.82,paypal,pickup,9.0,Nota del cliente: Llamar antes,2023-01
4426,ORD-20250522-04426,288,2025-05-22,procesando,2682.85,20,480,563.4,3189.68,paypal,standard,6.0,Nota del cliente: Llamar antes,2025-05
4427,ORD-20250720-04427,191,2025-07-20,pendiente,3605.78,2,200,757.21,4490.87,debit_card,same_day,5.0,,2025-07
4428,ORD-20250721-04428,142,2025-07-21,cancelado,5210.39,10,40,1094.18,5823.53,paypal,express,,,2025-07
4429,ORD-20250515-04429,317,2025-05-15,cancelado,2099.05,15,210,440.8,2434.99,paypal,standard,,,2025-05
4430,ORD-20250618-04430,282,2025-06-18,pendiente,1160.7,5,440,243.75,1786.42,bank_transfer,same_day,4.0,Nota del cliente: Envolver para regalo,2025-06
4431,ORD-20230615-04431,237,2023-06-15,enviado,3294.96,6,420,691.94,4209.2,paypal,same_day,,,2023-06
4432,ORD-20250810-04432,113,2025-08-10,entregado,2618.1,19,480,549.8,3150.46,bank_transfer,standard,,,2025-08
4433,ORD-20231018-04433,142,2023-10-18,procesando,725.9,18,370,152.44,1117.68,debit_card,same_day,,Nota del cliente: Dejar en portería,2023-10
4434,ORD-20250804-04434,224,2025-08-04,pendiente,1298.4,11,390,272.66,1818.24,bank_transfer,standard,,,2025-08
4435,ORD-20230519-04435,353,2023-05-19,cancelado,2157.47,6,40,453.07,2521.09,credit_card,express,8.0,,2023-05
4436,ORD-20230422-04436,252,2023-04-22,entregado,4243.77,7,220,891.19,5057.9,paypal,express,,,2023-04
4437,ORD-20230421-04437,2,2023-04-21,procesando,155.25,14,90,32.6,256.12,debit_card,express,1.0,,2023-04
4438,ORD-20250315-04438,337,2025-03-15,enviado,389.08,5,10,81.71,461.34,credit_card,express,,,2025-03
4439,ORD-20240807-04439,397,2024-08-07,entregado,1801.6,0,300,378.34,2479.94,bank_transfer,standard,,,2024-08
4440,ORD-20241004-04440,444,2024-10-04,cancelado,5758.84,8,150,1209.36,6657.49,debit_card,standard,4.0,,2024-10
4441,ORD-20230201-04441,485,2023-02-01,enviado,2147.38,10,240,450.95,2623.59,debit_card,same_day,,,2023-02
4442,ORD-20251015-04442,411,2025-10-15,pendiente,2497.54,4,100,524.48,3022.12,paypal,pickup,,Nota del cliente: Envolver para regalo,2025-10
4443,ORD-20230221-04443,373,2023-02-21,entregado,4364.13,2,350,916.47,5543.32,bank_transfer,standard,,,2023-02
4444,ORD-20230829-04444,493,2023-08-29,enviado,4111.9,2,0,863.5,4893.16,debit_card,express,,,2023-08
4445,ORD-20250903-04445,494,2025-09-03,procesando,5945.59,1,400,1248.57,7534.7,paypal,express,9.0,,2025-09
4446,ORD-20250608-04446,169,2025-06-08,enviado,1289.95,5,220,270.89,1716.34,paypal,same_day,3.0,,2025-06
4447,ORD-20240323-04447,403,2024-03-23,enviado,1239.16,4,450,260.22,1899.81,paypal,same_day,,,2024-03
4448,ORD-20230319-04448,421,2023-03-19,enviado,4390.4,18,60,921.98,4582.11,credit_card,express,,,2023-03
4449,ORD-20230120-04449,307,2023-01-20,pendiente,1309.51,12,110,275.0,1537.37,debit_card,express,,,2023-01
4450,ORD-20241128-04450,487,2024-11-28,pendiente,1227.21,9,310,257.71,1684.47,paypal,pickup,,,2024-11
4451,ORD-20250210-04451,31,2025-02-10,enviado,2499.55,13,500,524.91,3199.52,bank_transfer,same_day,,Nota del cliente: Envolver para regalo,2025-02
4452,ORD-20230607-04452,303,2023-06-07,pendiente,3345.35,10,380,702.52,4093.34,credit_card,pickup,8.0,Nota del cliente: Llamar antes,2023-06
4453,ORD-20251111-04453,324,2025-11-11,procesando,3361.62,3,230,705.94,4196.71,debit_card,pickup,,,2025-11
4454,ORD-20231111-04454,36,2023-11-11,enviado,1438.07,1,330,301.99,2055.68,paypal,pickup,,,2023-11
4455,ORD-20250124-04455,346,2025-01-24,procesando,1081.8,20,270,227.18,1362.62,cash_on_delivery,same_day,,,2025-01
4456,ORD-20240704-04456,234,2024-07-04,procesando,4787.22,11,390,1005.32,5655.95,credit_card,express,,,2024-07
4457,ORD-20230921-04457,322,2023-09-21,procesando,791.58,7,410,166.23,1312.4,debit_card,standard,6.0,,2023-09
4458,ORD-20230402-04458,201,2023-04-02,enviado,1307.85,17,480,274.65,1840.17,bank_transfer,pickup,,Nota del cliente: Entregar por la tarde,2023-04
4459,ORD-20240424-04459,118,2024-04-24,cancelado,1659.9,16,380,348.58,2122.9,bank_transfer,pickup,,Nota del cliente: Dejar en portería,2024-04
4460,ORD-20230414-04460,203,2023-04-14,cancelado,409.08,8,190,85.91,652.26,cash_on_delivery,standard,,,2023-04
4461,ORD-20250904-04461,300,2025-09-04,procesando,2988.08,15,300,627.5,3467.37,debit_card,same_day,,Nota del cliente: Llamar antes,2025-09
4462,ORD-20240101-04462,317,2024-01-01,procesando,3540.34,2,300,743.47,4513.0,paypal,pickup,,Nota del cliente: Llamar antes,2024-01
4463,ORD-20231130-04463,132,2023-11-30,cancelado,3707.85,19,40,778.65,3822.01,paypal,pickup,,,2023-11
4464,ORD-20230110-04464,48,2023-01-10,procesando,1443.56,6,270,303.15,1930.1,paypal,pickup,,,2023-01
4465,ORD-20230625-04465,248,2023-06-25,enviado,796.79,13,250,167.33,1110.54,debit_card,express,,,2023-06
4466,ORD-20250130-04466,27,2025-01-30,procesando,2399.33,13,40,503.86,2631.28,credit_card,pickup,,,2025-01
4467,ORD-20230513-04467,474,2023-05-13,pendiente,2286.19,12,10,480.1,2501.95,cash_on_delivery,same_day,7.0,,2023-05
4468,ORD-20230503-04468,478,2023-05-03,pendiente,3660.95,8,480,768.8,4616.87,credit_card,pickup,,Nota del cliente: Dejar en portería,2023-05
4469,ORD-20241130-04469,470,2024-11-30,cancelado,208.09,16,170,43.7,388.5,cash_on_delivery,express,2.0,Nota del cliente: Llamar antes,2024-11
4470,ORD-20250125-04470,347,2025-01-25,entregado,259.68,11,390,54.53,675.65,credit_card,express,,,2025-01
4471,ORD-20250928-04471,80,2025-09-28,cancelado,7320.6,19,110,1537.33,7577.02,credit_card,pickup,,,2025-09
4472,ORD-20231217-04472,476,2023-12-17,cancelado,1554.52,0,230,326.45,2110.97,bank_transfer,express,,,2023-12
4473,ORD-20230731-04473,27,2023-07-31,procesando,234.64,7,50,49.27,317.49,paypal,standard,,,2023-07
4474,ORD-20230326-04474,170,2023-03-26,enviado,5221.5,16,460,1096.52,5942.58,cash_on_delivery,same_day,,,2023-03
4475,ORD-20250418-04475,125,2025-04-18,pendiente,1411.7,16,400,296.46,1882.29,credit_card,express,9.0,,2025-04
4476,ORD-20230304-04476,101,2023-03-04,procesando,1778.33,15,30,373.45,1915.03,paypal,express,,,2023-03
4477,ORD-20240329-04477,104,2024-03-29,pendiente,3062.68,17,390,643.16,3575.18,credit_card,pickup,,,2024-03
4478,ORD-20250422-04478,304,2025-04-22,cancelado,1288.24,3,370,270.53,1890.12,cash_on_delivery,pickup,,Nota del cliente: Dejar en portería,2025-04
4479,ORD-20230720-04479,404,2023-07-20,entregado,2663.26,10,120,559.28,3076.21,credit_card,pickup,6.0,Nota del cliente: Entregar por la tarde,2023-07
4480,ORD-20250618-04480,435,2025-06-18,enviado,401.84,20,190,84.39,595.86,cash_on_delivery,standard,,,2025-06
4481,ORD-20230705-04481,418,2023-07-05,entregado,2672.34,17,10,561.19,2789.23,debit_card,same_day,,Nota del cliente: Entregar por la tarde,2023-07
4482,ORD-20251121-04482,344,2025-11-21,pendiente,3231.61,11,140,678.64,3694.77,debit_card,pickup,2.0,,2025-11
4483,ORD-20241029-04483,261,2024-10-29,enviado,2505.97,18,450,526.25,3031.15,credit_card,express,,,2024-10
4484,ORD-20250213-04484,418,2025-02-13,procesando,6653.01,4,90,1397.13,7874.02,bank_transfer,express,1.0,,2025-02
4485,ORD-20230215-04485,463,2023-02-15,procesando,7213.97,4,340,1514.93,8780.34,bank_transfer,express,,Nota del cliente: Entregar por la tarde,2023-02
4486,ORD-20230104-04486,380,2023-01-04,enviado,1554.76,4,10,326.5,1829.07,debit_card,express,3.0,,2023-01
4487,ORD-20251130-04487,447,2025-11-30,enviado,2330.22,20,210,489.35,2563.53,credit_card,standard,,Nota del cliente: Entregar por la tarde,2025-11
4488,ORD-20240325-04488,246,2024-03-25,entregado,2176.6,8,240,457.09,2699.56,credit_card,same_day,,,2024-03
4489,ORD-20240315-04489,50,2024-03-15,enviado,2428.95,15,280,510.08,2854.69,bank_transfer,same_day,,,2024-03
4490,ORD-20250128-04490,440,2025-01-28,pendiente,4212.45,15,500,884.61,4965.19,cash_on_delivery,standard,3.0,,2025-01
4491,ORD-20240817-04491,25,2024-08-17,entregado,607.29,3,310,127.53,1026.6,debit_card,express,8.0,Nota del cliente: Dejar en portería,2024-08
4492,ORD-20240302-04492,57,2024-03-02,cancelado,1105.76,17,220,232.21,1369.99,credit_card,express,,Nota del cliente: Entregar por la tarde,2024-03
4493,ORD-20250507-04493,123,2025-05-07,enviado,2292.34,10,60,481.39,2604.5,bank_transfer,standard,,,2025-05
4494,ORD-20251101-04494,335,2025-11-01,entregado,2314.93,3,100,486.14,2831.62,credit_card,same_day,10.0,,2025-11
4495,ORD-20230403-04495,27,2023-04-03,enviado,1556.32,6,300,326.83,2089.77,debit_card,same_day,2.0,,2023-04
4496,ORD-20231120-04496,452,2023-11-20,cancelado,3200.27,3,310,672.06,4086.32,cash_on_delivery,express,,,2023-11
4497,ORD-20250531-04497,249,2025-05-31,pendiente,321.94,13,120,67.61,467.7,cash_on_delivery,express,,,2025-05
4498,ORD-20240214-04498,467,2024-02-14,cancelado,851.63,13,140,178.84,1059.76,debit_card,same_day,,,2024-02
4499,ORD-20250828-04499,335,2025-08-28,cancelado,47.97,11,340,10.07,392.76,bank_transfer,standard,,,2025-08
4500,ORD-20240718-04500,234,2024-07-18,enviado,1735.65,14,110,364.49,1967.15,bank_transfer,express,,,2024-07
4501,ORD-20240519-04501,179,2024-05-19,procesando,4436.38,6,90,931.64,5191.84,paypal,same_day,,,2024-05
4502,ORD-20251116-04502,50,2025-11-16,pendiente,2767.76,12,240,581.23,3256.86,cash_on_delivery,pickup,,,2025-11
4503,ORD-20250131-04503,379,2025-01-31,enviado,2318.32,4,370,486.85,3082.44,bank_transfer,pickup,1.0,Nota del cliente: Envolver para regalo,2025-01
4504,ORD-20241230-04504,277,2024-12-30,procesando,887.3,6,270,186.33,1290.39,paypal,standard,9.0,,2024-12
4505,ORD-20240722-04505,351,2024-07-22,cancelado,204.54,20,330,42.95,536.58,credit_card,same_day,2.0,,2024-07
4506,ORD-20240916-04506,243,2024-09-16,pendiente,921.72,16,430,193.56,1397.8,bank_transfer,standard,,,2024-09
4507,ORD-20241110-04507,237,2024-11-10,enviado,2448.25,3,470,514.13,3358.93,paypal,express,,Nota del cliente: Envolver para regalo,2024-11
4508,ORD-20230312-04508,377,2023-03-12,entregado,200.92,7,180,42.19,409.05,debit_card,standard,,,2023-03
4509,ORD-20230508-04509,95,2023-05-08,enviado,2317.4,4,230,486.65,2941.35,bank_transfer,express,9.0,,2023-05
4510,ORD-20240703-04510,279,2024-07-03,enviado,3322.01,4,240,697.62,4126.75,bank_transfer,pickup,,,2024-07
4511,ORD-20230522-04511,86,2023-05-22,enviado,2633.02,20,480,552.93,3139.35,paypal,pickup,10.0,,2023-05
4512,ORD-20250920-04512,342,2025-09-20,pendiente,2476.56,14,290,520.08,2939.92,bank_transfer,standard,,Nota del cliente: Entregar por la tarde,2025-09
4513,ORD-20240501-04513,236,2024-05-01,procesando,2382.44,1,170,500.31,3028.93,cash_on_delivery,express,,,2024-05
4514,ORD-20230221-04514,293,2023-02-21,cancelado,2325.24,4,230,488.3,2950.53,credit_card,express,7.0,,2023-02
4515,ORD-20250813-04515,87,2025-08-13,cancelado,4328.07,5,210,908.89,5230.56,debit_card,standard,,,2025-08
4516,ORD-20240615-04516,233,2024-06-15,procesando,1011.96,19,240,212.51,1272.2,debit_card,same_day,,Nota del cliente: Dejar en portería,2024-06
4517,ORD-20240122-04517,365,2024-01-22,enviado,1124.69,19,130,236.18,1277.18,credit_card,pickup,,,2024-01
4518,ORD-20251021-04518,387,2025-10-21,pendiente,2129.28,13,270,447.15,2569.62,bank_transfer,express,,Nota del cliente: Dejar en portería,2025-10
4519,ORD-20241107-04519,119,2024-11-07,enviado,2956.48,16,370,620.86,3474.3,debit_card,pickup,6.0,,2024-11
4520,ORD-20230604-04520,258,2023-06-04,pendiente,3160.82,6,210,663.77,3844.94,paypal,standard,,,2023-06
4521,ORD-20250206-04521,35,2025-02-06,entregado,1452.5,17,360,305.03,1870.61,cash_on_delivery,express,,Nota del cliente: Entregar por la tarde,2025-02
4522,ORD-20230310-04522,257,2023-03-10,enviado,2383.46,5,290,500.53,3054.82,credit_card,express,,Nota del cliente: Envolver para regalo,2023-03
4523,ORD-20240212-04523,446,2024-02-12,entregado,820.14,4,310,172.23,1269.56,cash_on_delivery,express,3.0,,2024-02
4524,ORD-20230823-04524,143,2023-08-23,entregado,703.88,7,330,147.81,1132.42,debit_card,pickup,10.0,Nota del cliente: Llamar antes,2023-08
4525,ORD-20240227-04525,55,2024-02-27,cancelado,1671.27,0,110,350.97,2132.24,credit_card,same_day,,,2024-02
4526,ORD-20240721-04526,153,2024-07-21,pendiente,2704.89,14,410,568.03,3304.24,cash_on_delivery,same_day,,,2024-07
4527,ORD-20240826-04527,184,2024-08-26,cancelado,2955.65,11,260,620.69,3511.22,bank_transfer,express,,Nota del cliente: Dejar en portería,2024-08
4528,ORD-20250703-04528,485,2025-07-03,cancelado,4390.49,7,390,922.0,5395.16,debit_card,pickup,,,2025-07
4529,ORD-20250724-04529,11,2025-07-24,entregado,886.9,15,220,186.25,1160.12,cash_on_delivery,pickup,8.0,,2025-07
4530,ORD-20250717-04530,445,2025-07-17,entregado,818.96,7,440,171.98,1373.61,bank_transfer,standard,,,2025-07
4531,ORD-20250715-04531,69,2025-07-15,enviado,2886.84,6,240,606.24,3559.87,bank_transfer,pickup,,Nota del cliente: Llamar antes,2025-07
4532,ORD-20230625-04532,14,2023-06-25,procesando,1668.12,11,60,350.31,1894.94,bank_transfer,standard,,,2023-06
4533,ORD-20230531-04533,155,2023-05-31,entregado,2786.05,18,190,585.07,3059.63,debit_card,pickup,4.0,,2023-05
4534,ORD-20230228-04534,350,2023-02-28,entregado,4940.53,7,360,1037.51,5992.2,paypal,same_day,9.0,,2023-02
4535,ORD-20250224-04535,57,2025-02-24,cancelado,3453.84,6,260,725.31,4231.92,debit_card,pickup,,,2025-02
4536,ORD-20240105-04536,352,2024-01-05,pendiente,183.81,6,470,38.6,681.38,debit_card,express,,Nota del cliente: Llamar antes,2024-01
4537,ORD-20240917-04537,143,2024-09-17,enviado,1459.21,9,310,306.43,1944.31,cash_on_delivery,standard,,,2024-09
4538,ORD-20251104-04538,142,2025-11-04,entregado,581.0,17,10,122.01,614.24,debit_card,same_day,3.0,,2025-11
4539,ORD-20240227-04539,232,2024-02-27,entregado,1355.7,20,80,284.7,1449.26,bank_transfer,express,,,2024-02
4540,ORD-20240601-04540,143,2024-06-01,entregado,3785.66,15,420,794.99,4432.8,bank_transfer,express,,,2024-06
4541,ORD-20230625-04541,185,2023-06-25,enviado,353.68,11,380,74.27,769.05,bank_transfer,express,,,2023-06
4542,ORD-20230905-04542,371,2023-09-05,enviado,580.28,9,280,121.86,929.91,debit_card,pickup,,,2023-09
4543,ORD-20250315-04543,413,2025-03-15,entregado,1255.36,17,400,263.63,1705.58,cash_on_delivery,pickup,,,2025-03
4544,ORD-20240919-04544,225,2024-09-19,cancelado,672.15,7,180,141.15,946.25,bank_transfer,pickup,,,2024-09
4545,ORD-20241023-04545,258,2024-10-23,pendiente,1715.08,8,90,360.17,2028.04,bank_transfer,express,7.0,,2024-10
4546,ORD-20251203-04546,194,2025-12-03,procesando,514.15,10,320,107.97,890.71,credit_card,same_day,,,2025-12
4547,ORD-20250714-04547,314,2025-07-14,enviado,823.56,1,250,172.95,1238.27,debit_card,pickup,,,2025-07
4548,ORD-20230724-04548,56,2023-07-24,enviado,1668.9,12,100,350.47,1919.1,bank_transfer,pickup,,Nota del cliente: Envolver para regalo,2023-07
4549,ORD-20230127-04549,427,2023-01-27,entregado,2428.95,19,360,510.08,2837.53,paypal,standard,,,2023-01
4550,ORD-20251115-04550,117,2025-11-15,cancelado,3753.37,14,40,788.21,4056.11,debit_card,same_day,,,2025-11
4551,ORD-20230621-04551,212,2023-06-21,cancelado,1661.12,10,160,348.84,2003.85,debit_card,express,,,2023-06
4552,ORD-20251018-04552,231,2025-10-18,cancelado,292.36,0,110,61.4,463.76,credit_card,same_day,,,2025-10
4553,ORD-20230326-04553,149,2023-03-26,enviado,921.26,20,310,193.46,1240.47,cash_on_delivery,express,,,2023-03
4554,ORD-20250302-04554,41,2025-03-02,procesando,3246.9,17,310,681.85,3686.78,credit_card,standard,,,2025-03
4555,ORD-20250928-04555,221,2025-09-28,cancelado,1914.01,17,400,401.94,2390.57,credit_card,same_day,,,2025-09
4556,ORD-20230621-04556,241,2023-06-21,enviado,1904.21,6,480,399.88,2669.84,credit_card,same_day,4.0,,2023-06
4557,ORD-20240131-04557,334,2024-01-31,pendiente,2179.75,13,210,457.75,2564.13,debit_card,same_day,,,2024-01
4558,ORD-20240206-04558,396,2024-02-06,procesando,1095.03,6,160,229.96,1419.29,cash_on_delivery,standard,,,2024-02
4559,ORD-20230703-04559,436,2023-07-03,enviado,3577.69,7,250,751.31,4328.56,credit_card,pickup,,,2023-07
4560,ORD-20240416-04560,387,2024-04-16,pendiente,1058.85,14,290,222.36,1422.97,bank_transfer,same_day,,,2024-04
4561,ORD-20230201-04561,162,2023-02-01,cancelado,2538.5,8,390,533.09,3258.51,credit_card,express,2.0,,2023-02
4562,ORD-20230812-04562,253,2023-08-12,procesando,4449.01,2,130,934.29,5424.32,cash_on_delivery,standard,,,2023-08
4563,ORD-20231004-04563,421,2023-10-04,entregado,2761.08,16,70,579.83,2969.14,debit_card,same_day,,Nota del cliente: Dejar en portería,2023-10
4564,ORD-20250401-04564,373,2025-04-01,cancelado,1682.44,7,50,353.31,1967.98,debit_card,same_day,,,2025-04
4565,ORD-20240214-04565,435,2024-02-14,procesando,1761.34,10,0,369.88,1955.09,paypal,pickup,,Nota del cliente: Envolver para regalo,2024-02
4566,ORD-20240602-04566,455,2024-06-02,pendiente,4559.86,9,380,957.57,5487.04,credit_card,express,8.0,,2024-06
4567,ORD-20230911-04567,484,2023-09-11,entregado,5901.49,18,70,1239.31,6148.53,bank_transfer,same_day,,,2023-09
4568,ORD-20230821-04568,478,2023-08-21,entregado,2342.42,2,110,491.91,2897.48,credit_card,standard,,,2023-08
4569,ORD-20230817-04569,287,2023-08-17,entregado,1031.09,3,10,216.53,1226.69,debit_card,standard,,,2023-08
4570,ORD-20240514-04570,184,2024-05-14,enviado,2010.46,12,490,422.2,2681.4,credit_card,pickup,,,2024-05
4571,ORD-20230923-04571,352,2023-09-23,enviado,1323.6,8,0,277.96,1495.67,cash_on_delivery,same_day,,,2023-09
4572,ORD-20240212-04572,123,2024-02-12,enviado,804.85,17,480,169.02,1317.05,debit_card,same_day,5.0,,2024-02
4573,ORD-20240330-04573,405,2024-03-30,pendiente,7389.48,17,160,1551.79,7845.06,debit_card,same_day,,,2024-03
4574,ORD-20230411-04574,276,2023-04-11,entregado,3306.27,20,180,694.32,3519.34,debit_card,pickup,9.0,,2023-04
4575,ORD-20230709-04575,393,2023-07-09,cancelado,5967.62,2,20,1253.2,7121.47,credit_card,standard,,,2023-07
4576,ORD-20250910-04576,148,2025-09-10,entregado,730.9,6,250,153.49,1090.54,paypal,same_day,,,2025-09
4577,ORD-20240210-04577,226,2024-02-10,pendiente,470.19,15,410,98.74,908.4,cash_on_delivery,pickup,,,2024-02
4578,ORD-20230422-04578,181,2023-04-22,cancelado,2780.82,8,70,583.97,3212.32,paypal,standard,,,2023-04
4579,ORD-20231213-04579,151,2023-12-13,cancelado,395.28,4,230,83.01,692.48,paypal,same_day,,Nota del cliente: Entregar por la tarde,2023-12
4580,ORD-20230303-04580,295,2023-03-03,entregado,3543.93,2,220,744.23,4437.28,debit_card,standard,,,2023-03
4581,ORD-20240115-04581,391,2024-01-15,procesando,1372.22,3,50,288.17,1669.22,bank_transfer,same_day,,,2024-01
4582,ORD-20250224-04582,93,2025-02-24,procesando,3895.0,16,390,817.95,4479.75,bank_transfer,express,,Nota del cliente: Envolver para regalo,2025-02
4583,ORD-20230726-04583,209,2023-07-26,entregado,773.64,13,470,162.46,1305.53,paypal,pickup,,Nota del cliente: Llamar antes,2023-07
4584,ORD-20251210-04584,78,2025-12-10,enviado,4309.02,16,430,904.89,4954.47,debit_card,same_day,1.0,,2025-12
4585,ORD-20240626-04585,34,2024-06-26,cancelado,2792.84,13,450,586.5,3466.27,bank_transfer,standard,4.0,Nota del cliente: Entregar por la tarde,2024-06
4586,ORD-20250913-04586,346,2025-09-13,enviado,6042.1,5,370,1268.84,7378.84,cash_on_delivery,same_day,,,2025-09
4587,ORD-20230212-04587,416,2023-02-12,enviado,1645.63,11,180,345.58,1990.19,credit_card,same_day,,,2023-02
4588,ORD-20230822-04588,379,2023-08-22,procesando,1140.78,5,450,239.56,1773.3,paypal,same_day,,,2023-08
4589,ORD-20230305-04589,262,2023-03-05,pendiente,2159.05,7,460,453.4,2921.32,cash_on_delivery,express,10.0,,2023-03
4590,ORD-20240424-04590,385,2024-04-24,enviado,2453.12,9,500,515.16,3247.5,paypal,standard,,,2024-04
4591,ORD-20250613-04591,117,2025-06-13,procesando,157.5,6,450,33.08,631.13,credit_card,same_day,,,2025-06
4592,ORD-20230713-04592,230,2023-07-13,cancelado,585.75,14,330,123.01,956.76,cash_on_delivery,express,,,2023-07
4593,ORD-20250810-04593,265,2025-08-10,cancelado,3953.22,11,260,830.18,4608.55,bank_transfer,standard,,,2025-08
4594,ORD-20230119-04594,75,2023-01-19,entregado,2121.44,7,420,445.5,2838.44,bank_transfer,pickup,,Nota del cliente: Envolver para regalo,2023-01
4595,ORD-20240715-04595,360,2024-07-15,pendiente,492.66,0,480,103.46,1076.12,paypal,pickup,,,2024-07
4596,ORD-20230715-04596,315,2023-07-15,entregado,3361.21,10,60,705.85,3790.94,debit_card,same_day,8.0,,2023-07
4597,ORD-20230711-04597,364,2023-07-11,entregado,3419.3,20,10,718.05,3463.49,paypal,same_day,,Nota del cliente: Entregar por la tarde,2023-07
4598,ORD-20250503-04598,275,2025-05-03,entregado,624.27,18,30,131.1,673.0,debit_card,express,,,2025-05
4599,ORD-20241105-04599,338,2024-11-05,pendiente,1037.89,20,270,217.96,1318.27,credit_card,express,,,2024-11
4600,ORD-20251023-04600,36,2025-10-23,entregado,1526.04,14,130,320.47,1762.86,credit_card,pickup,,Nota del cliente: Dejar en portería,2025-10
4601,ORD-20241114-04601,148,2024-11-14,enviado,1780.06,16,410,373.81,2279.06,credit_card,same_day,,,2024-11
4602,ORD-20250327-04602,62,2025-03-27,enviado,128.88,15,80,27.06,216.61,paypal,standard,,,2025-03
4603,ORD-20230313-04603,233,2023-03-13,cancelado,2491.06,17,450,523.12,3040.7,bank_transfer,pickup,,Nota del cliente: Entregar por la tarde,2023-03
4604,ORD-20250508-04604,47,2025-05-08,procesando,1040.45,4,160,218.49,1377.32,credit_card,pickup,,,2025-05
4605,ORD-20231008-04605,185,2023-10-08,entregado,2513.81,7,200,527.9,3065.74,credit_card,same_day,5.0,,2023-10
4606,ORD-20231116-04606,309,2023-11-16,procesando,1439.75,14,200,302.35,1740.54,credit_card,pickup,,,2023-11
4607,ORD-20230104-04607,282,2023-01-04,entregado,2516.2,2,480,528.4,3474.28,bank_transfer,express,,Nota del cliente: Llamar antes,2023-01
4608,ORD-20250514-04608,306,2025-05-14,procesando,3077.06,18,10,646.18,3179.37,credit_card,standard,7.0,,2025-05
4609,ORD-20250628-04609,481,2025-06-28,enviado,2174.33,0,210,456.61,2840.94,credit_card,same_day,,,2025-06
4610,ORD-20230211-04610,193,2023-02-11,pendiente,2883.04,16,130,605.44,3157.19,cash_on_delivery,standard,,,2023-02
4611,ORD-20250521-04611,326,2025-05-21,procesando,3149.97,3,470,661.49,4186.96,cash_on_delivery,standard,6.0,Nota del cliente: Llamar antes,2025-05
4612,ORD-20241022-04612,101,2024-10-22,enviado,1790.41,2,100,375.99,2230.59,paypal,same_day,,Nota del cliente: Entregar por la tarde,2024-10
4613,ORD-20230628-04613,149,2023-06-28,entregado,4196.11,9,180,881.18,4879.64,debit_card,express,5.0,,2023-06
4614,ORD-20250125-04614,494,2025-01-25,cancelado,4615.7,8,210,969.3,5425.74,credit_card,same_day,3.0,,2025-01
4615,ORD-20230403-04615,361,2023-04-03,entregado,5348.12,11,420,1123.11,6302.94,bank_transfer,express,,,2023-04
4616,ORD-20251106-04616,476,2025-11-06,cancelado,1242.7,20,330,260.97,1585.13,paypal,express,,,2025-11
4617,ORD-20240413-04617,431,2024-04-13,enviado,919.05,2,70,193.0,1163.67,bank_transfer,standard,,,2024-04
4618,ORD-20250221-04618,293,2025-02-21,procesando,940.18,20,400,197.44,1349.58,credit_card,standard,,,2025-02
4619,ORD-20250316-04619,235,2025-03-16,entregado,843.12,11,450,177.06,1377.44,credit_card,same_day,,,2025-03
4620,ORD-20240620-04620,338,2024-06-20,pendiente,1335.05,17,420,280.36,1808.45,cash_on_delivery,standard,,,2024-06
4621,ORD-20230909-04621,353,2023-09-09,cancelado,2249.06,11,100,472.3,2573.96,debit_card,express,,,2023-09
4622,ORD-20230115-04622,275,2023-01-15,pendiente,1083.12,10,370,227.46,1572.27,paypal,pickup,,Nota del cliente: Entregar por la tarde,2023-01
4623,ORD-20230408-04623,381,2023-04-08,procesando,2443.64,8,140,513.16,2901.31,credit_card,same_day,,,2023-04
4624,ORD-20231121-04624,61,2023-11-21,procesando,1503.16,1,390,315.66,2193.79,debit_card,same_day,1.0,,2023-11
4625,ORD-20251101-04625,452,2025-11-01,cancelado,136.7,18,100,28.71,240.8,credit_card,pickup,,,2025-11
4626,ORD-20230301-04626,20,2023-03-01,entregado,1412.94,5,60,296.72,1699.01,cash_on_delivery,express,,,2023-03
4627,ORD-20231115-04627,458,2023-11-15,procesando,3711.04,16,30,779.32,3926.59,paypal,pickup,,,2023-11
4628,ORD-20250515-04628,188,2025-05-15,pendiente,2007.2,0,340,421.51,2768.71,debit_card,standard,,,2025-05
4629,ORD-20250902-04629,167,2025-09-02,entregado,2324.77,6,30,488.2,2703.48,paypal,same_day,,,2025-09
4630,ORD-20240509-04630,132,2024-05-09,pendiente,932.92,0,50,195.91,1178.83,debit_card,express,,,2024-05
4631,ORD-20240826-04631,42,2024-08-26,enviado,891.87,17,190,187.29,1117.54,debit_card,same_day,,,2024-08
4632,ORD-20240510-04632,217,2024-05-10,procesando,2533.25,7,140,531.98,3027.9,cash_on_delivery,standard,,,2024-05
4633,ORD-20250427-04633,138,2025-04-27,enviado,1548.85,12,320,325.26,2008.25,debit_card,pickup,10.0,Nota del cliente: Entregar por la tarde,2025-04
4634,ORD-20241013-04634,110,2024-10-13,cancelado,994.91,4,230,208.93,1394.04,debit_card,pickup,,,2024-10
4635,ORD-20240722-04635,143,2024-07-22,enviado,1103.2,20,140,231.67,1254.23,credit_card,standard,,Nota del cliente: Envolver para regalo,2024-07
4636,ORD-20250327-04636,224,2025-03-27,entregado,739.56,16,500,155.31,1276.54,bank_transfer,same_day,,,2025-03
4637,ORD-20241020-04637,50,2024-10-20,pendiente,277.52,12,60,58.28,362.5,bank_transfer,pickup,3.0,,2024-10
4638,ORD-20230702-04638,261,2023-07-02,entregado,365.01,1,280,76.65,718.01,bank_transfer,same_day,,,2023-07
4639,ORD-20250203-04639,296,2025-02-03,entregado,1477.58,11,140,310.29,1765.34,debit_card,same_day,6.0,,2025-02
4640,ORD-20240425-04640,284,2024-04-25,enviado,1053.36,6,450,221.21,1661.37,cash_on_delivery,standard,,,2024-04
4641,ORD-20231016-04641,135,2023-10-16,enviado,3246.31,19,450,681.73,3761.24,credit_card,standard,,Nota del cliente: Envolver para regalo,2023-10
4642,ORD-20250829-04642,3,2025-08-29,pendiente,397.47,15,200,83.47,621.32,credit_card,pickup,,,2025-08
4643,ORD-20240524-04643,187,2024-05-24,procesando,3442.81,10,60,722.99,3881.52,cash_on_delivery,same_day,,,2024-05
4644,ORD-20250403-04644,19,2025-04-03,entregado,1664.4,14,280,349.52,2060.9,paypal,standard,,,2025-04
4645,ORD-20241129-04645,376,2024-11-29,entregado,2265.96,12,190,475.85,2659.89,cash_on_delivery,same_day,,,2024-11
4646,ORD-20231029-04646,152,2023-10-29,entregado,2207.51,17,440,463.58,2735.81,credit_card,pickup,,Nota del cliente: Dejar en portería,2023-10
4647,ORD-20230219-04647,244,2023-02-19,procesando,3781.47,20,310,794.11,4129.29,cash_on_delivery,same_day,,,2023-02
4648,ORD-20230426-04648,165,2023-04-26,entregado,4360.74,11,140,915.76,4936.82,paypal,standard,,,2023-04
4649,ORD-20250309-04649,152,2025-03-09,entregado,3392.3,19,160,712.38,3620.14,cash_on_delivery,pickup,2.0,,2025-03
4650,ORD-20251130-04650,369,2025-11-30,cancelado,4786.55,7,340,1005.18,5796.67,paypal,standard,5.0,,2025-11
4651,ORD-20230305-04651,27,2023-03-05,procesando,4229.63,2,430,888.22,5463.26,credit_card,same_day,,,2023-03
4652,ORD-20240718-04652,113,2024-07-18,enviado,2699.01,1,420,566.79,3658.81,debit_card,pickup,,,2024-07
4653,ORD-20240421-04653,70,2024-04-21,pendiente,4066.12,16,190,853.89,4459.43,cash_on_delivery,pickup,,,2024-04
4654,ORD-20231203-04654,68,2023-12-03,pendiente,1394.57,12,370,292.86,1890.08,paypal,pickup,,Nota del cliente: Dejar en portería,2023-12
4655,ORD-20251215-04655,268,2025-12-15,entregado,3849.59,13,390,808.41,4547.55,credit_card,standard,,,2025-12
4656,ORD-20240729-04656,96,2024-07-29,cancelado,1595.32,19,70,335.02,1697.23,credit_card,express,4.0,,2024-07
4657,ORD-20230331-04657,137,2023-03-31,cancelado,2814.78,4,90,591.1,3383.29,paypal,pickup,,,2023-03
4658,ORD-20240314-04658,228,2024-03-14,entregado,195.18,15,310,40.99,516.89,paypal,pickup,,,2024-03
4659,ORD-20230831-04659,486,2023-08-31,cancelado,887.0,6,90,186.27,1110.05,credit_card,standard,,,2023-08
4660,ORD-20250412-04660,201,2025-04-12,enviado,3299.95,3,120,692.99,4013.94,bank_transfer,pickup,,,2025-04
4661,ORD-20251122-04661,489,2025-11-22,entregado,1231.4,3,180,258.59,1633.05,debit_card,standard,,,2025-11
4662,ORD-20240103-04662,74,2024-01-03,entregado,2846.72,18,290,597.81,3222.12,debit_card,pickup,,Nota del cliente: Entregar por la tarde,2024-01
4663,ORD-20250825-04663,13,2025-08-25,procesando,5849.89,5,250,1228.48,7035.88,paypal,same_day,,,2025-08
4664,ORD-20240310-04664,105,2024-03-10,entregado,1586.55,16,100,333.18,1765.88,cash_on_delivery,pickup,,,2024-03
4665,ORD-20240726-04665,280,2024-07-26,cancelado,1796.35,6,40,377.23,2105.8,credit_card,express,,,2024-07
4666,ORD-20231022-04666,269,2023-10-22,pendiente,5195.46,10,420,1091.05,6186.96,credit_card,pickup,9.0,,2023-10
4667,ORD-20250327-04667,318,2025-03-27,procesando,2634.87,6,230,553.32,3260.1,credit_card,standard,3.0,,2025-03
4668,ORD-20250531-04668,146,2025-05-31,procesando,5291.49,18,80,1111.21,5530.23,bank_transfer,pickup,,,2025-05
4669,ORD-20250203-04669,66,2025-02-03,enviado,609.23,15,400,127.94,1045.79,paypal,same_day,,,2025-02
4670,ORD-20250228-04670,499,2025-02-28,entregado,1753.83,12,480,368.3,2391.67,paypal,express,,Nota del cliente: Llamar antes,2025-02
4671,ORD-20250803-04671,95,2025-08-03,enviado,2849.38,12,460,598.37,3565.82,bank_transfer,pickup,,,2025-08
4672,ORD-20230103-04672,202,2023-01-03,cancelado,782.05,1,280,164.23,1218.46,paypal,pickup,,,2023-01
4673,ORD-20240914-04673,86,2024-09-14,pendiente,94.95,5,490,19.94,600.14,credit_card,express,9.0,,2024-09
4674,ORD-20241019-04674,196,2024-10-19,cancelado,2611.19,12,270,548.35,3116.2,cash_on_delivery,standard,,,2024-10
4675,ORD-20240528-04675,374,2024-05-28,pendiente,666.9,14,80,140.05,793.58,debit_card,standard,1.0,,2024-05
4676,ORD-20240809-04676,490,2024-08-09,pendiente,1283.22,9,20,269.48,1457.21,paypal,standard,,,2024-08
4677,ORD-20240117-04677,28,2024-01-17,enviado,4713.93,19,410,989.93,5218.21,cash_on_delivery,standard,,,2024-01
4678,ORD-20230223-04678,377,2023-02-23,pendiente,772.67,0,70,162.26,1004.93,debit_card,express,,,2023-02
4679,ORD-20251002-04679,49,2025-10-02,enviado,1466.12,13,450,307.89,2033.41,cash_on_delivery,standard,,,2025-10
4680,ORD-20250925-04680,7,2025-09-25,cancelado,831.93,19,370,174.71,1218.57,debit_card,same_day,,,2025-09
4681,ORD-20230502-04681,8,2023-05-02,procesando,554.0,17,170,116.34,746.16,credit_card,pickup,3.0,,2023-05
4682,ORD-20251030-04682,407,2025-10-30,enviado,822.92,5,500,172.81,1454.58,paypal,same_day,,,2025-10
4683,ORD-20230602-04683,181,2023-06-02,cancelado,1084.56,13,40,227.76,1211.33,debit_card,express,,,2023-06
4684,ORD-20241123-04684,24,2024-11-23,pendiente,3603.0,19,410,756.63,4085.06,bank_transfer,express,,Nota del cliente: Envolver para regalo,2024-11
4685,ORD-20241108-04685,62,2024-11-08,pendiente,2076.71,3,340,436.11,2790.52,paypal,express,,,2024-11
4686,ORD-20250812-04686,390,2025-08-12,entregado,2340.11,1,400,491.42,3208.13,debit_card,standard,8.0,,2025-08
4687,ORD-20231014-04687,322,2023-10-14,entregado,1853.19,1,180,389.17,2403.83,credit_card,pickup,,,2023-10
4688,ORD-20230802-04688,224,2023-08-02,enviado,1257.62,6,250,264.1,1696.26,debit_card,same_day,10.0,,2023-08
4689,ORD-20231017-04689,428,2023-10-17,cancelado,4220.18,7,440,886.24,5251.01,paypal,pickup,,,2023-10
4690,ORD-20250208-04690,451,2025-02-08,cancelado,2365.73,8,310,496.8,2983.27,bank_transfer,pickup,,,2025-02
4691,ORD-20230907-04691,80,2023-09-07,pendiente,1408.71,6,330,295.83,1950.02,bank_transfer,same_day,9.0,,2023-09
4692,ORD-20240901-04692,423,2024-09-01,enviado,795.06,20,20,166.96,823.01,paypal,standard,,,2024-09
4693,ORD-20241224-04693,42,2024-12-24,enviado,2861.49,7,60,600.91,3322.1,paypal,standard,6.0,,2024-12
4694,ORD-20240207-04694,342,2024-02-07,procesando,1243.04,17,60,261.04,1352.76,cash_on_delivery,standard,,Nota del cliente: Envolver para regalo,2024-02
4695,ORD-20240113-04695,388,2024-01-13,pendiente,2414.76,5,180,507.1,2981.12,debit_card,pickup,8.0,,2024-01
4696,ORD-20250122-04696,96,2025-01-22,procesando,2282.76,13,340,479.38,2805.38,credit_card,same_day,8.0,,2025-01
4697,ORD-20250823-04697,333,2025-08-23,procesando,3294.72,19,200,691.89,3560.61,debit_card,express,5.0,Nota del cliente: Entregar por la tarde,2025-08
4698,ORD-20251013-04698,284,2025-10-13,entregado,2035.82,11,280,427.52,2519.4,paypal,express,,,2025-10
4699,ORD-20251105-04699,405,2025-11-05,enviado,5232.35,19,140,1098.79,5476.99,cash_on_delivery,express,,Nota del cliente: Entregar por la tarde,2025-11
4700,ORD-20240112-04700,210,2024-01-12,procesando,1775.25,3,10,372.8,2104.79,credit_card,express,,Nota del cliente: Envolver para regalo,2024-01
4701,ORD-20231215-04701,374,2023-12-15,entregado,1697.27,9,180,356.43,2080.95,cash_on_delivery,express,,Nota del cliente: Entregar por la tarde,2023-12
4702,ORD-20230324-04702,336,2023-03-24,entregado,482.91,6,0,101.41,555.35,paypal,standard,2.0,,2023-03
4703,ORD-20250609-04703,232,2025-06-09,procesando,3376.13,15,20,708.99,3598.7,paypal,same_day,,,2025-06
4704,ORD-20230223-04704,137,2023-02-23,entregado,2261.34,2,70,474.88,2760.99,bank_transfer,same_day,7.0,,2023-02
4705,ORD-20250508-04705,71,2025-05-08,pendiente,4423.44,10,220,928.92,5130.02,bank_transfer,standard,,,2025-05
4706,ORD-20240607-04706,156,2024-06-07,procesando,146.18,11,390,30.7,550.8,bank_transfer,standard,1.0,,2024-06
4707,ORD-20230121-04707,329,2023-01-21,pendiente,3217.97,4,230,675.77,3995.02,paypal,standard,,Nota del cliente: Dejar en portería,2023-01
4708,ORD-20250915-04708,91,2025-09-15,enviado,879.54,5,40,184.7,1060.26,bank_transfer,pickup,,,2025-09
4709,ORD-20240620-04709,178,2024-06-20,pendiente,1600.77,19,450,336.16,2082.78,debit_card,same_day,4.0,,2024-06
4710,ORD-20230508-04710,273,2023-05-08,entregado,2573.39,16,180,540.41,2882.06,cash_on_delivery,standard,,,2023-05
4711,ORD-20241024-04711,361,2024-10-24,entregado,2220.9,9,470,466.39,2957.41,cash_on_delivery,pickup,,,2024-10
4712,ORD-20251111-04712,350,2025-11-11,procesando,2169.54,12,490,455.6,2854.8,cash_on_delivery,standard,,,2025-11
4713,ORD-20231009-04713,289,2023-10-09,entregado,760.52,17,490,159.71,1280.94,credit_card,pickup,,,2023-10
4714,ORD-20231209-04714,454,2023-12-09,enviado,2553.1,7,500,536.15,3410.53,cash_on_delivery,standard,,,2023-12
4715,ORD-20250516-04715,199,2025-05-16,cancelado,3511.31,20,300,737.38,3846.43,debit_card,pickup,1.0,,2025-05
4716,ORD-20230919-04716,322,2023-09-19,enviado,3317.96,20,280,696.77,3631.14,paypal,express,,Nota del cliente: Llamar antes,2023-09
4717,ORD-20241204-04717,192,2024-12-04,pendiente,2885.18,15,40,605.89,3098.29,debit_card,standard,,,2024-12
4718,ORD-20250826-04718,372,2025-08-26,entregado,2857.79,1,220,600.14,3649.35,paypal,pickup,,,2025-08
4719,ORD-20240906-04719,96,2024-09-06,cancelado,2211.73,4,200,464.46,2787.72,credit_card,pickup,,,2024-09
4720,ORD-20241120-04720,390,2024-11-20,pendiente,3604.83,20,80,757.01,3720.87,paypal,pickup,,,2024-11
4721,ORD-20240229-04721,149,2024-02-29,entregado,2862.41,11,210,601.11,3358.65,credit_card,pickup,,,2024-02
4722,ORD-20250121-04722,416,2025-01-21,entregado,5173.2,9,60,1086.37,5853.98,credit_card,pickup,7.0,,2025-01
4723,ORD-20240923-04723,405,2024-09-23,procesando,3200.78,3,170,672.16,3946.92,credit_card,standard,3.0,,2024-09
4724,ORD-20230704-04724,84,2023-07-04,entregado,2605.35,0,390,547.12,3542.47,bank_transfer,pickup,,,2023-07
4725,ORD-20231027-04725,2,2023-10-27,procesando,5470.93,19,320,1148.9,5900.35,credit_card,pickup,6.0,Nota del cliente: Entregar por la tarde,2023-10
4726,ORD-20250522-04726,388,2025-05-22,pendiente,54.7,15,310,11.49,367.99,debit_card,express,10.0,,2025-05
4727,ORD-20250618-04727,93,2025-06-18,procesando,1813.85,5,160,380.91,2264.07,bank_transfer,standard,,,2025-06
4728,ORD-20250115-04728,378,2025-01-15,cancelado,3972.28,11,490,834.18,4859.51,debit_card,standard,,,2025-01
4729,ORD-20250521-04729,119,2025-05-21,pendiente,997.83,3,390,209.54,1567.44,bank_transfer,same_day,,,2025-05
4730,ORD-20250713-04730,58,2025-07-13,cancelado,3500.04,12,330,735.01,4145.05,credit_card,same_day,,,2025-07
4731,ORD-20240320-04731,43,2024-03-20,entregado,258.14,5,490,54.21,789.44,credit_card,standard,,,2024-03
4732,ORD-20240207-04732,92,2024-02-07,entregado,918.09,2,120,192.8,1212.53,bank_transfer,same_day,,,2024-02
4733,ORD-20241126-04733,469,2024-11-26,procesando,55.04,19,120,11.56,176.14,credit_card,pickup,,,2024-11
4734,ORD-20240310-04734,87,2024-03-10,pendiente,852.16,16,90,178.95,984.76,cash_on_delivery,pickup,,,2024-03
4735,ORD-20231221-04735,248,2023-12-21,cancelado,3129.54,8,160,657.2,3696.38,debit_card,standard,,,2023-12
4736,ORD-20251205-04736,34,2025-12-05,procesando,3923.49,7,230,823.93,4702.78,debit_card,standard,,,2025-12
4737,ORD-20250214-04737,165,2025-02-14,pendiente,1654.64,12,170,347.47,1973.55,debit_card,standard,3.0,,2025-02
4738,ORD-20240816-04738,61,2024-08-16,cancelado,773.64,1,10,162.46,938.36,debit_card,same_day,,,2024-08
4739,ORD-20230802-04739,313,2023-08-02,enviado,1298.89,14,0,272.77,1389.82,bank_transfer,same_day,,,2023-08
4740,ORD-20250707-04740,133,2025-07-07,entregado,1654.15,4,350,347.37,2285.35,cash_on_delivery,express,8.0,,2025-07
4741,ORD-20251211-04741,372,2025-12-11,entregado,1921.44,15,310,403.5,2346.72,paypal,pickup,,,2025-12
4742,ORD-20231012-04742,92,2023-10-12,pendiente,2302.15,8,350,483.45,2951.43,credit_card,same_day,,Nota del cliente: Llamar antes,2023-10
4743,ORD-20240825-04743,464,2024-08-25,procesando,1520.41,14,440,319.29,2066.84,credit_card,same_day,,,2024-08
4744,ORD-20240624-04744,9,2024-06-24,enviado,351.94,17,190,73.91,556.02,cash_on_delivery,express,,,2024-06
4745,ORD-20240628-04745,103,2024-06-28,enviado,959.46,19,460,201.49,1438.65,bank_transfer,express,,,2024-06
4746,ORD-20250122-04746,39,2025-01-22,procesando,1222.64,20,450,256.75,1684.86,credit_card,pickup,,,2025-01
4747,ORD-20250910-04747,46,2025-09-10,entregado,367.8,18,370,77.24,748.84,bank_transfer,standard,,,2025-09
4748,ORD-20240202-04748,466,2024-02-02,procesando,739.03,9,290,155.2,1117.72,credit_card,same_day,,,2024-02
4749,ORD-20230917-04749,30,2023-09-17,procesando,2564.67,8,90,538.58,2988.08,cash_on_delivery,pickup,,,2023-09
4750,ORD-20230823-04750,358,2023-08-23,cancelado,1121.36,18,500,235.49,1655.01,credit_card,same_day,,,2023-08
4751,ORD-20250828-04751,151,2025-08-28,pendiente,6195.97,4,460,1301.15,7709.28,cash_on_delivery,same_day,,,2025-08
4752,ORD-20231114-04752,54,2023-11-14,cancelado,3278.18,17,190,688.42,3599.31,bank_transfer,standard,8.0,,2023-11
4753,ORD-20230729-04753,218,2023-07-29,entregado,1347.47,12,170,282.97,1638.74,debit_card,standard,,,2023-07
4754,ORD-20250609-04754,340,2025-06-09,procesando,2696.51,17,180,566.27,2984.37,bank_transfer,standard,,,2025-06
4755,ORD-20230227-04755,31,2023-02-27,procesando,2927.2,15,220,614.71,3322.83,debit_card,pickup,,,2023-02
4756,ORD-20250821-04756,482,2025-08-21,pendiente,2922.34,3,90,613.69,3538.36,paypal,express,,,2025-08
4757,ORD-20231122-04757,43,2023-11-22,pendiente,914.32,6,310,192.01,1361.47,cash_on_delivery,express,,,2023-11
4758,ORD-20230421-04758,140,2023-04-21,pendiente,2940.55,0,360,617.52,3918.07,bank_transfer,express,,Nota del cliente: Envolver para regalo,2023-04
4759,ORD-20250322-04759,129,2025-03-22,procesando,2659.61,9,220,558.52,3198.77,debit_card,standard,5.0,,2025-03
4760,ORD-20240413-04760,163,2024-04-13,pendiente,1448.93,9,350,304.28,1972.81,debit_card,express,2.0,,2024-04
4761,ORD-20250417-04761,122,2025-04-17,pendiente,3325.77,3,270,698.41,4194.41,debit_card,same_day,,,2025-04
4762,ORD-20250510-04762,457,2025-05-10,pendiente,812.24,6,430,170.57,1364.08,debit_card,pickup,,,2025-05
4763,ORD-20240227-04763,113,2024-02-27,cancelado,1614.53,10,40,339.05,1832.13,debit_card,same_day,,,2024-02
4764,ORD-20250112-04764,103,2025-01-12,enviado,5400.15,13,290,1134.03,6122.16,bank_transfer,same_day,,,2025-01
4765,ORD-20230817-04765,178,2023-08-17,pendiente,2033.19,9,110,426.97,2387.17,cash_on_delivery,same_day,,,2023-08
4766,ORD-20240126-04766,495,2024-01-26,pendiente,2151.12,18,180,451.74,2395.66,credit_card,pickup,,,2024-01
4767,ORD-20250203-04767,220,2025-02-03,entregado,1755.1,9,410,368.57,2375.71,bank_transfer,express,,,2025-02
4768,ORD-20230626-04768,438,2023-06-26,procesando,69.38,12,150,14.57,225.62,cash_on_delivery,standard,,,2023-06
4769,ORD-20230105-04769,47,2023-01-05,entregado,4758.46,18,50,999.28,4951.22,debit_card,same_day,,,2023-01
4770,ORD-20230715-04770,327,2023-07-15,pendiente,1566.03,4,30,328.87,1862.26,bank_transfer,standard,4.0,,2023-07
4771,ORD-20240506-04771,57,2024-05-06,enviado,4572.66,18,500,960.26,5209.84,bank_transfer,pickup,,,2024-05
4772,ORD-20241019-04772,471,2024-10-19,entregado,183.78,17,470,38.59,661.13,cash_on_delivery,same_day,,,2024-10
4773,ORD-20240117-04773,124,2024-01-17,procesando,2871.25,2,360,602.96,3776.79,credit_card,pickup,3.0,,2024-01
4774,ORD-20231224-04774,342,2023-12-24,procesando,1025.3,11,90,215.31,1217.83,bank_transfer,express,,,2023-12
4775,ORD-20230529-04775,68,2023-05-29,enviado,2171.01,20,340,455.91,2532.72,paypal,standard,,,2023-05
4776,ORD-20240323-04776,315,2024-03-23,entregado,501.91,19,410,105.4,921.95,cash_on_delivery,standard,,,2024-03
4777,ORD-20240907-04777,69,2024-09-07,enviado,5245.0,19,410,1101.45,5759.9,paypal,standard,,,2024-09
4778,ORD-20230805-04778,425,2023-08-05,pendiente,2871.84,3,30,603.09,3418.77,paypal,pickup,,,2023-08
4779,ORD-20250613-04779,416,2025-06-13,cancelado,4116.78,15,200,864.52,4563.78,debit_card,same_day,,Nota del cliente: Envolver para regalo,2025-06
4780,ORD-20231004-04780,312,2023-10-04,enviado,450.98,10,440,94.71,940.59,bank_transfer,pickup,2.0,,2023-10
4781,ORD-20230605-04781,425,2023-06-05,enviado,1092.66,8,300,229.46,1534.71,credit_card,same_day,,,2023-06
4782,ORD-20230222-04782,399,2023-02-22,pendiente,1093.54,2,360,229.64,1661.31,cash_on_delivery,standard,,,2023-02
4783,ORD-20230107-04783,321,2023-01-07,entregado,4768.21,8,180,1001.32,5568.07,bank_transfer,standard,,Nota del cliente: Llamar antes,2023-01
4784,ORD-20240923-04784,289,2024-09-23,pendiente,1748.92,19,240,367.27,2023.9,credit_card,same_day,8.0,,2024-09
4785,ORD-20240403-04785,214,2024-04-03,entregado,2144.84,18,0,450.42,2209.19,paypal,express,,,2024-04
4786,ORD-20250502-04786,21,2025-05-02,procesando,4359.54,19,340,915.5,4786.73,paypal,express,,,2025-05
4787,ORD-20251224-04787,337,2025-12-24,procesando,502.3,7,290,105.48,862.62,paypal,same_day,,Nota del cliente: Entregar por la tarde,2025-12
4788,ORD-20230630-04788,473,2023-06-30,cancelado,923.02,7,230,193.83,1282.24,debit_card,standard,10.0,,2023-06
4789,ORD-20230521-04789,134,2023-05-21,cancelado,40.76,18,370,8.56,411.98,credit_card,standard,,Nota del cliente: Llamar antes,2023-05
4790,ORD-20241223-04790,323,2024-12-23,pendiente,130.12,18,330,27.33,464.03,bank_transfer,pickup,6.0,,2024-12
4791,ORD-20250626-04791,342,2025-06-26,pendiente,3267.13,1,410,686.1,4330.56,credit_card,express,,,2025-06
4792,ORD-20230330-04792,102,2023-03-30,procesando,3933.19,20,340,825.97,4312.52,credit_card,standard,,,2023-03
4793,ORD-20240713-04793,215,2024-07-13,entregado,2452.38,9,380,515.0,3126.67,bank_transfer,standard,,,2024-07
4794,ORD-20230810-04794,65,2023-08-10,procesando,1154.89,15,140,242.53,1364.19,credit_card,express,,,2023-08
4795,ORD-20241210-04795,45,2024-12-10,entregado,2732.93,13,450,573.92,3401.57,credit_card,same_day,10.0,,2024-12
4796,ORD-20241007-04796,321,2024-10-07,entregado,6671.55,6,470,1401.03,8142.29,paypal,same_day,10.0,,2024-10
4797,ORD-20230823-04797,262,2023-08-23,enviado,1081.8,3,70,227.18,1346.53,paypal,same_day,,,2023-08
4798,ORD-20240705-04798,205,2024-07-05,pendiente,1721.14,17,220,361.44,2009.99,paypal,standard,,,2024-07
4799,ORD-20241010-04799,420,2024-10-10,pendiente,3283.56,15,490,689.55,3970.58,paypal,standard,4.0,Nota del cliente: Dejar en portería,2024-10
4800,ORD-20230809-04800,494,2023-08-09,cancelado,1305.36,8,380,274.13,1855.06,debit_card,express,,Nota del cliente: Entregar por la tarde,2023-08
4801,ORD-20230806-04801,479,2023-08-06,procesando,3922.25,6,30,823.67,4540.59,credit_card,same_day,,,2023-08
4802,ORD-20240618-04802,259,2024-06-18,pendiente,1221.56,9,30,256.53,1398.15,credit_card,standard,,Nota del cliente: Llamar antes,2024-06
4803,ORD-20231214-04803,112,2023-12-14,pendiente,2686.17,0,490,564.1,3740.27,credit_card,pickup,8.0,Nota del cliente: Envolver para regalo,2023-12
4804,ORD-20231215-04804,295,2023-12-15,pendiente,1819.92,7,160,382.18,2234.71,credit_card,same_day,,,2023-12
4805,ORD-20230521-04805,457,2023-05-21,cancelado,1776.72,12,80,373.11,2016.62,cash_on_delivery,same_day,,,2023-05
4806,ORD-20230808-04806,475,2023-08-08,pendiente,3486.56,19,280,732.18,3836.29,credit_card,pickup,3.0,,2023-08
4807,ORD-20240417-04807,17,2024-04-17,cancelado,971.58,1,120,204.03,1285.89,paypal,pickup,7.0,,2024-04
4808,ORD-20250603-04808,66,2025-06-03,cancelado,1532.2,5,390,321.76,2167.35,bank_transfer,pickup,,,2025-06
4809,ORD-20240101-04809,106,2024-01-01,cancelado,2021.7,12,110,424.56,2313.66,debit_card,standard,,Nota del cliente: Envolver para regalo,2024-01
4810,ORD-20230329-04810,422,2023-03-29,enviado,4047.25,13,380,849.92,4751.03,paypal,same_day,,,2023-03
4811,ORD-20230316-04811,420,2023-03-16,enviado,2121.26,2,460,445.46,2984.29,cash_on_delivery,same_day,,Nota del cliente: Entregar por la tarde,2023-03
4812,ORD-20230122-04812,373,2023-01-22,enviado,710.44,19,340,149.19,1064.65,cash_on_delivery,same_day,6.0,Nota del cliente: Dejar en portería,2023-01
4813,ORD-20231229-04813,336,2023-12-29,cancelado,4199.77,17,190,881.95,4557.76,credit_card,standard,,,2023-12
4814,ORD-20250417-04814,264,2025-04-17,procesando,339.6,14,70,71.32,433.38,debit_card,pickup,,,2025-04
4815,ORD-20230525-04815,347,2023-05-25,enviado,872.46,11,140,183.22,1099.71,bank_transfer,same_day,,,2023-05
4816,ORD-20250226-04816,476,2025-02-26,cancelado,786.06,2,420,165.07,1355.41,cash_on_delivery,express,,Nota del cliente: Envolver para regalo,2025-02
4817,ORD-20250223-04817,352,2025-02-23,entregado,1496.75,0,440,314.32,2251.07,debit_card,pickup,1.0,Nota del cliente: Llamar antes,2025-02
4818,ORD-20230213-04818,18,2023-02-13,procesando,879.36,19,350,184.67,1246.95,paypal,express,5.0,,2023-02
4819,ORD-20241206-04819,302,2024-12-06,procesando,2020.81,5,110,424.37,2454.14,cash_on_delivery,standard,,,2024-12
4820,ORD-20241017-04820,357,2024-10-17,entregado,2438.4,8,270,512.06,3025.39,bank_transfer,express,,,2024-10
4821,ORD-20230912-04821,322,2023-09-12,entregado,3236.77,4,120,679.72,3907.02,credit_card,standard,5.0,,2023-09
4822,ORD-20231117-04822,78,2023-11-17,enviado,2523.17,13,460,529.87,3185.03,cash_on_delivery,same_day,9.0,,2023-11
4823,ORD-20250214-04823,389,2025-02-14,procesando,2342.59,1,160,491.94,2971.1,credit_card,pickup,,Nota del cliente: Envolver para regalo,2025-02
4824,ORD-20231122-04824,254,2023-11-22,entregado,1691.7,0,50,355.26,2096.96,paypal,standard,,,2023-11
4825,ORD-20230221-04825,426,2023-02-21,enviado,578.9,8,110,121.57,764.16,paypal,same_day,,Nota del cliente: Entregar por la tarde,2023-02
4826,ORD-20240617-04826,75,2024-06-17,entregado,1443.9,6,210,303.22,1870.49,paypal,standard,1.0,,2024-06
4827,ORD-20240905-04827,73,2024-09-05,enviado,3015.51,15,350,633.26,3546.44,paypal,same_day,1.0,,2024-09
4828,ORD-20230323-04828,109,2023-03-23,pendiente,577.95,18,370,121.37,965.29,paypal,same_day,,,2023-03
4829,ORD-20240902-04829,13,2024-09-02,procesando,1646.96,1,210,345.86,2186.35,bank_transfer,standard,,,2024-09
4830,ORD-20250927-04830,372,2025-09-27,enviado,2559.35,18,250,537.46,2886.13,bank_transfer,standard,,,2025-09
4831,ORD-20250313-04831,225,2025-03-13,pendiente,2604.67,9,210,546.98,3127.23,debit_card,same_day,,,2025-03
4832,ORD-20230510-04832,400,2023-05-10,pendiente,4722.14,8,150,991.65,5486.02,bank_transfer,express,,,2023-05
4833,ORD-20240813-04833,98,2024-08-13,enviado,462.59,20,490,97.14,957.21,cash_on_delivery,express,,,2024-08
4834,ORD-20251124-04834,10,2025-11-24,entregado,2314.66,5,30,486.08,2715.01,paypal,standard,1.0,,2025-11
4835,ORD-20240120-04835,394,2024-01-20,procesando,370.75,5,300,77.86,730.07,paypal,pickup,8.0,,2024-01
4836,ORD-20230721-04836,484,2023-07-21,enviado,2161.83,9,320,453.98,2741.25,cash_on_delivery,pickup,,,2023-07
4837,ORD-20251010-04837,295,2025-10-10,cancelado,2915.76,8,280,612.31,3574.81,debit_card,express,2.0,,2025-10
4838,ORD-20250202-04838,282,2025-02-02,enviado,2920.61,16,310,613.33,3376.64,cash_on_delivery,express,,,2025-02
4839,ORD-20240410-04839,7,2024-04-10,cancelado,2350.95,0,330,493.7,3174.65,paypal,same_day,,,2024-04
4840,ORD-20230831-04840,207,2023-08-31,cancelado,3733.48,10,190,784.03,4334.16,bank_transfer,standard,,,2023-08
4841,ORD-20250822-04841,429,2025-08-22,cancelado,3082.8,8,320,647.39,3803.57,credit_card,standard,10.0,,2025-08
4842,ORD-20230201-04842,119,2023-02-01,enviado,815.26,5,460,171.2,1405.7,paypal,express,,,2023-02
4843,ORD-20250701-04843,319,2025-07-01,cancelado,1055.83,16,360,221.72,1468.62,cash_on_delivery,same_day,,,2025-07
4844,ORD-20240513-04844,372,2024-05-13,entregado,2859.3,9,80,600.45,3282.41,paypal,standard,9.0,,2024-05
4845,ORD-20250903-04845,19,2025-09-03,entregado,3725.3,18,370,782.31,4207.06,debit_card,express,,,2025-09
4846,ORD-20230623-04846,39,2023-06-23,enviado,157.5,20,340,33.08,499.08,credit_card,pickup,9.0,,2023-06
4847,ORD-20240815-04847,283,2024-08-15,enviado,1403.31,20,120,294.7,1537.35,bank_transfer,pickup,,,2024-08
4848,ORD-20240315-04848,70,2024-03-15,pendiente,3562.37,19,330,748.1,3963.62,paypal,pickup,6.0,Nota del cliente: Dejar en portería,2024-03
4849,ORD-20241111-04849,14,2024-11-11,enviado,2624.76,12,250,551.2,3110.99,cash_on_delivery,pickup,,,2024-11
4850,ORD-20250207-04850,205,2025-02-07,pendiente,3314.54,15,40,696.05,3553.41,credit_card,express,,Nota del cliente: Entregar por la tarde,2025-02
4851,ORD-20230923-04851,153,2023-09-23,entregado,973.85,0,10,204.51,1188.36,credit_card,pickup,,Nota del cliente: Envolver para regalo,2023-09
4852,ORD-20240601-04852,464,2024-06-01,pendiente,1349.28,5,120,283.35,1685.17,cash_on_delivery,express,3.0,,2024-06
4853,ORD-20230520-04853,337,2023-05-20,entregado,604.02,5,390,126.84,1090.66,credit_card,standard,7.0,,2023-05
4854,ORD-20241018-04854,38,2024-10-18,pendiente,3779.37,12,300,793.67,4419.52,cash_on_delivery,express,,,2024-10
4855,ORD-20250430-04855,480,2025-04-30,pendiente,2187.37,12,130,459.35,2514.24,cash_on_delivery,express,,,2025-04
4856,ORD-20240813-04856,467,2024-08-13,cancelado,1054.45,12,450,221.43,1599.35,debit_card,pickup,,Nota del cliente: Llamar antes,2024-08
4857,ORD-20241103-04857,429,2024-11-03,procesando,3945.42,7,280,828.54,4777.78,cash_on_delivery,standard,,,2024-11
4858,ORD-20250513-04858,74,2025-05-13,enviado,1590.36,18,430,333.98,2068.08,debit_card,express,,,2025-05
4859,ORD-20230321-04859,49,2023-03-21,entregado,4195.62,8,470,881.08,5211.05,credit_card,express,,Nota del cliente: Entregar por la tarde,2023-03
4860,ORD-20231004-04860,492,2023-10-04,entregado,2637.09,14,380,553.79,3201.69,bank_transfer,pickup,,,2023-10
4861,ORD-20240310-04861,194,2024-03-10,enviado,2723.05,6,120,571.84,3251.51,paypal,express,,,2024-03
4862,ORD-20251220-04862,237,2025-12-20,pendiente,2993.71,16,480,628.68,3623.4,cash_on_delivery,pickup,,,2025-12
4863,ORD-20230830-04863,323,2023-08-30,cancelado,1417.75,6,0,297.73,1630.42,debit_card,express,,,2023-08
4864,ORD-20240901-04864,367,2024-09-01,pendiente,3366.64,1,60,706.99,4099.96,credit_card,express,,,2024-09
4865,ORD-20250430-04865,70,2025-04-30,procesando,4177.44,20,320,877.26,4539.21,paypal,express,9.0,,2025-04
4866,ORD-20250608-04866,328,2025-06-08,enviado,977.72,18,130,205.32,1137.05,credit_card,standard,,,2025-06
4867,ORD-20240104-04867,266,2024-01-04,cancelado,3961.79,1,260,831.98,5014.15,paypal,express,,,2024-01
4868,ORD-20240607-04868,64,2024-06-07,entregado,191.63,0,360,40.24,591.87,credit_card,pickup,,,2024-06
4869,ORD-20230320-04869,472,2023-03-20,enviado,5252.19,12,300,1102.96,6024.89,cash_on_delivery,standard,8.0,,2023-03
4870,ORD-20250810-04870,249,2025-08-10,cancelado,1396.96,7,280,293.36,1872.53,cash_on_delivery,standard,,Nota del cliente: Llamar antes,2025-08
4871,ORD-20240515-04871,38,2024-05-15,enviado,676.41,14,200,142.05,923.76,credit_card,same_day,,,2024-05
4872,ORD-20230311-04872,428,2023-03-11,enviado,1968.73,6,190,413.43,2454.04,paypal,express,,,2023-03
4873,ORD-20240827-04873,199,2024-08-27,entregado,4277.06,3,80,898.18,5126.93,cash_on_delivery,same_day,1.0,,2024-08
4874,ORD-20230107-04874,16,2023-01-07,pendiente,3912.8,2,460,821.69,5116.23,cash_on_delivery,standard,,,2023-01
4875,ORD-20251023-04875,494,2025-10-23,cancelado,1615.54,3,440,339.26,2346.33,paypal,express,8.0,,2025-10
4876,ORD-20241005-04876,277,2024-10-05,pendiente,1558.5,1,160,327.29,2030.21,paypal,same_day,,Nota del cliente: Dejar en portería,2024-10
4877,ORD-20251005-04877,60,2025-10-05,entregado,2121.5,19,410,445.52,2573.94,credit_card,same_day,2.0,Nota del cliente: Llamar antes,2025-10
4878,ORD-20230724-04878,338,2023-07-24,cancelado,3937.27,13,150,826.83,4402.25,bank_transfer,standard,,,2023-07
4879,ORD-20241113-04879,348,2024-11-13,cancelado,1583.8,0,140,332.6,2056.4,bank_transfer,express,,,2024-11
4880,ORD-20250814-04880,279,2025-08-14,procesando,4357.54,16,230,915.08,4805.41,debit_card,pickup,,,2025-08
4881,ORD-20230103-04881,195,2023-01-03,cancelado,2864.53,12,370,601.55,3492.34,debit_card,same_day,,,2023-01
4882,ORD-20250613-04882,16,2025-06-13,entregado,1118.54,20,90,234.89,1219.72,bank_transfer,express,,Nota del cliente: Envolver para regalo,2025-06
4883,ORD-20251021-04883,297,2025-10-21,entregado,1617.36,13,190,339.65,1936.75,credit_card,standard,7.0,,2025-10
4884,ORD-20231203-04884,379,2023-12-03,entregado,2706.11,4,220,568.28,3386.15,bank_transfer,standard,,,2023-12
4885,ORD-20240813-04885,32,2024-08-13,enviado,1826.7,20,320,383.61,2164.97,debit_card,pickup,,,2024-08
4886,ORD-20251214-04886,278,2025-12-14,entregado,3029.16,18,100,636.12,3220.03,credit_card,express,,,2025-12
4887,ORD-20251115-04887,241,2025-11-15,cancelado,447.52,12,230,93.98,717.8,bank_transfer,same_day,,,2025-11
4888,ORD-20240516-04888,276,2024-05-16,procesando,4516.32,9,490,948.43,5548.28,paypal,standard,,,2024-05
4889,ORD-20230512-04889,337,2023-05-12,enviado,2459.96,20,120,516.59,2604.56,cash_on_delivery,pickup,10.0,,2023-05
4890,ORD-20231125-04890,281,2023-11-25,procesando,1474.89,18,240,309.73,1759.14,cash_on_delivery,express,,,2023-11
4891,ORD-20240607-04891,300,2024-06-07,procesando,2276.71,18,450,478.11,2795.01,credit_card,express,,,2024-06
4892,ORD-20230917-04892,160,2023-09-17,cancelado,4277.0,18,210,898.17,4615.31,debit_card,express,,,2023-09
4893,ORD-20240617-04893,460,2024-06-17,cancelado,3299.85,3,20,692.97,3913.82,paypal,standard,,,2024-06
4894,ORD-20250817-04894,180,2025-08-17,cancelado,4921.68,8,120,1033.55,5681.5,paypal,pickup,,,2025-08
4895,ORD-20230418-04895,405,2023-04-18,pendiente,2211.6,2,500,464.44,3131.81,bank_transfer,standard,9.0,,2023-04
4896,ORD-20250118-04896,253,2025-01-18,pendiente,2532.32,9,470,531.79,3306.2,paypal,pickup,8.0,,2025-01
4897,ORD-20230128-04897,142,2023-01-28,pendiente,762.44,4,140,160.11,1032.05,bank_transfer,standard,10.0,,2023-01
4898,ORD-20231227-04898,115,2023-12-27,entregado,2894.48,8,300,607.84,3570.76,credit_card,standard,3.0,,2023-12
4899,ORD-20240915-04899,142,2024-09-15,entregado,488.86,17,70,102.66,578.41,paypal,same_day,6.0,,2024-09
4900,ORD-20230222-04900,194,2023-02-22,cancelado,4601.49,0,440,966.31,6007.8,debit_card,standard,7.0,,2023-02
4901,ORD-20240915-04901,19,2024-09-15,enviado,4324.09,20,440,908.06,4807.33,paypal,standard,,,2024-09
4902,ORD-20240524-04902,301,2024-05-24,enviado,1565.06,7,190,328.66,1974.17,debit_card,express,,,2024-05
4903,ORD-20240515-04903,183,2024-05-15,entregado,1966.72,3,430,413.01,2750.73,bank_transfer,express,2.0,Nota del cliente: Llamar antes,2024-05
4904,ORD-20240430-04904,43,2024-04-30,entregado,5627.68,19,160,1181.81,5900.23,bank_transfer,express,4.0,,2024-04
4905,ORD-20251103-04905,138,2025-11-03,pendiente,634.86,20,220,133.32,861.21,credit_card,same_day,,,2025-11
4906,ORD-20231227-04906,460,2023-12-27,enviado,311.49,15,270,65.41,600.18,credit_card,pickup,1.0,,2023-12
4907,ORD-20241105-04907,367,2024-11-05,entregado,514.15,13,280,107.97,835.28,cash_on_delivery,pickup,,,2024-11
4908,ORD-20240330-04908,409,2024-03-30,pendiente,2268.42,14,270,476.37,2697.21,bank_transfer,same_day,,,2024-03
4909,ORD-20230307-04909,27,2023-03-07,procesando,2065.51,0,40,433.76,2539.27,bank_transfer,pickup,,,2023-03
4910,ORD-20230411-04910,499,2023-04-11,cancelado,638.42,20,260,134.07,904.81,credit_card,standard,10.0,,2023-04
4911,ORD-20230706-04911,435,2023-07-06,cancelado,3226.58,20,340,677.58,3598.84,bank_transfer,standard,,,2023-07
4912,ORD-20250605-04912,324,2025-06-05,enviado,1038.29,11,260,218.04,1402.12,bank_transfer,pickup,,,2025-06
4913,ORD-20240531-04913,495,2024-05-31,pendiente,1198.44,17,130,251.67,1376.38,cash_on_delivery,standard,,,2024-05
4914,ORD-20251116-04914,199,2025-11-16,pendiente,3078.34,11,250,646.45,3636.17,debit_card,express,,,2025-11
4915,ORD-20250808-04915,485,2025-08-08,cancelado,2246.72,14,30,471.81,2433.99,cash_on_delivery,express,4.0,Nota del cliente: Envolver para regalo,2025-08
4916,ORD-20230605-04916,16,2023-06-05,enviado,2374.67,18,230,498.68,2675.91,paypal,same_day,9.0,,2023-06
4917,ORD-20251002-04917,474,2025-10-02,procesando,2572.69,14,260,540.26,3012.77,paypal,pickup,,,2025-10
4918,ORD-20230519-04918,402,2023-05-19,enviado,2324.61,6,260,488.17,2933.3,debit_card,standard,,,2023-05
4919,ORD-20250402-04919,455,2025-04-02,cancelado,2418.98,8,360,507.99,3093.45,cash_on_delivery,express,4.0,,2025-04
4920,ORD-20251125-04920,456,2025-11-25,pendiente,1312.26,8,420,275.57,1902.85,credit_card,standard,,,2025-11
4921,ORD-20230412-04921,190,2023-04-12,procesando,2298.25,4,190,482.63,2878.95,credit_card,pickup,,Nota del cliente: Dejar en portería,2023-04
4922,ORD-20240128-04922,272,2024-01-28,enviado,4326.32,14,500,908.53,5129.17,credit_card,same_day,,,2024-01
4923,ORD-20250925-04923,440,2025-09-25,enviado,2765.5,6,230,580.76,3410.33,credit_card,standard,,,2025-09
4924,ORD-20250825-04924,207,2025-08-25,procesando,6042.1,2,420,1268.84,7610.1,cash_on_delivery,pickup,,,2025-08
4925,ORD-20230323-04925,293,2023-03-23,enviado,1678.88,8,420,352.56,2317.13,cash_on_delivery,standard,,,2023-03
4926,ORD-20250109-04926,475,2025-01-09,cancelado,533.52,3,330,112.04,959.55,credit_card,express,,,2025-01
4927,ORD-20250622-04927,346,2025-06-22,enviado,1078.54,17,300,226.49,1421.68,cash_on_delivery,express,,,2025-06
4928,ORD-20250303-04928,67,2025-03-03,entregado,1355.7,8,290,284.7,1821.94,paypal,same_day,,,2025-03
4929,ORD-20231126-04929,188,2023-11-26,entregado,4320.55,19,190,907.32,4596.97,bank_transfer,pickup,,,2023-11
4930,ORD-20240418-04930,235,2024-04-18,pendiente,2154.76,6,460,452.5,2937.97,paypal,same_day,,,2024-04
4931,ORD-20250721-04931,125,2025-07-21,entregado,3386.75,6,10,711.22,3904.77,credit_card,pickup,,,2025-07
4932,ORD-20240122-04932,300,2024-01-22,cancelado,3392.36,7,370,712.4,4237.29,credit_card,standard,,,2024-01
4933,ORD-20230119-04933,268,2023-01-19,procesando,599.99,16,130,126.0,759.99,credit_card,same_day,,,2023-01
4934,ORD-20240217-04934,150,2024-02-17,cancelado,1392.69,6,280,292.46,1881.59,credit_card,standard,,,2024-02
4935,ORD-20241212-04935,197,2024-12-12,procesando,4192.03,2,290,880.33,5278.52,credit_card,same_day,,,2024-12
4936,ORD-20240515-04936,444,2024-05-15,entregado,460.63,5,350,96.73,884.33,cash_on_delivery,standard,,,2024-05
4937,ORD-20240108-04937,147,2024-01-08,procesando,1440.96,19,380,302.6,1849.78,bank_transfer,standard,,,2024-01
4938,ORD-20230621-04938,229,2023-06-21,cancelado,3172.59,18,450,666.24,3717.76,cash_on_delivery,pickup,,,2023-06
4939,ORD-20230508-04939,343,2023-05-08,enviado,2361.26,15,180,495.86,2682.93,paypal,same_day,,,2023-05
4940,ORD-20240216-04940,393,2024-02-16,procesando,1527.44,13,40,320.76,1689.63,bank_transfer,pickup,,,2024-02
4941,ORD-20230419-04941,446,2023-04-19,pendiente,619.58,4,390,130.11,1114.91,bank_transfer,pickup,5.0,Nota del cliente: Envolver para regalo,2023-04
4942,ORD-20251103-04942,375,2025-11-03,enviado,773.64,13,280,162.46,1115.53,paypal,pickup,,,2025-11
4943,ORD-20240801-04943,428,2024-08-01,procesando,1038.72,0,420,218.13,1676.85,paypal,standard,5.0,,2024-08
4944,ORD-20240928-04944,368,2024-09-28,pendiente,1035.6,16,340,217.48,1427.38,debit_card,same_day,,,2024-09
4945,ORD-20240128-04945,173,2024-01-28,enviado,492.14,4,290,103.35,865.8,bank_transfer,same_day,,,2024-01
4946,ORD-20250311-04946,427,2025-03-11,entregado,3803.48,7,50,798.73,4385.97,credit_card,express,1.0,,2025-03
4947,ORD-20231203-04947,259,2023-12-03,entregado,5069.45,2,40,1064.58,6072.64,bank_transfer,standard,,,2023-12
4948,ORD-20230318-04948,168,2023-03-18,enviado,2835.54,6,270,595.46,3530.87,cash_on_delivery,pickup,2.0,,2023-03
4949,ORD-20241116-04949,279,2024-11-16,pendiente,4260.32,16,410,894.67,4883.34,paypal,express,,Nota del cliente: Envolver para regalo,2024-11
4950,ORD-20250508-04950,52,2025-05-08,procesando,1220.82,10,120,256.37,1475.11,cash_on_delivery,express,,,2025-05
4951,ORD-20231206-04951,346,2023-12-06,cancelado,1155.69,10,380,242.69,1662.81,debit_card,pickup,,,2023-12
4952,ORD-20250827-04952,250,2025-08-27,entregado,1388.85,0,10,291.66,1690.51,bank_transfer,pickup,,,2025-08
4953,ORD-20240424-04953,150,2024-04-24,entregado,782.93,9,250,164.42,1126.89,bank_transfer,express,,,2024-04
4954,ORD-20250320-04954,30,2025-03-20,procesando,2310.15,16,310,485.13,2735.66,debit_card,pickup,,,2025-03
4955,ORD-20240810-04955,441,2024-08-10,cancelado,2931.69,1,170,615.65,3688.02,cash_on_delivery,same_day,,,2024-08
4956,ORD-20250519-04956,320,2025-05-19,pendiente,2698.85,12,400,566.76,3341.75,debit_card,standard,6.0,,2025-05
4957,ORD-20250719-04957,108,2025-07-19,procesando,577.36,20,340,121.25,923.14,credit_card,same_day,,,2025-07
4958,ORD-20240515-04958,263,2024-05-15,procesando,1612.0,17,310,338.52,1986.48,cash_on_delivery,same_day,1.0,,2024-05
4959,ORD-20250603-04959,443,2025-06-03,procesando,3879.12,5,130,814.62,4629.78,paypal,same_day,6.0,,2025-06
4960,ORD-20230511-04960,296,2023-05-11,enviado,3351.24,12,150,703.76,3802.85,paypal,standard,,,2023-05
4961,ORD-20240405-04961,333,2024-04-05,pendiente,1701.76,5,280,357.37,2254.04,credit_card,pickup,,,2024-04
4962,ORD-20240722-04962,4,2024-07-22,entregado,1735.23,1,310,364.4,2392.28,cash_on_delivery,same_day,,,2024-07
4963,ORD-20240519-04963,44,2024-05-19,cancelado,1355.7,3,170,284.7,1769.73,bank_transfer,standard,,,2024-05
4964,ORD-20251009-04964,230,2025-10-09,pendiente,4250.43,17,350,892.59,4770.45,bank_transfer,standard,,Nota del cliente: Llamar antes,2025-10
4965,ORD-20240807-04965,491,2024-08-07,entregado,1010.25,6,460,212.15,1621.79,bank_transfer,same_day,,,2024-08
4966,ORD-20231112-04966,203,2023-11-12,entregado,60.33,1,10,12.67,82.4,bank_transfer,standard,9.0,,2023-11
4967,ORD-20250926-04967,50,2025-09-26,cancelado,4856.48,9,420,1019.86,5859.26,cash_on_delivery,express,,Nota del cliente: Entregar por la tarde,2025-09
4968,ORD-20231011-04968,288,2023-10-11,cancelado,888.36,15,320,186.56,1261.67,bank_transfer,pickup,,,2023-10
4969,ORD-20250113-04969,474,2025-01-13,pendiente,2076.87,0,380,436.14,2893.01,cash_on_delivery,same_day,4.0,,2025-01
4970,ORD-20250806-04970,189,2025-08-06,entregado,716.57,1,220,150.48,1079.88,credit_card,pickup,6.0,Nota del cliente: Envolver para regalo,2025-08
4971,ORD-20230215-04971,447,2023-02-15,procesando,2023.0,7,380,424.83,2686.22,bank_transfer,same_day,,Nota del cliente: Entregar por la tarde,2023-02
4972,ORD-20241113-04972,286,2024-11-13,cancelado,3688.39,12,170,774.56,4190.34,paypal,same_day,,,2024-11
4973,ORD-20240107-04973,184,2024-01-07,enviado,1079.0,17,80,226.59,1202.16,debit_card,pickup,,Nota del cliente: Llamar antes,2024-01
4974,ORD-20241014-04974,148,2024-10-14,cancelado,2159.48,0,310,453.49,2922.97,cash_on_delivery,same_day,,,2024-10
4975,ORD-20231030-04975,407,2023-10-30,enviado,1776.72,2,360,373.11,2474.3,bank_transfer,same_day,4.0,,2023-10
4976,ORD-20250626-04976,298,2025-06-26,enviado,2550.25,18,40,535.55,2666.76,bank_transfer,standard,,,2025-06
4977,ORD-20250404-04977,420,2025-04-04,pendiente,2228.56,14,260,468.0,2644.56,credit_card,standard,,,2025-04
4978,ORD-20240701-04978,38,2024-07-01,enviado,1544.77,14,310,324.4,1962.9,paypal,same_day,5.0,Nota del cliente: Llamar antes,2024-07
4979,ORD-20231016-04979,367,2023-10-16,cancelado,1543.24,10,480,324.08,2193.0,debit_card,same_day,6.0,,2023-10
4980,ORD-20240929-04980,198,2024-09-29,entregado,3421.77,3,260,718.57,4297.69,paypal,same_day,,,2024-09
4981,ORD-20240209-04981,320,2024-02-09,enviado,3054.5,12,200,641.45,3529.41,cash_on_delivery,pickup,,,2024-02
4982,ORD-20230428-04982,316,2023-04-28,pendiente,4073.6,10,350,855.46,4871.7,cash_on_delivery,pickup,4.0,,2023-04
4983,ORD-20230224-04983,392,2023-02-24,pendiente,2705.5,13,490,568.16,3411.95,bank_transfer,standard,,,2023-02
4984,ORD-20250131-04984,81,2025-01-31,procesando,1151.98,3,500,241.92,1859.34,bank_transfer,pickup,1.0,,2025-01
4985,ORD-20250516-04985,424,2025-05-16,procesando,1071.96,12,150,225.11,1318.43,paypal,standard,,,2025-05
4986,ORD-20230204-04986,258,2023-02-04,entregado,24.45,5,80,5.13,108.36,paypal,same_day,10.0,,2023-02
4987,ORD-20250531-04987,84,2025-05-31,enviado,710.29,13,390,149.16,1157.11,bank_transfer,standard,,,2025-05
4988,ORD-20240625-04988,354,2024-06-25,pendiente,2478.58,9,340,520.5,3116.01,cash_on_delivery,express,,Nota del cliente: Dejar en portería,2024-06
4989,ORD-20240221-04989,207,2024-02-21,pendiente,392.86,13,330,82.5,754.29,bank_transfer,same_day,,,2024-02
4990,ORD-20230608-04990,241,2023-06-08,entregado,1805.25,17,120,379.1,1997.46,paypal,express,3.0,,2023-06
4991,ORD-20230814-04991,300,2023-08-14,entregado,3417.29,3,90,717.63,4122.4,cash_on_delivery,pickup,8.0,,2023-08
4992,ORD-20250529-04992,289,2025-05-29,procesando,5163.32,10,170,1084.3,5901.29,debit_card,express,,,2025-05
4993,ORD-20251028-04993,305,2025-10-28,procesando,1587.15,8,420,333.3,2213.48,credit_card,same_day,,,2025-10
4994,ORD-20230929-04994,298,2023-09-29,enviado,2670.72,3,130,560.85,3281.45,debit_card,pickup,,,2023-09
4995,ORD-20251004-04995,80,2025-10-04,pendiente,3112.85,11,120,653.7,3544.14,cash_on_delivery,standard,,,2025-10
4996,ORD-20230515-04996,108,2023-05-15,pendiente,3367.91,18,340,707.26,3808.95,debit_card,express,,,2023-05
4997,ORD-20240707-04997,466,2024-07-07,procesando,1014.27,10,320,213.0,1445.84,cash_on_delivery,same_day,,,2024-07
4998,ORD-20230115-04998,355,2023-01-15,enviado,47.97,10,40,10.07,93.24,debit_card,same_day,,,2023-01
4999,ORD-20251115-04999,409,2025-11-15,cancelado,2738.81,9,240,575.15,3307.47,credit_card,express,,,2025-11
5000,ORD-20251123-05000,155,2025-11-23,cancelado,3825.89,16,30,803.44,4047.19,credit_card,same_day,2.0,,2025-11
