order_item_id,order_id,product_id,quantity,unit_price,subtotal
1,1,39,2,259.68,519.36
2,1,2,5,13.76,68.8
3,1,83,1,470.19,470.19
4,1,55,4,47.97,191.88
5,2,87,3,485.79,1457.37
6,3,49,5,168.14,840.7
7,3,61,1,309.79,309.79
8,4,85,3,65.06,195.18
9,4,16,1,54.7,54.7
10,4,15,3,31.65,94.95
11,4,26,4,20.11,80.44
12,4,12,2,195.25,390.5
13,5,44,3,183.81,551.43
14,5,61,1,309.79,309.79
15,5,86,1,405.91,405.91
16,5,14,3,40.76,122.28
17,5,6,4,386.9,1547.6
18,6,16,1,54.7,54.7
19,7,47,3,288.68,866.04
20,7,69,1,64.44,64.44
21,7,38,4,293.18,1172.72
22,7,19,4,59.16,236.64
23,8,40,3,225.49,676.47
24,8,12,3,195.25,585.75
25,8,48,3,160.97,482.91
26,8,90,1,420.61,420.61
27,8,62,2,444.18,888.36
28,9,10,5,360.58,1802.9
29,9,69,2,64.44,128.88
30,10,73,2,446.53,893.06
31,10,21,4,360.32,1441.28
32,10,74,1,463.46,463.46
33,10,51,3,290.5,871.5
34,11,42,4,241.8,967.2
35,11,57,2,55.56,111.12
36,11,67,1,319.21,319.21
37,11,38,3,293.18,879.54
38,11,24,4,386.82,1547.28
39,12,67,3,319.21,957.63
40,12,89,2,133.38,266.76
41,12,34,5,435.95,2179.75
42,13,56,2,208.09,416.18
43,13,26,3,20.11,60.33
44,13,15,4,31.65,126.6
45,14,63,4,380.74,1522.96
46,15,21,1,360.32,360.32
47,15,68,1,488.86,488.86
48,15,47,1,288.68,288.68
49,16,21,1,360.32,360.32
50,16,43,2,365.01,730.02
51,17,33,4,99.83,399.32
52,17,48,2,160.97,321.94
53,17,18,2,111.88,223.76
54,18,12,2,195.25,390.5
55,18,30,5,193.42,967.1
56,18,92,3,267.01,801.03
57,19,32,2,100.46,200.92
58,19,24,4,386.82,1547.28
59,19,75,3,190.13,570.39
60,19,64,4,404.34,1617.36
61,19,82,2,327.17,654.34
62,20,47,4,288.68,1154.72
63,20,70,4,380.26,1521.04
64,20,90,1,420.61,420.61
65,21,32,4,100.46,401.84
66,21,19,5,59.16,295.8
67,21,3,1,275.8,275.8
68,22,30,5,193.42,967.1
69,22,39,2,259.68,519.36
70,22,23,2,157.5,315
71,22,32,3,100.46,301.38
72,23,38,3,293.18,879.54
73,23,48,2,160.97,321.94
74,24,27,5,109.12,545.6
75,24,25,1,392.86,392.86
76,24,98,4,152.13,608.52
77,25,98,5,152.13,760.65
78,25,84,5,362.77,1813.85
79,25,63,3,380.74,1142.22
80,25,78,1,441.78,441.78
81,26,9,5,93.48,467.4
82,26,19,4,59.16,236.64
83,26,4,5,217.56,1087.8
84,26,79,5,460.63,2303.15
85,26,11,2,300.33,600.66
86,27,94,3,443.5,1330.5
87,27,83,2,470.19,940.38
88,27,77,1,493.21,493.21
89,27,55,2,47.97,95.94
90,28,73,5,446.53,2232.65
91,28,67,4,319.21,1276.84
92,28,62,1,444.18,444.18
93,28,31,4,492.66,1970.64
94,29,2,1,13.76,13.76
95,29,18,3,111.88,335.64
96,30,6,4,386.9,1547.6
97,30,55,5,47.97,239.85
98,30,6,2,386.9,773.8
99,30,19,4,59.16,236.64
100,30,6,1,386.9,386.9
101,31,24,2,386.82,773.64
102,32,14,1,40.76,40.76
103,32,93,3,389.08,1167.24
104,32,87,5,485.79,2428.95
105,32,84,3,362.77,1088.31
106,33,40,1,225.49,225.49
107,33,69,1,64.44,64.44
108,34,12,5,195.25,976.25
109,34,76,1,283.55,283.55
110,34,39,2,259.68,519.36
111,34,25,2,392.86,785.72
112,35,63,5,380.74,1903.7
113,35,86,1,405.91,405.91
114,35,76,3,283.55,850.65
115,35,66,3,102.27,306.81
116,35,70,4,380.26,1521.04
117,36,98,2,152.13,304.26
118,36,61,4,309.79,1239.16
119,36,98,5,152.13,760.65
120,37,23,3,157.5,472.5
121,37,14,3,40.76,122.28
122,37,6,2,386.9,773.8
123,38,29,5,118.85,594.25
124,38,31,3,492.66,1477.98
125,38,57,3,55.56,166.68
126,38,38,1,293.18,293.18
127,39,15,1,31.65,31.65
128,39,69,2,64.44,128.88
129,39,38,3,293.18,879.54
130,39,86,1,405.91,405.91
131,40,79,5,460.63,2303.15
132,40,7,3,102.83,308.49
133,40,93,1,389.08,389.08
134,40,5,2,175.97,351.94
135,40,71,4,234.88,939.52
136,41,66,4,102.27,409.08
137,42,48,2,160.97,321.94
138,42,1,2,263.13,526.26
139,42,80,3,135.98,407.94
140,43,70,3,380.26,1140.78
141,43,77,3,493.21,1479.63
142,43,75,2,190.13,380.26
143,43,7,2,102.83,205.66
144,44,19,4,59.16,236.64
145,44,10,2,360.58,721.16
146,45,81,3,69.38,208.14
147,45,31,4,492.66,1970.64
148,45,15,5,31.65,158.25
149,45,59,2,132.49,264.98
150,46,70,5,380.26,1901.3
151,46,75,2,190.13,380.26
152,46,13,1,260.92,260.92
153,46,72,3,257.72,773.16
154,46,19,4,59.16,236.64
155,47,31,2,492.66,985.32
156,48,84,4,362.77,1451.08
157,48,12,1,195.25,195.25
158,49,86,1,405.91,405.91
159,50,88,2,322.06,644.12
160,50,22,5,271.14,1355.7
161,50,8,4,297.2,1188.8
162,50,33,2,99.83,199.66
163,50,48,3,160.97,482.91
164,51,1,3,263.13,789.39
165,52,1,1,263.13,263.13
166,53,35,2,121.6,243.2
167,53,80,5,135.98,679.9
168,54,15,4,31.65,126.6
169,54,98,1,152.13,152.13
170,54,88,3,322.06,966.18
171,55,57,4,55.56,222.24
172,56,95,4,397.59,1590.36
173,56,17,5,375.79,1878.95
174,56,16,1,54.7,54.7
175,56,69,5,64.44,322.2
176,56,93,3,389.08,1167.24
177,57,97,4,337.32,1349.28
178,57,17,2,375.79,751.58
179,58,71,3,234.88,704.64
180,58,81,5,69.38,346.9
181,58,53,4,105.42,421.68
182,58,1,4,263.13,1052.52
183,58,62,1,444.18,444.18
184,59,91,1,336.75,336.75
185,59,25,4,392.86,1571.44
186,59,3,3,275.8,827.4
187,60,36,1,146.18,146.18
188,60,22,5,271.14,1355.7
189,60,66,5,102.27,511.35
190,61,62,2,444.18,888.36
191,62,69,4,64.44,257.76
192,62,10,3,360.58,1081.74
193,62,96,1,24.45,24.45
194,62,74,4,463.46,1853.84
195,62,13,4,260.92,1043.68
196,63,88,5,322.06,1610.3
197,63,96,4,24.45,97.8
198,64,87,2,485.79,971.58
199,64,62,4,444.18,1776.72
200,65,25,1,392.86,392.86
201,66,50,1,58.66,58.66
202,66,70,2,380.26,760.52
203,67,40,3,225.49,676.47
204,68,51,1,290.5,290.5
205,69,89,1,133.38,133.38
206,69,95,5,397.59,1987.95
207,69,20,2,411.46,822.92
208,69,33,1,99.83,99.83
209,69,95,5,397.59,1987.95
210,70,63,1,380.74,380.74
211,70,60,5,317.43,1587.15
212,71,100,3,479.73,1439.19
213,71,32,5,100.46,502.3
214,71,28,3,299.14,897.42
215,71,38,5,293.18,1465.9
216,71,84,3,362.77,1088.31
217,72,34,1,435.95,435.95
218,72,7,5,102.83,514.15
219,72,11,2,300.33,600.66
220,73,1,5,263.13,1315.65
221,73,20,5,411.46,2057.3
222,73,51,1,290.5,290.5
223,74,81,3,69.38,208.14
224,74,95,2,397.59,795.18
225,75,39,2,259.68,519.36
226,76,10,1,360.58,360.58
227,76,32,2,100.46,200.92
228,77,77,4,493.21,1972.84
229,77,67,4,319.21,1276.84
230,77,39,4,259.68,1038.72
231,78,69,1,64.44,64.44
232,79,100,2,479.73,959.46
233,79,92,4,267.01,1068.04
234,80,60,4,317.43,1269.72
235,80,98,3,152.13,456.39
236,80,29,2,118.85,237.7
237,80,77,1,493.21,493.21
238,80,7,2,102.83,205.66
239,81,21,2,360.32,720.64
240,82,57,5,55.56,277.8
241,83,98,3,152.13,456.39
242,84,73,2,446.53,893.06
243,84,38,2,293.18,586.36
244,84,59,1,132.49,132.49
245,85,47,2,288.68,577.36
246,85,94,4,443.5,1774
247,85,14,4,40.76,163.04
248,86,67,5,319.21,1596.05
249,86,11,1,300.33,300.33
250,87,16,1,54.7,54.7
251,87,52,3,134.43,403.29
252,87,29,5,118.85,594.25
253,88,3,1,275.8,275.8
254,88,65,5,103.56,517.8
255,88,86,4,405.91,1623.64
256,88,52,2,134.43,268.86
257,88,93,1,389.08,389.08
258,89,77,2,493.21,986.42
259,89,19,2,59.16,118.32
260,89,80,1,135.98,135.98
261,90,16,2,54.7,109.4
262,90,87,4,485.79,1943.16
263,90,6,5,386.9,1934.5
264,90,61,1,309.79,309.79
265,91,88,2,322.06,644.12
266,91,79,2,460.63,921.26
267,91,73,1,446.53,446.53
268,91,19,1,59.16,59.16
269,91,94,5,443.5,2217.5
270,92,79,5,460.63,2303.15
271,92,83,3,470.19,1410.57
272,92,72,4,257.72,1030.88
273,92,17,2,375.79,751.58
274,92,3,1,275.8,275.8
275,93,65,2,103.56,207.12
276,93,26,3,20.11,60.33
277,93,22,1,271.14,271.14
278,93,71,4,234.88,939.52
279,93,14,1,40.76,40.76
280,94,12,3,195.25,585.75
281,94,82,4,327.17,1308.68
282,94,89,1,133.38,133.38
283,94,15,5,31.65,158.25
284,94,69,5,64.44,322.2
285,95,82,1,327.17,327.17
286,95,5,3,175.97,527.91
287,95,98,3,152.13,456.39
288,96,8,1,297.2,297.2
289,96,99,2,403.91,807.82
290,97,53,1,105.42,105.42
291,97,3,1,275.8,275.8
292,97,5,1,175.97,175.97
293,98,77,4,493.21,1972.84
294,98,71,1,234.88,234.88
295,98,12,3,195.25,585.75
296,98,9,1,93.48,93.48
297,99,83,1,470.19,470.19
298,100,55,3,47.97,143.91
299,100,36,3,146.18,438.54
300,100,98,3,152.13,456.39
301,101,18,5,111.88,559.4
302,101,34,1,435.95,435.95
303,101,52,2,134.43,268.86
304,101,46,5,455.87,2279.35
305,101,65,3,103.56,310.68
306,102,73,5,446.53,2232.65
307,102,71,2,234.88,469.76
308,102,40,4,225.49,901.96
309,102,28,1,299.14,299.14
310,103,68,4,488.86,1955.44
311,104,42,3,241.8,725.4
312,104,63,1,380.74,380.74
313,104,40,5,225.49,1127.45
314,105,24,4,386.82,1547.28
315,105,33,1,99.83,99.83
316,106,99,2,403.91,807.82
317,106,23,3,157.5,472.5
318,106,64,5,404.34,2021.7
319,107,63,5,380.74,1903.7
320,107,15,5,31.65,158.25
321,107,99,5,403.91,2019.55
322,107,90,5,420.61,2103.05
323,108,67,5,319.21,1596.05
324,108,99,4,403.91,1615.64
325,109,46,3,455.87,1367.61
326,109,72,4,257.72,1030.88
327,109,40,5,225.49,1127.45
328,109,36,2,146.18,292.36
329,110,12,3,195.25,585.75
330,110,4,5,217.56,1087.8
331,111,51,3,290.5,871.5
332,111,55,3,47.97,143.91
333,111,94,2,443.5,887
334,111,5,2,175.97,351.94
335,111,50,2,58.66,117.32
336,112,99,1,403.91,403.91
337,113,92,4,267.01,1068.04
338,114,92,3,267.01,801.03
339,114,61,3,309.79,929.37
340,114,55,4,47.97,191.88
341,114,2,1,13.76,13.76
342,114,3,2,275.8,551.6
343,115,24,4,386.82,1547.28
344,116,83,5,470.19,2350.95
345,116,80,5,135.98,679.9
346,116,94,1,443.5,443.5
347,117,6,4,386.9,1547.6
348,117,54,4,345.07,1380.28
349,117,38,2,293.18,586.36
350,118,92,4,267.01,1068.04
351,118,32,4,100.46,401.84
352,118,60,2,317.43,634.86
353,119,77,2,493.21,986.42
354,119,50,2,58.66,117.32
355,119,29,1,118.85,118.85
356,119,78,2,441.78,883.56
357,119,55,3,47.97,143.91
358,120,88,1,322.06,322.06
359,120,25,4,392.86,1571.44
360,120,40,3,225.49,676.47
361,121,81,4,69.38,277.52
362,122,41,5,71.84,359.2
363,122,82,2,327.17,654.34
364,122,28,3,299.14,897.42
365,122,17,5,375.79,1878.95
366,123,31,4,492.66,1970.64
367,123,29,4,118.85,475.4
368,123,25,3,392.86,1178.58
369,123,41,3,71.84,215.52
370,123,9,5,93.48,467.4
371,124,12,4,195.25,781
372,124,59,3,132.49,397.47
373,124,55,1,47.97,47.97
374,124,14,3,40.76,122.28
375,125,26,5,20.11,100.55
376,125,30,2,193.42,386.84
377,126,37,4,121.39,485.56
378,126,21,4,360.32,1441.28
379,126,88,3,322.06,966.18
380,126,27,4,109.12,436.48
381,126,23,4,157.5,630
382,127,68,1,488.86,488.86
383,127,42,1,241.8,241.8
384,127,8,1,297.2,297.2
385,128,13,5,260.92,1304.6
386,128,74,1,463.46,463.46
387,128,70,4,380.26,1521.04
388,128,72,1,257.72,257.72
389,129,18,5,111.88,559.4
390,129,92,2,267.01,534.02
391,129,58,2,260.13,520.26
392,130,15,3,31.65,94.95
393,131,14,2,40.76,81.52
394,132,87,4,485.79,1943.16
395,132,29,5,118.85,594.25
396,132,42,1,241.8,241.8
397,132,62,2,444.18,888.36
398,132,64,1,404.34,404.34
399,133,88,4,322.06,1288.24
400,134,30,3,193.42,580.26
401,134,55,4,47.97,191.88
402,134,88,1,322.06,322.06
403,134,51,5,290.5,1452.5
404,134,40,4,225.49,901.96
405,135,17,2,375.79,751.58
406,135,73,4,446.53,1786.12
407,135,9,2,93.48,186.96
408,136,53,5,105.42,527.1
409,137,43,5,365.01,1825.05
410,137,73,3,446.53,1339.59
411,138,58,3,260.13,780.39
412,138,35,4,121.6,486.4
413,139,47,3,288.68,866.04
414,139,58,2,260.13,520.26
415,139,62,2,444.18,888.36
416,140,44,5,183.81,919.05
417,140,5,4,175.97,703.88
418,140,77,1,493.21,493.21
419,141,74,1,463.46,463.46
420,142,15,2,31.65,63.3
421,142,82,5,327.17,1635.85
422,143,99,4,403.91,1615.64
423,143,53,3,105.42,316.26
424,143,36,2,146.18,292.36
425,143,22,2,271.14,542.28
426,143,97,5,337.32,1686.6
427,144,52,2,134.43,268.86
428,145,84,2,362.77,725.54
429,145,20,1,411.46,411.46
430,145,3,5,275.8,1379
431,145,47,1,288.68,288.68
432,145,45,3,184.89,554.67
433,146,5,1,175.97,175.97
434,147,96,5,24.45,122.25
435,147,11,1,300.33,300.33
436,147,30,4,193.42,773.68
437,147,28,2,299.14,598.28
438,147,97,5,337.32,1686.6
439,148,55,1,47.97,47.97
440,148,8,2,297.2,594.4
441,148,50,4,58.66,234.64
442,149,8,5,297.2,1486
443,150,37,1,121.39,121.39
444,151,91,1,336.75,336.75
445,151,11,2,300.33,600.66
446,152,83,1,470.19,470.19
447,152,71,1,234.88,234.88
448,152,66,1,102.27,102.27
449,153,84,4,362.77,1451.08
450,153,96,1,24.45,24.45
451,153,17,4,375.79,1503.16
452,153,27,5,109.12,545.6
453,153,51,5,290.5,1452.5
454,154,31,1,492.66,492.66
455,154,37,4,121.39,485.56
456,154,12,2,195.25,390.5
457,154,83,2,470.19,940.38
458,155,9,4,93.48,373.92
459,155,36,1,146.18,146.18
460,156,19,3,59.16,177.48
461,156,29,4,118.85,475.4
462,156,38,5,293.18,1465.9
463,156,98,2,152.13,304.26
464,156,31,3,492.66,1477.98
465,157,99,2,403.91,807.82
466,157,63,2,380.74,761.48
467,158,25,1,392.86,392.86
468,158,53,2,105.42,210.84
469,158,39,2,259.68,519.36
470,158,40,1,225.49,225.49
471,158,8,2,297.2,594.4
472,159,70,2,380.26,760.52
473,159,19,2,59.16,118.32
474,159,36,5,146.18,730.9
475,160,8,3,297.2,891.6
476,160,18,4,111.88,447.52
477,161,97,4,337.32,1349.28
478,161,36,1,146.18,146.18
479,161,78,5,441.78,2208.9
480,161,72,4,257.72,1030.88
481,162,58,2,260.13,520.26
482,163,52,1,134.43,134.43
483,163,76,3,283.55,850.65
484,164,65,1,103.56,103.56
485,164,58,1,260.13,260.13
486,164,43,3,365.01,1095.03
487,165,14,2,40.76,81.52
488,165,29,5,118.85,594.25
489,165,32,3,100.46,301.38
490,165,29,2,118.85,237.7
491,165,21,5,360.32,1801.6
492,166,16,2,54.7,109.4
493,166,92,3,267.01,801.03
494,166,20,4,411.46,1645.84
495,166,10,1,360.58,360.58
496,166,56,1,208.09,208.09
497,167,37,2,121.39,242.78
498,167,98,5,152.13,760.65
499,167,96,1,24.45,24.45
500,167,81,1,69.38,69.38
501,168,96,3,24.45,73.35
502,168,75,3,190.13,570.39
503,168,87,4,485.79,1943.16
504,168,72,1,257.72,257.72
505,168,29,4,118.85,475.4
506,169,62,4,444.18,1776.72
507,169,7,5,102.83,514.15
508,170,58,3,260.13,780.39
509,170,40,5,225.49,1127.45
510,171,53,5,105.42,527.1
511,171,53,4,105.42,421.68
512,171,30,3,193.42,580.26
513,171,72,5,257.72,1288.6
514,172,30,1,193.42,193.42
515,172,39,1,259.68,259.68
516,172,7,2,102.83,205.66
517,172,93,1,389.08,389.08
518,173,84,1,362.77,362.77
519,173,63,2,380.74,761.48
520,174,74,2,463.46,926.92
521,175,82,3,327.17,981.51
522,175,84,5,362.77,1813.85
523,175,85,3,65.06,195.18
524,175,64,2,404.34,808.68
525,175,31,4,492.66,1970.64
526,176,61,3,309.79,929.37
527,176,62,2,444.18,888.36
528,176,7,1,102.83,102.83
529,176,35,1,121.6,121.6
530,177,70,3,380.26,1140.78
531,177,95,5,397.59,1987.95
532,178,94,1,443.5,443.5
533,178,22,1,271.14,271.14
534,178,21,2,360.32,720.64
535,178,29,4,118.85,475.4
536,178,96,4,24.45,97.8
537,179,32,2,100.46,200.92
538,179,37,1,121.39,121.39
539,179,28,5,299.14,1495.7
540,180,2,5,13.76,68.8
541,180,8,3,297.2,891.6
542,180,23,2,157.5,315
543,180,72,1,257.72,257.72
544,181,44,3,183.81,551.43
545,181,86,1,405.91,405.91
546,181,37,4,121.39,485.56
547,182,27,4,109.12,436.48
548,182,43,2,365.01,730.02
549,182,33,3,99.83,299.49
550,182,56,5,208.09,1040.45
551,183,7,5,102.83,514.15
552,183,69,4,64.44,257.76
553,183,100,3,479.73,1439.19
554,184,14,4,40.76,163.04
555,185,8,4,297.2,1188.8
556,186,71,1,234.88,234.88
557,187,80,3,135.98,407.94
558,187,40,4,225.49,901.96
559,188,100,3,479.73,1439.19
560,188,68,3,488.86,1466.58
561,188,55,4,47.97,191.88
562,189,5,2,175.97,351.94
563,189,82,2,327.17,654.34
564,189,10,4,360.58,1442.32
565,189,98,2,152.13,304.26
566,189,69,4,64.44,257.76
567,190,58,5,260.13,1300.65
568,190,56,5,208.09,1040.45
569,190,91,1,336.75,336.75
570,190,30,5,193.42,967.1
571,191,63,3,380.74,1142.22
572,191,65,1,103.56,103.56
573,191,63,1,380.74,380.74
574,191,36,3,146.18,438.54
575,191,100,2,479.73,959.46
576,192,90,2,420.61,841.22
577,193,88,1,322.06,322.06
578,194,39,3,259.68,779.04
579,194,22,3,271.14,813.42
580,195,84,5,362.77,1813.85
581,195,38,2,293.18,586.36
582,195,31,1,492.66,492.66
583,196,24,4,386.82,1547.28
584,196,66,3,102.27,306.81
585,197,67,3,319.21,957.63
586,198,96,4,24.45,97.8
587,199,82,1,327.17,327.17
588,200,21,5,360.32,1801.6
589,201,82,5,327.17,1635.85
590,201,24,2,386.82,773.64
591,201,76,1,283.55,283.55
592,201,94,5,443.5,2217.5
593,201,26,5,20.11,100.55
594,202,99,5,403.91,2019.55
595,202,22,4,271.14,1084.56
596,203,39,1,259.68,259.68
597,203,96,5,24.45,122.25
598,203,22,5,271.14,1355.7
599,203,75,4,190.13,760.52
600,204,27,4,109.12,436.48
601,204,83,4,470.19,1880.76
602,205,94,2,443.5,887
603,205,1,5,263.13,1315.65
604,205,97,4,337.32,1349.28
605,205,74,2,463.46,926.92
606,205,41,5,71.84,359.2
607,206,7,3,102.83,308.49
608,206,98,4,152.13,608.52
609,206,23,5,157.5,787.5
610,206,20,2,411.46,822.92
611,206,58,1,260.13,260.13
612,207,43,3,365.01,1095.03
613,207,90,5,420.61,2103.05
614,207,13,2,260.92,521.84
615,208,88,2,322.06,644.12
616,208,14,5,40.76,203.8
617,209,9,2,93.48,186.96
618,209,58,5,260.13,1300.65
619,210,32,4,100.46,401.84
620,211,55,3,47.97,143.91
621,211,6,1,386.9,386.9
622,211,26,1,20.11,20.11
623,211,33,4,99.83,399.32
624,211,84,4,362.77,1451.08
625,212,8,3,297.2,891.6
626,212,96,5,24.45,122.25
627,213,2,4,13.76,55.04
628,213,78,5,441.78,2208.9
629,213,86,4,405.91,1623.64
630,213,76,3,283.55,850.65
631,214,97,5,337.32,1686.6
632,214,87,5,485.79,2428.95
633,215,93,3,389.08,1167.24
634,215,53,3,105.42,316.26
635,215,11,4,300.33,1201.32
636,215,75,1,190.13,190.13
637,215,57,3,55.56,166.68
638,216,82,1,327.17,327.17
639,216,11,5,300.33,1501.65
640,216,89,4,133.38,533.52
641,216,52,2,134.43,268.86
642,217,55,3,47.97,143.91
643,217,75,2,190.13,380.26
644,217,81,4,69.38,277.52
645,217,75,2,190.13,380.26
646,217,78,3,441.78,1325.34
647,218,53,3,105.42,316.26
648,218,52,5,134.43,672.15
649,218,23,5,157.5,787.5
650,219,54,4,345.07,1380.28
651,219,9,1,93.48,93.48
652,219,18,1,111.88,111.88
653,220,74,1,463.46,463.46
654,220,88,2,322.06,644.12
655,221,81,5,69.38,346.9
656,221,40,4,225.49,901.96
657,221,32,3,100.46,301.38
658,222,42,2,241.8,483.6
659,222,79,5,460.63,2303.15
660,222,1,3,263.13,789.39
661,222,2,5,13.76,68.8
662,222,40,1,225.49,225.49
663,223,38,5,293.18,1465.9
664,223,76,1,283.55,283.55
665,223,1,2,263.13,526.26
666,224,74,2,463.46,926.92
667,224,28,5,299.14,1495.7
668,224,90,1,420.61,420.61
669,225,35,4,121.6,486.4
670,226,16,2,54.7,109.4
671,226,49,2,168.14,336.28
672,226,75,1,190.13,190.13
673,227,63,4,380.74,1522.96
674,227,47,3,288.68,866.04
675,228,25,1,392.86,392.86
676,228,70,2,380.26,760.52
677,228,50,5,58.66,293.3
678,228,69,2,64.44,128.88
679,228,72,3,257.72,773.16
680,229,19,2,59.16,118.32
681,229,20,3,411.46,1234.38
682,229,87,5,485.79,2428.95
683,229,98,4,152.13,608.52
684,230,11,4,300.33,1201.32
685,230,90,2,420.61,841.22
686,230,57,5,55.56,277.8
687,230,41,2,71.84,143.68
688,230,48,5,160.97,804.85
689,231,3,2,275.8,551.6
690,231,21,1,360.32,360.32
691,231,11,5,300.33,1501.65
692,232,34,3,435.95,1307.85
693,233,29,5,118.85,594.25
694,233,18,4,111.88,447.52
695,233,62,5,444.18,2220.9
696,233,84,3,362.77,1088.31
697,234,50,3,58.66,175.98
698,235,78,4,441.78,1767.12
699,235,83,4,470.19,1880.76
700,235,90,2,420.61,841.22
701,235,13,1,260.92,260.92
702,236,70,3,380.26,1140.78
703,236,92,2,267.01,534.02
704,236,88,4,322.06,1288.24
705,236,41,2,71.84,143.68
706,236,39,4,259.68,1038.72
707,237,34,4,435.95,1743.8
708,237,38,1,293.18,293.18
709,237,64,5,404.34,2021.7
710,237,80,1,135.98,135.98
711,238,50,5,58.66,293.3
712,239,10,3,360.58,1081.74
713,240,84,3,362.77,1088.31
714,240,73,4,446.53,1786.12
715,240,59,3,132.49,397.47
716,240,98,4,152.13,608.52
717,241,68,5,488.86,2444.3
718,241,28,5,299.14,1495.7
719,241,20,2,411.46,822.92
720,241,97,2,337.32,674.64
721,242,63,4,380.74,1522.96
722,242,95,5,397.59,1987.95
723,242,28,2,299.14,598.28
724,242,47,5,288.68,1443.4
725,242,55,5,47.97,239.85
726,243,36,2,146.18,292.36
727,243,67,4,319.21,1276.84
728,244,23,2,157.5,315
729,244,67,1,319.21,319.21
730,244,54,2,345.07,690.14
731,245,81,2,69.38,138.76
732,245,54,5,345.07,1725.35
733,246,97,3,337.32,1011.96
734,246,23,2,157.5,315
735,247,30,5,193.42,967.1
736,248,58,3,260.13,780.39
737,248,80,1,135.98,135.98
738,249,54,4,345.07,1380.28
739,249,95,3,397.59,1192.77
740,249,36,4,146.18,584.72
741,249,42,2,241.8,483.6
742,250,5,2,175.97,351.94
743,251,43,3,365.01,1095.03
744,251,57,4,55.56,222.24
745,251,33,4,99.83,399.32
746,252,38,5,293.18,1465.9
747,252,88,3,322.06,966.18
748,252,47,3,288.68,866.04
749,252,44,3,183.81,551.43
750,253,70,4,380.26,1521.04
751,253,62,2,444.18,888.36
752,253,78,5,441.78,2208.9
753,253,16,3,54.7,164.1
754,254,14,1,40.76,40.76
755,254,14,5,40.76,203.8
756,254,52,4,134.43,537.72
757,255,19,1,59.16,59.16
758,255,58,3,260.13,780.39
759,256,59,5,132.49,662.45
760,257,74,5,463.46,2317.3
761,257,48,5,160.97,804.85
762,257,93,1,389.08,389.08
763,257,28,3,299.14,897.42
764,258,6,4,386.9,1547.6
765,258,81,5,69.38,346.9
766,258,59,5,132.49,662.45
767,258,68,3,488.86,1466.58
768,259,54,2,345.07,690.14
769,259,53,4,105.42,421.68
770,259,19,5,59.16,295.8
771,259,48,3,160.97,482.91
772,259,15,5,31.65,158.25
773,260,59,2,132.49,264.98
774,260,21,4,360.32,1441.28
775,260,99,1,403.91,403.91
776,261,50,4,58.66,234.64
777,261,18,1,111.88,111.88
778,261,79,5,460.63,2303.15
779,261,93,1,389.08,389.08
780,261,77,3,493.21,1479.63
781,262,12,2,195.25,390.5
782,262,8,5,297.2,1486
783,262,6,1,386.9,386.9
784,262,68,1,488.86,488.86
785,262,3,3,275.8,827.4
786,263,52,2,134.43,268.86
787,263,59,4,132.49,529.96
788,263,14,2,40.76,81.52
789,263,2,5,13.76,68.8
790,264,93,4,389.08,1556.32
791,264,24,2,386.82,773.64
792,264,65,2,103.56,207.12
793,265,27,3,109.12,327.36
794,265,57,3,55.56,166.68
795,265,39,5,259.68,1298.4
796,265,62,2,444.18,888.36
797,266,73,4,446.53,1786.12
798,266,7,5,102.83,514.15
799,266,65,1,103.56,103.56
800,266,12,4,195.25,781
801,267,57,3,55.56,166.68
802,267,2,1,13.76,13.76
803,268,72,4,257.72,1030.88
804,268,36,5,146.18,730.9
805,268,32,3,100.46,301.38
806,269,41,4,71.84,287.36
807,269,39,4,259.68,1038.72
808,269,33,5,99.83,499.15
809,269,8,5,297.2,1486
810,270,8,3,297.2,891.6
811,270,69,3,64.44,193.32
812,270,34,4,435.95,1743.8
813,270,66,2,102.27,204.54
814,271,25,4,392.86,1571.44
815,271,98,5,152.13,760.65
816,271,32,5,100.46,502.3
817,271,26,3,20.11,60.33
818,271,15,2,31.65,63.3
819,272,55,1,47.97,47.97
820,272,85,2,65.06,130.12
821,272,98,1,152.13,152.13
822,272,26,1,20.11,20.11
823,272,95,1,397.59,397.59
824,273,23,2,157.5,315
825,273,49,1,168.14,168.14
826,273,17,4,375.79,1503.16
827,274,80,3,135.98,407.94
828,275,32,4,100.46,401.84
829,275,66,4,102.27,409.08
830,276,85,2,65.06,130.12
831,276,65,5,103.56,517.8
832,276,30,1,193.42,193.42
833,276,58,4,260.13,1040.52
834,277,88,2,322.06,644.12
835,277,77,1,493.21,493.21
836,277,78,1,441.78,441.78
837,278,60,2,317.43,634.86
838,279,48,5,160.97,804.85
839,279,78,1,441.78,441.78
840,279,72,4,257.72,1030.88
841,279,32,3,100.46,301.38
842,279,53,4,105.42,421.68
843,280,59,4,132.49,529.96
844,280,44,5,183.81,919.05
845,281,33,3,99.83,299.49
846,282,93,5,389.08,1945.4
847,282,41,3,71.84,215.52
848,282,57,5,55.56,277.8
849,282,57,5,55.56,277.8
850,282,30,5,193.42,967.1
851,283,77,5,493.21,2466.05
852,283,13,4,260.92,1043.68
853,284,33,5,99.83,499.15
854,284,72,2,257.72,515.44
855,284,12,1,195.25,195.25
856,285,48,3,160.97,482.91
857,285,46,1,455.87,455.87
858,285,91,4,336.75,1347
859,285,85,4,65.06,260.24
860,286,88,4,322.06,1288.24
861,286,89,1,133.38,133.38
862,286,79,5,460.63,2303.15
863,286,62,3,444.18,1332.54
864,286,75,5,190.13,950.65
865,287,61,3,309.79,929.37
866,287,12,2,195.25,390.5
867,288,82,5,327.17,1635.85
868,288,75,2,190.13,380.26
869,289,83,4,470.19,1880.76
870,290,70,4,380.26,1521.04
871,290,60,2,317.43,634.86
872,291,50,5,58.66,293.3
873,292,10,2,360.58,721.16
874,292,17,2,375.79,751.58
875,292,29,5,118.85,594.25
876,292,33,5,99.83,499.15
877,293,27,2,109.12,218.24
878,294,23,3,157.5,472.5
879,294,49,3,168.14,504.42
880,294,31,2,492.66,985.32
881,294,45,1,184.89,184.89
882,295,45,5,184.89,924.45
883,295,73,5,446.53,2232.65
884,295,69,2,64.44,128.88
885,295,66,5,102.27,511.35
886,295,49,1,168.14,168.14
887,296,70,3,380.26,1140.78
888,296,34,3,435.95,1307.85
889,296,92,1,267.01,267.01
890,296,40,5,225.49,1127.45
891,296,83,3,470.19,1410.57
892,297,53,5,105.42,527.1
893,297,42,2,241.8,483.6
894,297,55,2,47.97,95.94
895,297,66,4,102.27,409.08
896,297,58,3,260.13,780.39
897,298,10,4,360.58,1442.32
898,298,38,5,293.18,1465.9
899,299,44,4,183.81,735.24
900,300,87,3,485.79,1457.37
901,300,37,4,121.39,485.56
902,300,6,3,386.9,1160.7
903,300,56,2,208.09,416.18
904,301,9,5,93.48,467.4
905,301,23,1,157.5,157.5
906,301,15,3,31.65,94.95
907,302,40,4,225.49,901.96
908,303,13,4,260.92,1043.68
909,304,68,3,488.86,1466.58
910,305,5,4,175.97,703.88
911,305,74,1,463.46,463.46
912,305,50,1,58.66,58.66
913,306,65,1,103.56,103.56
914,306,54,2,345.07,690.14
915,306,87,4,485.79,1943.16
916,306,76,2,283.55,567.1
917,306,28,5,299.14,1495.7
918,307,65,3,103.56,310.68
919,307,43,3,365.01,1095.03
920,307,46,4,455.87,1823.48
921,307,64,1,404.34,404.34
922,308,30,5,193.42,967.1
923,308,79,4,460.63,1842.52
924,308,21,4,360.32,1441.28
925,308,10,3,360.58,1081.74
926,309,69,4,64.44,257.76
927,310,17,4,375.79,1503.16
928,310,58,4,260.13,1040.52
929,310,43,4,365.01,1460.04
930,310,64,2,404.34,808.68
931,311,90,2,420.61,841.22
932,311,85,3,65.06,195.18
933,311,55,1,47.97,47.97
934,312,75,3,190.13,570.39
935,312,77,1,493.21,493.21
936,312,11,2,300.33,600.66
937,313,11,2,300.33,600.66
938,314,23,1,157.5,157.5
939,314,10,4,360.58,1442.32
940,314,17,3,375.79,1127.37
941,314,77,1,493.21,493.21
942,314,63,3,380.74,1142.22
943,315,87,4,485.79,1943.16
944,316,17,2,375.79,751.58
945,316,36,4,146.18,584.72
946,316,93,3,389.08,1167.24
947,317,9,1,93.48,93.48
948,317,65,2,103.56,207.12
949,317,84,1,362.77,362.77
950,318,73,5,446.53,2232.65
951,319,55,1,47.97,47.97
952,319,81,5,69.38,346.9
953,319,13,5,260.92,1304.6
954,319,39,2,259.68,519.36
955,320,99,1,403.91,403.91
956,320,99,2,403.91,807.82
957,320,57,2,55.56,111.12
958,321,75,2,190.13,380.26
959,322,35,5,121.6,608
960,322,11,1,300.33,300.33
961,322,58,4,260.13,1040.52
962,323,57,4,55.56,222.24
963,323,60,4,317.43,1269.72
964,323,16,1,54.7,54.7
965,323,59,5,132.49,662.45
966,324,71,4,234.88,939.52
967,324,28,5,299.14,1495.7
968,324,58,2,260.13,520.26
969,324,43,1,365.01,365.01
970,325,49,2,168.14,336.28
971,325,72,1,257.72,257.72
972,325,12,3,195.25,585.75
973,325,23,4,157.5,630
974,326,4,2,217.56,435.12
975,326,53,1,105.42,105.42
976,326,46,4,455.87,1823.48
977,326,42,2,241.8,483.6
978,327,80,4,135.98,543.92
979,328,58,5,260.13,1300.65
980,328,92,3,267.01,801.03
981,328,40,4,225.49,901.96
982,328,13,1,260.92,260.92
983,329,36,4,146.18,584.72
984,329,14,1,40.76,40.76
985,329,100,2,479.73,959.46
986,330,56,2,208.09,416.18
987,330,46,2,455.87,911.74
988,330,8,2,297.2,594.4
989,331,55,2,47.97,95.94
990,331,46,5,455.87,2279.35
991,331,25,1,392.86,392.86
992,331,21,3,360.32,1080.96
993,332,54,5,345.07,1725.35
994,332,31,5,492.66,2463.3
995,332,34,2,435.95,871.9
996,332,40,2,225.49,450.98
997,332,81,5,69.38,346.9
998,333,12,3,195.25,585.75
999,333,69,4,64.44,257.76
1000,333,11,3,300.33,900.99
1001,334,12,3,195.25,585.75
1002,334,93,4,389.08,1556.32
1003,334,50,3,58.66,175.98
1004,334,12,4,195.25,781
1005,335,79,4,460.63,1842.52
1006,335,9,4,93.48,373.92
1007,336,16,4,54.7,218.8
1008,336,52,4,134.43,537.72
1009,336,70,3,380.26,1140.78
1010,337,84,3,362.77,1088.31
1011,337,23,2,157.5,315
1012,338,59,3,132.49,397.47
1013,339,6,4,386.9,1547.6
1014,339,57,2,55.56,111.12
1015,339,70,2,380.26,760.52
1016,340,22,5,271.14,1355.7
1017,340,83,5,470.19,2350.95
1018,340,45,5,184.89,924.45
1019,340,5,5,175.97,879.85
1020,341,2,1,13.76,13.76
1021,341,70,3,380.26,1140.78
1022,341,74,2,463.46,926.92
1023,342,17,2,375.79,751.58
1024,342,23,1,157.5,157.5
1025,343,11,2,300.33,600.66
1026,343,61,5,309.79,1548.95
1027,343,14,2,40.76,81.52
1028,344,69,5,64.44,322.2
1029,345,30,2,193.42,386.84
1030,345,69,5,64.44,322.2
1031,346,68,2,488.86,977.72
1032,346,11,3,300.33,900.99
1033,347,3,3,275.8,827.4
1034,347,50,5,58.66,293.3
1035,347,14,2,40.76,81.52
1036,348,46,2,455.87,911.74
1037,349,86,2,405.91,811.82
1038,349,8,2,297.2,594.4
1039,349,39,2,259.68,519.36
1040,349,89,1,133.38,133.38
1041,349,65,2,103.56,207.12
1042,350,22,5,271.14,1355.7
1043,351,64,3,404.34,1213.02
1044,351,32,4,100.46,401.84
1045,351,8,2,297.2,594.4
1046,352,80,5,135.98,679.9
1047,352,11,1,300.33,300.33
1048,352,79,2,460.63,921.26
1049,352,45,3,184.89,554.67
1050,352,22,4,271.14,1084.56
1051,353,10,1,360.58,360.58
1052,353,47,2,288.68,577.36
1053,354,84,4,362.77,1451.08
1054,354,65,4,103.56,414.24
1055,354,13,3,260.92,782.76
1056,355,14,1,40.76,40.76
1057,356,8,2,297.2,594.4
1058,357,36,2,146.18,292.36
1059,357,26,4,20.11,80.44
1060,357,13,5,260.92,1304.6
1061,358,11,1,300.33,300.33
1062,358,37,5,121.39,606.95
1063,358,33,2,99.83,199.66
1064,359,96,1,24.45,24.45
1065,360,100,1,479.73,479.73
1066,360,97,2,337.32,674.64
1067,361,21,4,360.32,1441.28
1068,362,77,5,493.21,2466.05
1069,362,51,5,290.5,1452.5
1070,362,76,2,283.55,567.1
1071,362,80,4,135.98,543.92
1072,362,35,3,121.6,364.8
1073,363,73,4,446.53,1786.12
1074,364,6,5,386.9,1934.5
1075,364,91,4,336.75,1347
1076,365,21,1,360.32,360.32
1077,365,78,2,441.78,883.56
1078,365,81,2,69.38,138.76
1079,365,25,3,392.86,1178.58
1080,366,82,5,327.17,1635.85
1081,366,53,5,105.42,527.1
1082,366,55,4,47.97,191.88
1083,367,9,4,93.48,373.92
1084,367,17,2,375.79,751.58
1085,367,66,1,102.27,102.27
1086,368,50,4,58.66,234.64
1087,368,24,5,386.82,1934.1
1088,368,64,5,404.34,2021.7
1089,369,70,4,380.26,1521.04
1090,369,6,4,386.9,1547.6
1091,369,32,5,100.46,502.3
1092,369,51,2,290.5,581
1093,370,98,3,152.13,456.39
1094,370,87,2,485.79,971.58
1095,370,52,3,134.43,403.29
1096,371,50,2,58.66,117.32
1097,371,38,1,293.18,293.18
1098,371,93,4,389.08,1556.32
1099,372,28,5,299.14,1495.7
1100,372,22,5,271.14,1355.7
1101,373,27,2,109.12,218.24
1102,373,57,5,55.56,277.8
1103,373,52,4,134.43,537.72
1104,374,33,5,99.83,499.15
1105,375,80,3,135.98,407.94
1106,375,20,5,411.46,2057.3
1107,375,79,3,460.63,1381.89
1108,375,32,1,100.46,100.46
1109,376,82,1,327.17,327.17
1110,377,1,2,263.13,526.26
1111,377,99,4,403.91,1615.64
1112,377,50,4,58.66,234.64
1113,378,28,4,299.14,1196.56
1114,378,8,4,297.2,1188.8
1115,379,34,1,435.95,435.95
1116,379,84,4,362.77,1451.08
1117,380,51,1,290.5,290.5
1118,381,60,4,317.43,1269.72
1119,382,59,5,132.49,662.45
1120,382,2,3,13.76,41.28
1121,382,99,2,403.91,807.82
1122,382,30,2,193.42,386.84
1123,382,58,4,260.13,1040.52
1124,383,2,3,13.76,41.28
1125,383,57,4,55.56,222.24
1126,383,62,3,444.18,1332.54
1127,383,10,3,360.58,1081.74
1128,383,71,2,234.88,469.76
1129,384,23,5,157.5,787.5
1130,385,24,4,386.82,1547.28
1131,385,48,1,160.97,160.97
1132,386,11,5,300.33,1501.65
1133,386,75,2,190.13,380.26
1134,386,13,4,260.92,1043.68
1135,386,30,5,193.42,967.1
1136,386,9,1,93.48,93.48
1137,387,49,5,168.14,840.7
1138,387,86,1,405.91,405.91
1139,388,6,2,386.9,773.8
1140,388,60,1,317.43,317.43
1141,388,78,5,441.78,2208.9
1142,388,96,5,24.45,122.25
1143,388,77,1,493.21,493.21
1144,389,74,5,463.46,2317.3
1145,389,10,3,360.58,1081.74
1146,389,86,4,405.91,1623.64
1147,389,3,5,275.8,1379
1148,389,61,1,309.79,309.79
1149,390,15,5,31.65,158.25
1150,390,50,2,58.66,117.32
1151,390,59,5,132.49,662.45
1152,390,97,4,337.32,1349.28
1153,391,57,3,55.56,166.68
1154,391,26,2,20.11,40.22
1155,391,30,5,193.42,967.1
1156,391,95,5,397.59,1987.95
1157,392,51,3,290.5,871.5
1158,392,54,4,345.07,1380.28
1159,392,50,5,58.66,293.3
1160,392,24,5,386.82,1934.1
1161,392,36,2,146.18,292.36
1162,393,78,3,441.78,1325.34
1163,393,22,5,271.14,1355.7
1164,393,52,1,134.43,134.43
1165,394,65,1,103.56,103.56
1166,394,8,2,297.2,594.4
1167,394,87,4,485.79,1943.16
1168,394,18,4,111.88,447.52
1169,394,4,4,217.56,870.24
1170,395,73,3,446.53,1339.59
1171,395,42,3,241.8,725.4
1172,395,55,3,47.97,143.91
1173,395,66,3,102.27,306.81
1174,395,7,5,102.83,514.15
1175,396,44,4,183.81,735.24
1176,396,75,5,190.13,950.65
1177,396,72,1,257.72,257.72
1178,396,42,4,241.8,967.2
1179,397,60,1,317.43,317.43
1180,397,37,4,121.39,485.56
1181,397,73,3,446.53,1339.59
1182,398,74,2,463.46,926.92
1183,398,34,2,435.95,871.9
1184,399,38,3,293.18,879.54
1185,399,21,2,360.32,720.64
1186,399,95,4,397.59,1590.36
1187,399,1,5,263.13,1315.65
1188,400,53,5,105.42,527.1
1189,400,50,1,58.66,58.66
1190,400,55,2,47.97,95.94
1191,400,35,1,121.6,121.6
1192,400,45,1,184.89,184.89
1193,401,4,4,217.56,870.24
1194,402,44,2,183.81,367.62
1195,402,81,3,69.38,208.14
1196,402,67,3,319.21,957.63
1197,402,84,4,362.77,1451.08
1198,403,50,2,58.66,117.32
1199,404,32,1,100.46,100.46
1200,404,77,1,493.21,493.21
1201,404,44,1,183.81,183.81
1202,404,98,5,152.13,760.65
1203,405,84,2,362.77,725.54
1204,405,97,1,337.32,337.32
1205,406,11,4,300.33,1201.32
1206,406,64,5,404.34,2021.7
1207,407,69,2,64.44,128.88
1208,408,32,4,100.46,401.84
1209,408,99,2,403.91,807.82
1210,409,88,2,322.06,644.12
1211,409,23,3,157.5,472.5
1212,409,63,2,380.74,761.48
1213,409,75,2,190.13,380.26
1214,410,31,4,492.66,1970.64
1215,410,3,4,275.8,1103.2
1216,410,90,1,420.61,420.61
1217,411,68,5,488.86,2444.3
1218,411,23,5,157.5,787.5
1219,411,13,2,260.92,521.84
1220,411,61,3,309.79,929.37
1221,412,73,5,446.53,2232.65
1222,412,91,1,336.75,336.75
1223,412,9,3,93.48,280.44
1224,413,94,4,443.5,1774
1225,413,96,5,24.45,122.25
1226,413,72,2,257.72,515.44
1227,414,4,1,217.56,217.56
1228,415,9,3,93.48,280.44
1229,415,23,5,157.5,787.5
1230,415,96,1,24.45,24.45
1231,415,63,3,380.74,1142.22
1232,416,19,3,59.16,177.48
1233,416,61,2,309.79,619.58
1234,416,48,3,160.97,482.91
1235,417,78,1,441.78,441.78
1236,417,11,1,300.33,300.33
1237,417,84,5,362.77,1813.85
1238,417,42,4,241.8,967.2
1239,418,79,3,460.63,1381.89
1240,418,48,1,160.97,160.97
1241,418,13,4,260.92,1043.68
1242,418,24,1,386.82,386.82
1243,419,50,2,58.66,117.32
1244,420,25,2,392.86,785.72
1245,420,67,2,319.21,638.42
1246,420,46,5,455.87,2279.35
1247,420,10,2,360.58,721.16
1248,421,62,1,444.18,444.18
1249,421,73,4,446.53,1786.12
1250,421,89,5,133.38,666.9
1251,421,30,3,193.42,580.26
1252,421,89,5,133.38,666.9
1253,422,2,2,13.76,27.52
1254,423,8,1,297.2,297.2
1255,423,97,4,337.32,1349.28
1256,423,7,3,102.83,308.49
1257,423,56,4,208.09,832.36
1258,423,45,1,184.89,184.89
1259,424,34,4,435.95,1743.8
1260,424,61,3,309.79,929.37
1261,424,79,3,460.63,1381.89
1262,424,1,2,263.13,526.26
1263,425,60,4,317.43,1269.72
1264,426,96,1,24.45,24.45
1265,426,35,2,121.6,243.2
1266,426,93,2,389.08,778.16
1267,427,75,1,190.13,190.13
1268,427,29,4,118.85,475.4
1269,428,93,4,389.08,1556.32
1270,428,92,2,267.01,534.02
1271,429,86,3,405.91,1217.73
1272,429,44,5,183.81,919.05
1273,429,59,4,132.49,529.96
1274,429,9,4,93.48,373.92
1275,429,24,1,386.82,386.82
1276,430,2,1,13.76,13.76
1277,430,73,4,446.53,1786.12
1278,430,87,3,485.79,1457.37
1279,430,40,4,225.49,901.96
1280,431,64,1,404.34,404.34
1281,431,53,3,105.42,316.26
1282,432,6,3,386.9,1160.7
1283,432,3,2,275.8,551.6
1284,433,76,5,283.55,1417.75
1285,433,63,5,380.74,1903.7
1286,433,31,1,492.66,492.66
1287,433,6,3,386.9,1160.7
1288,433,45,2,184.89,369.78
1289,434,27,5,109.12,545.6
1290,434,11,4,300.33,1201.32
1291,434,12,1,195.25,195.25
1292,434,100,3,479.73,1439.19
1293,434,70,5,380.26,1901.3
1294,435,78,5,441.78,2208.9
1295,435,29,1,118.85,118.85
1296,435,62,3,444.18,1332.54
1297,435,7,3,102.83,308.49
1298,436,85,2,65.06,130.12
1299,436,36,1,146.18,146.18
1300,436,5,2,175.97,351.94
1301,436,68,1,488.86,488.86
1302,437,33,4,99.83,399.32
1303,438,26,4,20.11,80.44
1304,438,89,5,133.38,666.9
1305,438,88,4,322.06,1288.24
1306,438,96,3,24.45,73.35
1307,439,66,3,102.27,306.81
1308,440,9,2,93.48,186.96
1309,441,12,2,195.25,390.5
1310,441,68,4,488.86,1955.44
1311,442,78,4,441.78,1767.12
1312,442,29,1,118.85,118.85
1313,442,37,2,121.39,242.78
1314,442,95,5,397.59,1987.95
1315,443,96,2,24.45,48.9
1316,443,22,2,271.14,542.28
1317,444,46,3,455.87,1367.61
1318,444,55,5,47.97,239.85
1319,444,82,2,327.17,654.34
1320,444,11,5,300.33,1501.65
1321,445,94,5,443.5,2217.5
1322,446,77,5,493.21,2466.05
1323,446,40,3,225.49,676.47
1324,446,26,3,20.11,60.33
1325,447,1,3,263.13,789.39
1326,448,80,5,135.98,679.9
1327,448,15,2,31.65,63.3
1328,448,86,1,405.91,405.91
1329,449,27,4,109.12,436.48
1330,449,33,3,99.83,299.49
1331,449,69,3,64.44,193.32
1332,449,91,2,336.75,673.5
1333,449,53,5,105.42,527.1
1334,450,42,5,241.8,1209
1335,450,20,1,411.46,411.46
1336,450,43,4,365.01,1460.04
1337,450,57,2,55.56,111.12
1338,450,40,1,225.49,225.49
1339,451,64,3,404.34,1213.02
1340,452,90,5,420.61,2103.05
1341,452,98,5,152.13,760.65
1342,453,10,3,360.58,1081.74
1343,453,99,4,403.91,1615.64
1344,453,52,1,134.43,134.43
1345,453,34,3,435.95,1307.85
1346,453,97,5,337.32,1686.6
1347,454,95,4,397.59,1590.36
1348,454,25,2,392.86,785.72
1349,454,78,2,441.78,883.56
1350,454,41,5,71.84,359.2
1351,455,17,1,375.79,375.79
1352,455,13,2,260.92,521.84
1353,456,56,5,208.09,1040.45
1354,456,47,3,288.68,866.04
1355,456,36,2,146.18,292.36
1356,456,61,4,309.79,1239.16
1357,456,39,4,259.68,1038.72
1358,457,47,2,288.68,577.36
1359,457,62,4,444.18,1776.72
1360,457,46,1,455.87,455.87
1361,458,97,4,337.32,1349.28
1362,458,29,4,118.85,475.4
1363,458,99,5,403.91,2019.55
1364,458,2,2,13.76,27.52
1365,459,42,1,241.8,241.8
1366,460,62,1,444.18,444.18
1367,460,15,5,31.65,158.25
1368,460,67,3,319.21,957.63
1369,460,65,4,103.56,414.24
1370,460,35,4,121.6,486.4
1371,461,6,5,386.9,1934.5
1372,461,81,5,69.38,346.9
1373,462,13,4,260.92,1043.68
1374,462,42,4,241.8,967.2
1375,462,68,1,488.86,488.86
1376,462,83,2,470.19,940.38
1377,462,56,3,208.09,624.27
1378,463,70,3,380.26,1140.78
1379,464,7,4,102.83,411.32
1380,464,90,2,420.61,841.22
1381,464,24,4,386.82,1547.28
1382,465,14,4,40.76,163.04
1383,466,31,5,492.66,2463.3
1384,467,92,2,267.01,534.02
1385,467,78,3,441.78,1325.34
1386,467,61,1,309.79,309.79
1387,467,87,1,485.79,485.79
1388,467,100,3,479.73,1439.19
1389,468,78,4,441.78,1767.12
1390,468,93,5,389.08,1945.4
1391,468,46,3,455.87,1367.61
1392,468,78,3,441.78,1325.34
1393,468,6,4,386.9,1547.6
1394,469,81,2,69.38,138.76
1395,469,71,3,234.88,704.64
1396,469,66,3,102.27,306.81
1397,469,17,5,375.79,1878.95
1398,469,50,3,58.66,175.98
1399,470,83,3,470.19,1410.57
1400,470,38,5,293.18,1465.9
1401,470,90,3,420.61,1261.83
1402,471,100,4,479.73,1918.92
1403,471,16,5,54.7,273.5
1404,471,35,1,121.6,121.6
1405,471,4,5,217.56,1087.8
1406,471,70,5,380.26,1901.3
1407,472,17,4,375.79,1503.16
1408,472,76,1,283.55,283.55
1409,472,73,2,446.53,893.06
1410,472,61,5,309.79,1548.95
1411,472,39,1,259.68,259.68
1412,473,18,1,111.88,111.88
1413,474,49,4,168.14,672.56
1414,475,71,2,234.88,469.76
1415,475,51,4,290.5,1162
1416,475,18,5,111.88,559.4
1417,475,75,4,190.13,760.52
1418,476,88,3,322.06,966.18
1419,476,45,1,184.89,184.89
1420,476,24,5,386.82,1934.1
1421,476,4,5,217.56,1087.8
1422,476,17,3,375.79,1127.37
1423,477,43,2,365.01,730.02
1424,477,85,1,65.06,65.06
1425,477,55,1,47.97,47.97
1426,477,74,3,463.46,1390.38
1427,478,26,2,20.11,40.22
1428,478,14,4,40.76,163.04
1429,478,55,3,47.97,143.91
1430,478,88,2,322.06,644.12
1431,478,78,3,441.78,1325.34
1432,479,81,2,69.38,138.76
1433,480,34,3,435.95,1307.85
1434,480,63,3,380.74,1142.22
1435,480,47,3,288.68,866.04
1436,480,42,5,241.8,1209
1437,481,54,2,345.07,690.14
1438,481,99,3,403.91,1211.73
1439,481,43,5,365.01,1825.05
1440,481,24,4,386.82,1547.28
1441,481,41,3,71.84,215.52
1442,482,40,2,225.49,450.98
1443,483,1,3,263.13,789.39
1444,484,47,2,288.68,577.36
1445,484,8,4,297.2,1188.8
1446,484,23,4,157.5,630
1447,484,80,4,135.98,543.92
1448,484,91,3,336.75,1010.25
1449,485,19,2,59.16,118.32
1450,486,64,4,404.34,1617.36
1451,486,72,3,257.72,773.16
1452,486,20,5,411.46,2057.3
1453,486,84,2,362.77,725.54
1454,487,80,4,135.98,543.92
1455,487,35,3,121.6,364.8
1456,488,12,2,195.25,390.5
1457,489,46,2,455.87,911.74
1458,489,5,1,175.97,175.97
1459,489,86,1,405.91,405.91
1460,490,98,4,152.13,608.52
1461,491,77,5,493.21,2466.05
1462,491,2,1,13.76,13.76
1463,491,72,3,257.72,773.16
1464,491,71,4,234.88,939.52
1465,491,83,3,470.19,1410.57
1466,492,50,5,58.66,293.3
1467,492,89,4,133.38,533.52
1468,493,96,4,24.45,97.8
1469,493,82,5,327.17,1635.85
1470,494,72,5,257.72,1288.6
1471,494,45,5,184.89,924.45
1472,494,3,4,275.8,1103.2
1473,494,72,2,257.72,515.44
1474,494,12,1,195.25,195.25
1475,495,75,5,190.13,950.65
1476,495,14,2,40.76,81.52
1477,496,43,4,365.01,1460.04
1478,496,40,1,225.49,225.49
1479,496,66,5,102.27,511.35
1480,497,83,5,470.19,2350.95
1481,497,30,2,193.42,386.84
1482,498,40,1,225.49,225.49
1483,498,12,4,195.25,781
1484,498,49,3,168.14,504.42
1485,498,32,4,100.46,401.84
1486,499,30,5,193.42,967.1
1487,499,37,4,121.39,485.56
1488,499,94,3,443.5,1330.5
1489,500,65,4,103.56,414.24
1490,500,43,3,365.01,1095.03
1491,500,100,1,479.73,479.73
1492,501,69,1,64.44,64.44
1493,501,61,5,309.79,1548.95
1494,502,26,2,20.11,40.22
1495,502,10,5,360.58,1802.9
1496,502,87,2,485.79,971.58
1497,503,26,3,20.11,60.33
1498,503,7,2,102.83,205.66
1499,503,60,3,317.43,952.29
1500,503,46,2,455.87,911.74
1501,503,30,4,193.42,773.68
1502,504,18,3,111.88,335.64
1503,504,39,2,259.68,519.36
1504,504,93,5,389.08,1945.4
1505,505,8,3,297.2,891.6
1506,505,72,1,257.72,257.72
1507,505,49,3,168.14,504.42
1508,506,66,4,102.27,409.08
1509,507,10,1,360.58,360.58
1510,507,47,3,288.68,866.04
1511,507,58,1,260.13,260.13
1512,507,56,5,208.09,1040.45
1513,508,19,4,59.16,236.64
1514,509,78,4,441.78,1767.12
1515,509,14,3,40.76,122.28
1516,509,20,4,411.46,1645.84
1517,510,18,3,111.88,335.64
1518,510,97,3,337.32,1011.96
1519,511,19,2,59.16,118.32
1520,511,74,2,463.46,926.92
1521,512,23,3,157.5,472.5
1522,512,13,5,260.92,1304.6
1523,512,94,3,443.5,1330.5
1524,512,50,2,58.66,117.32
1525,513,50,3,58.66,175.98
1526,514,65,1,103.56,103.56
1527,514,93,1,389.08,389.08
1528,515,100,3,479.73,1439.19
1529,515,57,4,55.56,222.24
1530,515,9,2,93.48,186.96
1531,516,95,5,397.59,1987.95
1532,517,44,5,183.81,919.05
1533,517,2,3,13.76,41.28
1534,518,21,3,360.32,1080.96
1535,518,94,2,443.5,887
1536,518,34,1,435.95,435.95
1537,519,53,4,105.42,421.68
1538,519,54,4,345.07,1380.28
1539,519,55,2,47.97,95.94
1540,520,45,2,184.89,369.78
1541,520,4,2,217.56,435.12
1542,521,61,1,309.79,309.79
1543,521,22,3,271.14,813.42
1544,521,86,3,405.91,1217.73
1545,521,21,3,360.32,1080.96
1546,521,71,2,234.88,469.76
1547,522,66,4,102.27,409.08
1548,522,39,2,259.68,519.36
1549,522,69,2,64.44,128.88
1550,523,79,5,460.63,2303.15
1551,523,79,4,460.63,1842.52
1552,524,61,2,309.79,619.58
1553,525,17,3,375.79,1127.37
1554,525,17,4,375.79,1503.16
1555,525,15,1,31.65,31.65
1556,526,94,2,443.5,887
1557,526,67,1,319.21,319.21
1558,526,81,2,69.38,138.76
1559,527,98,1,152.13,152.13
1560,527,32,5,100.46,502.3
1561,527,69,4,64.44,257.76
1562,527,11,3,300.33,900.99
1563,527,38,1,293.18,293.18
1564,528,3,2,275.8,551.6
1565,528,81,2,69.38,138.76
1566,528,43,1,365.01,365.01
1567,528,36,1,146.18,146.18
1568,529,1,5,263.13,1315.65
1569,529,77,4,493.21,1972.84
1570,530,41,1,71.84,71.84
1571,530,16,1,54.7,54.7
1572,530,43,5,365.01,1825.05
1573,531,71,4,234.88,939.52
1574,532,25,1,392.86,392.86
1575,532,8,3,297.2,891.6
1576,532,17,4,375.79,1503.16
1577,533,32,1,100.46,100.46
1578,533,79,1,460.63,460.63
1579,533,72,1,257.72,257.72
1580,533,25,4,392.86,1571.44
1581,533,59,2,132.49,264.98
1582,534,64,4,404.34,1617.36
1583,534,96,2,24.45,48.9
1584,534,12,5,195.25,976.25
1585,534,36,4,146.18,584.72
1586,534,66,4,102.27,409.08
1587,535,47,2,288.68,577.36
1588,535,77,4,493.21,1972.84
1589,535,41,2,71.84,143.68
1590,536,88,1,322.06,322.06
1591,536,10,2,360.58,721.16
1592,537,42,1,241.8,241.8
1593,537,39,2,259.68,519.36
1594,537,47,2,288.68,577.36
1595,538,29,2,118.85,237.7
1596,538,58,2,260.13,520.26
1597,538,93,3,389.08,1167.24
1598,538,54,5,345.07,1725.35
1599,539,22,4,271.14,1084.56
1600,539,50,5,58.66,293.3
1601,540,83,5,470.19,2350.95
1602,540,48,5,160.97,804.85
1603,540,92,4,267.01,1068.04
1604,540,96,3,24.45,73.35
1605,540,12,5,195.25,976.25
1606,541,53,5,105.42,527.1
1607,541,68,2,488.86,977.72
1608,541,87,5,485.79,2428.95
1609,541,69,3,64.44,193.32
1610,541,19,4,59.16,236.64
1611,542,79,1,460.63,460.63
1612,542,53,2,105.42,210.84
1613,542,77,1,493.21,493.21
1614,542,93,4,389.08,1556.32
1615,542,36,1,146.18,146.18
1616,543,79,5,460.63,2303.15
1617,543,57,4,55.56,222.24
1618,543,42,3,241.8,725.4
1619,543,68,5,488.86,2444.3
1620,543,69,4,64.44,257.76
1621,544,39,5,259.68,1298.4
1622,545,90,3,420.61,1261.83
1623,545,69,3,64.44,193.32
1624,545,6,5,386.9,1934.5
1625,545,22,1,271.14,271.14
1626,546,31,1,492.66,492.66
1627,546,2,4,13.76,55.04
1628,546,97,3,337.32,1011.96
1629,546,10,1,360.58,360.58
1630,546,96,5,24.45,122.25
1631,547,45,4,184.89,739.56
1632,547,37,1,121.39,121.39
1633,547,7,4,102.83,411.32
1634,547,7,3,102.83,308.49
1635,548,96,1,24.45,24.45
1636,549,29,3,118.85,356.55
1637,549,25,2,392.86,785.72
1638,549,45,3,184.89,554.67
1639,549,100,1,479.73,479.73
1640,550,19,1,59.16,59.16
1641,550,72,2,257.72,515.44
1642,550,55,3,47.97,143.91
1643,550,1,3,263.13,789.39
1644,550,48,1,160.97,160.97
1645,551,62,3,444.18,1332.54
1646,551,52,5,134.43,672.15
1647,552,10,2,360.58,721.16
1648,552,51,5,290.5,1452.5
1649,553,73,1,446.53,446.53
1650,553,97,1,337.32,337.32
1651,553,2,4,13.76,55.04
1652,553,64,2,404.34,808.68
1653,553,86,1,405.91,405.91
1654,554,42,4,241.8,967.2
1655,555,67,4,319.21,1276.84
1656,556,39,2,259.68,519.36
1657,557,93,3,389.08,1167.24
1658,557,3,2,275.8,551.6
1659,557,21,2,360.32,720.64
1660,558,98,3,152.13,456.39
1661,558,45,5,184.89,924.45
1662,558,82,2,327.17,654.34
1663,559,23,1,157.5,157.5
1664,559,40,5,225.49,1127.45
1665,559,84,3,362.77,1088.31
1666,560,96,1,24.45,24.45
1667,560,70,2,380.26,760.52
1668,560,11,1,300.33,300.33
1669,560,89,3,133.38,400.14
1670,561,29,2,118.85,237.7
1671,561,62,2,444.18,888.36
1672,562,15,3,31.65,94.95
1673,562,8,3,297.2,891.6
1674,562,52,4,134.43,537.72
1675,562,42,5,241.8,1209
1676,563,52,1,134.43,134.43
1677,563,51,2,290.5,581
1678,563,3,1,275.8,275.8
1679,563,36,5,146.18,730.9
1680,563,8,3,297.2,891.6
1681,564,36,4,146.18,584.72
1682,564,38,5,293.18,1465.9
1683,565,86,4,405.91,1623.64
1684,566,26,2,20.11,40.22
1685,566,32,1,100.46,100.46
1686,566,35,1,121.6,121.6
1687,566,70,4,380.26,1521.04
1688,567,83,2,470.19,940.38
1689,567,24,3,386.82,1160.46
1690,568,61,5,309.79,1548.95
1691,569,37,2,121.39,242.78
1692,570,86,4,405.91,1623.64
1693,571,94,3,443.5,1330.5
1694,571,86,1,405.91,405.91
1695,571,62,2,444.18,888.36
1696,572,82,3,327.17,981.51
1697,573,96,1,24.45,24.45
1698,573,32,2,100.46,200.92
1699,573,46,1,455.87,455.87
1700,574,14,5,40.76,203.8
1701,574,71,4,234.88,939.52
1702,575,19,2,59.16,118.32
1703,575,45,1,184.89,184.89
1704,575,33,3,99.83,299.49
1705,575,18,4,111.88,447.52
1706,575,96,2,24.45,48.9
1707,576,97,2,337.32,674.64
1708,576,51,3,290.5,871.5
1709,577,67,1,319.21,319.21
1710,577,73,2,446.53,893.06
1711,578,78,5,441.78,2208.9
1712,578,5,4,175.97,703.88
1713,578,64,4,404.34,1617.36
1714,579,47,2,288.68,577.36
1715,579,72,2,257.72,515.44
1716,580,7,5,102.83,514.15
1717,580,63,2,380.74,761.48
1718,580,13,3,260.92,782.76
1719,581,48,2,160.97,321.94
1720,581,25,5,392.86,1964.3
1721,581,54,3,345.07,1035.21
1722,581,32,5,100.46,502.3
1723,582,93,5,389.08,1945.4
1724,582,99,1,403.91,403.91
1725,583,2,2,13.76,27.52
1726,583,22,2,271.14,542.28
1727,583,17,5,375.79,1878.95
1728,584,53,4,105.42,421.68
1729,584,66,2,102.27,204.54
1730,584,65,3,103.56,310.68
1731,585,48,4,160.97,643.88
1732,585,66,2,102.27,204.54
1733,585,47,1,288.68,288.68
1734,586,26,1,20.11,20.11
1735,586,96,4,24.45,97.8
1736,586,91,5,336.75,1683.75
1737,586,81,4,69.38,277.52
1738,587,2,1,13.76,13.76
1739,587,34,1,435.95,435.95
1740,587,96,5,24.45,122.25
1741,587,39,2,259.68,519.36
1742,587,9,4,93.48,373.92
1743,588,34,3,435.95,1307.85
1744,588,23,4,157.5,630
1745,589,8,5,297.2,1486
1746,590,79,4,460.63,1842.52
1747,590,50,4,58.66,234.64
1748,590,1,1,263.13,263.13
1749,591,11,1,300.33,300.33
1750,591,48,2,160.97,321.94
1751,591,21,2,360.32,720.64
1752,592,20,4,411.46,1645.84
1753,592,22,3,271.14,813.42
1754,593,37,4,121.39,485.56
1755,593,92,1,267.01,267.01
1756,593,15,3,31.65,94.95
1757,594,4,2,217.56,435.12
1758,595,68,2,488.86,977.72
1759,596,58,4,260.13,1040.52
1760,596,74,5,463.46,2317.3
1761,596,84,3,362.77,1088.31
1762,597,95,3,397.59,1192.77
1763,597,50,5,58.66,293.3
1764,598,70,3,380.26,1140.78
1765,599,46,5,455.87,2279.35
1766,599,68,4,488.86,1955.44
1767,599,33,3,99.83,299.49
1768,599,78,3,441.78,1325.34
1769,600,23,5,157.5,787.5
1770,600,28,3,299.14,897.42
1771,600,52,5,134.43,672.15
1772,601,58,4,260.13,1040.52
1773,601,6,4,386.9,1547.6
1774,601,60,4,317.43,1269.72
1775,601,63,5,380.74,1903.7
1776,601,17,4,375.79,1503.16
1777,602,62,2,444.18,888.36
1778,602,24,1,386.82,386.82
1779,602,42,1,241.8,241.8
1780,602,100,2,479.73,959.46
1781,602,10,5,360.58,1802.9
1782,603,58,1,260.13,260.13
1783,603,51,1,290.5,290.5
1784,604,12,2,195.25,390.5
1785,605,8,4,297.2,1188.8
1786,605,27,2,109.12,218.24
1787,605,69,3,64.44,193.32
1788,605,14,3,40.76,122.28
1789,605,27,3,109.12,327.36
1790,606,92,1,267.01,267.01
1791,607,59,1,132.49,132.49
1792,607,14,4,40.76,163.04
1793,607,31,4,492.66,1970.64
1794,608,67,3,319.21,957.63
1795,608,58,2,260.13,520.26
1796,608,73,1,446.53,446.53
1797,608,29,5,118.85,594.25
1798,609,5,3,175.97,527.91
1799,609,54,1,345.07,345.07
1800,609,29,1,118.85,118.85
1801,610,26,3,20.11,60.33
1802,610,31,2,492.66,985.32
1803,610,27,3,109.12,327.36
1804,611,38,2,293.18,586.36
1805,611,37,4,121.39,485.56
1806,611,44,5,183.81,919.05
1807,611,15,4,31.65,126.6
1808,611,25,3,392.86,1178.58
1809,612,73,5,446.53,2232.65
1810,612,81,1,69.38,69.38
1811,613,52,5,134.43,672.15
1812,613,1,4,263.13,1052.52
1813,613,13,4,260.92,1043.68
1814,614,73,3,446.53,1339.59
1815,614,26,5,20.11,100.55
1816,614,26,5,20.11,100.55
1817,614,85,3,65.06,195.18
1818,614,80,1,135.98,135.98
1819,615,55,4,47.97,191.88
1820,615,60,5,317.43,1587.15
1821,615,83,3,470.19,1410.57
1822,615,35,1,121.6,121.6
1823,616,10,5,360.58,1802.9
1824,617,47,3,288.68,866.04
1825,617,21,1,360.32,360.32
1826,618,75,5,190.13,950.65
1827,619,11,3,300.33,900.99
1828,619,46,2,455.87,911.74
1829,619,95,3,397.59,1192.77
1830,619,47,4,288.68,1154.72
1831,619,64,5,404.34,2021.7
1832,620,59,5,132.49,662.45
1833,620,94,1,443.5,443.5
1834,620,2,4,13.76,55.04
1835,620,54,1,345.07,345.07
1836,621,93,5,389.08,1945.4
1837,621,79,4,460.63,1842.52
1838,621,60,2,317.43,634.86
1839,621,39,5,259.68,1298.4
1840,622,37,3,121.39,364.17
1841,622,45,1,184.89,184.89
1842,622,41,1,71.84,71.84
1843,623,16,5,54.7,273.5
1844,623,31,3,492.66,1477.98
1845,623,63,3,380.74,1142.22
1846,623,72,3,257.72,773.16
1847,623,35,5,121.6,608
1848,624,4,3,217.56,652.68
1849,624,46,4,455.87,1823.48
1850,625,18,2,111.88,223.76
1851,625,10,1,360.58,360.58
1852,626,78,5,441.78,2208.9
1853,626,2,4,13.76,55.04
1854,626,70,4,380.26,1521.04
1855,626,72,3,257.72,773.16
1856,627,22,5,271.14,1355.7
1857,627,80,4,135.98,543.92
1858,627,78,4,441.78,1767.12
1859,627,86,3,405.91,1217.73
1860,627,27,5,109.12,545.6
1861,628,76,5,283.55,1417.75
1862,628,7,2,102.83,205.66
1863,628,34,2,435.95,871.9
1864,628,90,4,420.61,1682.44
1865,628,15,4,31.65,126.6
1866,629,44,5,183.81,919.05
1867,629,14,5,40.76,203.8
1868,629,52,4,134.43,537.72
1869,630,29,5,118.85,594.25
1870,630,8,5,297.2,1486
1871,630,56,2,208.09,416.18
1872,630,9,2,93.48,186.96
1873,631,3,5,275.8,1379
1874,631,68,5,488.86,2444.3
1875,631,6,2,386.9,773.8
1876,631,69,5,64.44,322.2
1877,631,85,4,65.06,260.24
1878,632,75,2,190.13,380.26
1879,633,78,2,441.78,883.56
1880,633,80,5,135.98,679.9
1881,633,11,2,300.33,600.66
1882,633,37,4,121.39,485.56
1883,634,32,2,100.46,200.92
1884,634,28,3,299.14,897.42
1885,634,68,5,488.86,2444.3
1886,634,63,5,380.74,1903.7
1887,635,19,4,59.16,236.64
1888,635,41,5,71.84,359.2
1889,636,41,1,71.84,71.84
1890,636,75,5,190.13,950.65
1891,637,97,1,337.32,337.32
1892,637,32,5,100.46,502.3
1893,637,64,1,404.34,404.34
1894,638,89,2,133.38,266.76
1895,638,34,5,435.95,2179.75
1896,639,66,4,102.27,409.08
1897,639,86,1,405.91,405.91
1898,640,1,1,263.13,263.13
1899,640,84,4,362.77,1451.08
1900,641,4,1,217.56,217.56
1901,641,84,5,362.77,1813.85
1902,642,26,4,20.11,80.44
1903,642,77,1,493.21,493.21
1904,642,72,3,257.72,773.16
1905,642,43,3,365.01,1095.03
1906,642,6,3,386.9,1160.7
1907,643,3,4,275.8,1103.2
1908,644,64,5,404.34,2021.7
1909,644,34,5,435.95,2179.75
1910,644,91,4,336.75,1347
1911,644,77,2,493.21,986.42
1912,645,77,4,493.21,1972.84
1913,645,76,4,283.55,1134.2
1914,645,83,1,470.19,470.19
1915,645,55,3,47.97,143.91
1916,646,62,4,444.18,1776.72
1917,646,96,5,24.45,122.25
1918,646,36,4,146.18,584.72
1919,646,34,4,435.95,1743.8
1920,647,78,5,441.78,2208.9
1921,647,17,4,375.79,1503.16
1922,647,17,4,375.79,1503.16
1923,647,79,4,460.63,1842.52
1924,648,12,3,195.25,585.75
1925,648,87,1,485.79,485.79
1926,648,42,4,241.8,967.2
1927,648,13,5,260.92,1304.6
1928,648,73,4,446.53,1786.12
1929,649,24,5,386.82,1934.1
1930,649,70,4,380.26,1521.04
1931,649,37,4,121.39,485.56
1932,650,33,3,99.83,299.49
1933,651,18,5,111.88,559.4
1934,651,63,2,380.74,761.48
1935,651,35,3,121.6,364.8
1936,651,26,5,20.11,100.55
1937,651,93,4,389.08,1556.32
1938,652,7,3,102.83,308.49
1939,652,95,5,397.59,1987.95
1940,653,62,1,444.18,444.18
1941,654,61,5,309.79,1548.95
1942,654,31,4,492.66,1970.64
1943,654,24,2,386.82,773.64
1944,655,50,2,58.66,117.32
1945,656,57,1,55.56,55.56
1946,656,6,1,386.9,386.9
1947,656,39,1,259.68,259.68
1948,657,96,5,24.45,122.25
1949,657,84,1,362.77,362.77
1950,657,40,2,225.49,450.98
1951,657,19,4,59.16,236.64
1952,657,30,3,193.42,580.26
1953,658,98,2,152.13,304.26
1954,658,67,2,319.21,638.42
1955,658,58,2,260.13,520.26
1956,658,11,3,300.33,900.99
1957,659,67,2,319.21,638.42
1958,660,27,3,109.12,327.36
1959,660,46,1,455.87,455.87
1960,660,37,2,121.39,242.78
1961,660,41,3,71.84,215.52
1962,661,37,2,121.39,242.78
1963,661,53,1,105.42,105.42
1964,661,28,3,299.14,897.42
1965,661,19,5,59.16,295.8
1966,662,5,2,175.97,351.94
1967,662,59,4,132.49,529.96
1968,662,22,5,271.14,1355.7
1969,662,95,4,397.59,1590.36
1970,662,35,3,121.6,364.8
1971,663,52,5,134.43,672.15
1972,664,20,5,411.46,2057.3
1973,664,83,3,470.19,1410.57
1974,664,39,2,259.68,519.36
1975,665,9,2,93.48,186.96
1976,665,37,5,121.39,606.95
1977,665,74,2,463.46,926.92
1978,666,80,1,135.98,135.98
1979,666,12,3,195.25,585.75
1980,666,58,3,260.13,780.39
1981,667,74,3,463.46,1390.38
1982,667,1,1,263.13,263.13
1983,667,41,5,71.84,359.2
1984,668,7,2,102.83,205.66
1985,668,86,4,405.91,1623.64
1986,668,20,1,411.46,411.46
1987,668,30,5,193.42,967.1
1988,669,9,1,93.48,93.48
1989,669,17,5,375.79,1878.95
1990,669,41,2,71.84,143.68
1991,670,7,3,102.83,308.49
1992,670,17,3,375.79,1127.37
1993,670,94,2,443.5,887
1994,671,3,5,275.8,1379
1995,671,98,5,152.13,760.65
1996,672,62,5,444.18,2220.9
1997,673,10,3,360.58,1081.74
1998,674,40,4,225.49,901.96
1999,674,44,3,183.81,551.43
2000,675,55,1,47.97,47.97
2001,675,90,4,420.61,1682.44
2002,675,42,2,241.8,483.6
2003,676,55,5,47.97,239.85
2004,677,76,1,283.55,283.55
2005,677,51,5,290.5,1452.5
2006,678,62,2,444.18,888.36
2007,679,28,2,299.14,598.28
2008,679,18,3,111.88,335.64
2009,679,34,3,435.95,1307.85
2010,679,18,2,111.88,223.76
2011,680,31,5,492.66,2463.3
2012,680,25,1,392.86,392.86
2013,680,8,4,297.2,1188.8
2014,680,25,2,392.86,785.72
2015,680,66,1,102.27,102.27
2016,681,6,1,386.9,386.9
2017,681,22,1,271.14,271.14
2018,681,7,5,102.83,514.15
2019,682,39,4,259.68,1038.72
2020,682,68,2,488.86,977.72
2021,682,22,2,271.14,542.28
2022,682,19,3,59.16,177.48
2023,683,46,5,455.87,2279.35
2024,683,6,3,386.9,1160.7
2025,683,65,3,103.56,310.68
2026,683,54,4,345.07,1380.28
2027,684,74,3,463.46,1390.38
2028,684,60,5,317.43,1587.15
2029,684,50,3,58.66,175.98
2030,684,22,2,271.14,542.28
2031,685,83,1,470.19,470.19
2032,685,68,3,488.86,1466.58
2033,686,27,1,109.12,109.12
2034,687,63,3,380.74,1142.22
2035,687,17,2,375.79,751.58
2036,688,6,5,386.9,1934.5
2037,688,18,3,111.88,335.64
2038,688,4,5,217.56,1087.8
2039,688,17,2,375.79,751.58
2040,689,2,2,13.76,27.52
2041,689,27,4,109.12,436.48
2042,689,7,1,102.83,102.83
2043,690,71,3,234.88,704.64
2044,690,21,1,360.32,360.32
2045,690,61,5,309.79,1548.95
2046,690,59,3,132.49,397.47
2047,690,12,2,195.25,390.5
2048,691,29,4,118.85,475.4
2049,691,25,2,392.86,785.72
2050,691,11,5,300.33,1501.65
2051,691,68,5,488.86,2444.3
2052,691,99,3,403.91,1211.73
2053,692,47,5,288.68,1443.4
2054,692,30,5,193.42,967.1
2055,692,56,3,208.09,624.27
2056,692,67,4,319.21,1276.84
2057,692,61,4,309.79,1239.16
2058,693,11,4,300.33,1201.32
2059,693,73,3,446.53,1339.59
2060,693,35,5,121.6,608
2061,693,82,5,327.17,1635.85
2062,693,73,2,446.53,893.06
2063,694,50,1,58.66,58.66
2064,695,67,4,319.21,1276.84
2065,695,15,1,31.65,31.65
2066,695,88,4,322.06,1288.24
2067,695,78,4,441.78,1767.12
2068,695,88,3,322.06,966.18
2069,696,81,4,69.38,277.52
2070,696,96,5,24.45,122.25
2071,697,5,2,175.97,351.94
2072,698,16,1,54.7,54.7
2073,698,70,4,380.26,1521.04
2074,699,10,5,360.58,1802.9
2075,699,13,1,260.92,260.92
2076,699,79,4,460.63,1842.52
2077,699,73,5,446.53,2232.65
2078,700,48,5,160.97,804.85
2079,701,17,4,375.79,1503.16
2080,701,64,5,404.34,2021.7
2081,701,3,5,275.8,1379
2082,702,94,3,443.5,1330.5
2083,702,65,3,103.56,310.68
2084,702,97,2,337.32,674.64
2085,702,87,5,485.79,2428.95
2086,703,56,5,208.09,1040.45
2087,704,29,5,118.85,594.25
2088,704,16,4,54.7,218.8
2089,704,3,3,275.8,827.4
2090,704,77,3,493.21,1479.63
2091,705,56,5,208.09,1040.45
2092,705,67,4,319.21,1276.84
2093,705,29,4,118.85,475.4
2094,705,68,1,488.86,488.86
2095,706,41,2,71.84,143.68
2096,707,85,3,65.06,195.18
2097,707,48,1,160.97,160.97
2098,707,59,1,132.49,132.49
2099,707,92,2,267.01,534.02
2100,708,37,5,121.39,606.95
2101,708,79,3,460.63,1381.89
2102,708,7,3,102.83,308.49
2103,708,49,2,168.14,336.28
2104,709,27,4,109.12,436.48
2105,710,71,4,234.88,939.52
2106,710,8,5,297.2,1486
2107,711,92,4,267.01,1068.04
2108,711,82,5,327.17,1635.85
2109,711,17,1,375.79,375.79
2110,711,31,5,492.66,2463.3
2111,711,82,5,327.17,1635.85
2112,712,69,1,64.44,64.44
2113,713,86,1,405.91,405.91
2114,713,30,4,193.42,773.68
2115,714,67,4,319.21,1276.84
2116,714,64,1,404.34,404.34
2117,714,56,4,208.09,832.36
2118,715,68,2,488.86,977.72
2119,715,57,4,55.56,222.24
2120,715,56,4,208.09,832.36
2121,715,84,5,362.77,1813.85
2122,715,53,3,105.42,316.26
2123,716,93,3,389.08,1167.24
2124,716,71,2,234.88,469.76
2125,716,7,1,102.83,102.83
2126,717,67,4,319.21,1276.84
2127,717,79,3,460.63,1381.89
2128,717,92,4,267.01,1068.04
2129,717,28,4,299.14,1196.56
2130,717,2,3,13.76,41.28
2131,718,20,2,411.46,822.92
2132,718,48,2,160.97,321.94
2133,718,37,2,121.39,242.78
2134,719,64,3,404.34,1213.02
2135,719,22,2,271.14,542.28
2136,719,7,5,102.83,514.15
2137,720,44,5,183.81,919.05
2138,720,78,1,441.78,441.78
2139,721,68,2,488.86,977.72
2140,721,77,5,493.21,2466.05
2141,721,29,5,118.85,594.25
2142,721,99,1,403.91,403.91
2143,722,25,5,392.86,1964.3
2144,723,29,1,118.85,118.85
2145,724,21,1,360.32,360.32
2146,724,87,4,485.79,1943.16
2147,724,89,3,133.38,400.14
2148,724,97,3,337.32,1011.96
2149,725,30,2,193.42,386.84
2150,725,57,2,55.56,111.12
2151,725,66,2,102.27,204.54
2152,726,39,2,259.68,519.36
2153,726,90,1,420.61,420.61
2154,726,94,1,443.5,443.5
2155,726,75,1,190.13,190.13
2156,727,45,3,184.89,554.67
2157,727,41,1,71.84,71.84
2158,727,22,5,271.14,1355.7
2159,727,95,2,397.59,795.18
2160,727,58,3,260.13,780.39
2161,728,66,1,102.27,102.27
2162,728,99,3,403.91,1211.73
2163,728,15,4,31.65,126.6
2164,728,56,2,208.09,416.18
2165,728,8,2,297.2,594.4
2166,729,26,1,20.11,20.11
2167,729,97,1,337.32,337.32
2168,729,27,4,109.12,436.48
2169,729,24,2,386.82,773.64
2170,729,82,4,327.17,1308.68
2171,730,76,1,283.55,283.55
2172,731,29,2,118.85,237.7
2173,731,33,5,99.83,499.15
2174,732,57,2,55.56,111.12
2175,733,17,5,375.79,1878.95
2176,734,97,1,337.32,337.32
2177,735,8,3,297.2,891.6
2178,735,26,5,20.11,100.55
2179,736,62,4,444.18,1776.72
2180,736,10,3,360.58,1081.74
2181,736,7,4,102.83,411.32
2182,736,44,4,183.81,735.24
2183,737,75,4,190.13,760.52
2184,737,21,2,360.32,720.64
2185,737,56,3,208.09,624.27
2186,737,97,3,337.32,1011.96
2187,737,69,5,64.44,322.2
2188,738,21,1,360.32,360.32
2189,738,91,4,336.75,1347
2190,738,70,3,380.26,1140.78
2191,739,99,1,403.91,403.91
2192,740,60,4,317.43,1269.72
2193,740,63,2,380.74,761.48
2194,741,58,5,260.13,1300.65
2195,742,5,1,175.97,175.97
2196,742,62,3,444.18,1332.54
2197,742,47,3,288.68,866.04
2198,742,38,3,293.18,879.54
2199,742,80,3,135.98,407.94
2200,743,55,5,47.97,239.85
2201,743,53,1,105.42,105.42
2202,744,3,5,275.8,1379
2203,744,74,2,463.46,926.92
2204,744,23,5,157.5,787.5
2205,745,37,4,121.39,485.56
2206,745,80,2,135.98,271.96
2207,745,30,2,193.42,386.84
2208,745,11,4,300.33,1201.32
2209,745,22,5,271.14,1355.7
2210,746,53,2,105.42,210.84
2211,746,68,5,488.86,2444.3
2212,747,41,3,71.84,215.52
2213,747,16,4,54.7,218.8
2214,747,18,4,111.88,447.52
2215,747,54,2,345.07,690.14
2216,748,26,4,20.11,80.44
2217,748,42,5,241.8,1209
2218,748,71,2,234.88,469.76
2219,748,79,3,460.63,1381.89
2220,749,100,3,479.73,1439.19
2221,749,67,5,319.21,1596.05
2222,750,65,5,103.56,517.8
2223,750,19,1,59.16,59.16
2224,750,33,2,99.83,199.66
2225,751,94,1,443.5,443.5
2226,751,31,3,492.66,1477.98
2227,751,88,3,322.06,966.18
2228,751,34,3,435.95,1307.85
2229,752,18,2,111.88,223.76
2230,752,41,3,71.84,215.52
2231,752,65,5,103.56,517.8
2232,752,60,1,317.43,317.43
2233,752,29,5,118.85,594.25
2234,753,82,3,327.17,981.51
2235,754,25,2,392.86,785.72
2236,754,23,3,157.5,472.5
2237,754,41,3,71.84,215.52
2238,755,43,4,365.01,1460.04
2239,755,90,1,420.61,420.61
2240,755,23,4,157.5,630
2241,755,27,3,109.12,327.36
2242,755,32,3,100.46,301.38
2243,756,95,1,397.59,397.59
2244,756,57,4,55.56,222.24
2245,756,64,5,404.34,2021.7
2246,756,77,1,493.21,493.21
2247,756,92,1,267.01,267.01
2248,757,53,1,105.42,105.42
2249,757,45,2,184.89,369.78
2250,757,61,5,309.79,1548.95
2251,757,52,2,134.43,268.86
2252,757,65,3,103.56,310.68
2253,758,78,5,441.78,2208.9
2254,758,32,3,100.46,301.38
2255,758,56,1,208.09,208.09
2256,758,79,4,460.63,1842.52
2257,758,86,4,405.91,1623.64
2258,759,16,5,54.7,273.5
2259,759,10,3,360.58,1081.74
2260,759,1,4,263.13,1052.52
2261,759,45,1,184.89,184.89
2262,760,4,1,217.56,217.56
2263,760,12,5,195.25,976.25
2264,760,30,5,193.42,967.1
2265,761,70,2,380.26,760.52
2266,761,95,1,397.59,397.59
2267,761,77,5,493.21,2466.05
2268,761,29,3,118.85,356.55
2269,762,59,1,132.49,132.49
2270,762,39,3,259.68,779.04
2271,763,49,5,168.14,840.7
2272,763,20,2,411.46,822.92
2273,763,95,1,397.59,397.59
2274,763,5,2,175.97,351.94
2275,764,37,1,121.39,121.39
2276,764,35,3,121.6,364.8
2277,764,75,1,190.13,190.13
2278,765,100,2,479.73,959.46
2279,765,75,3,190.13,570.39
2280,765,43,2,365.01,730.02
2281,766,85,3,65.06,195.18
2282,766,5,2,175.97,351.94
2283,766,62,4,444.18,1776.72
2284,766,49,1,168.14,168.14
2285,767,21,5,360.32,1801.6
2286,767,96,4,24.45,97.8
2287,767,1,5,263.13,1315.65
2288,767,58,2,260.13,520.26
2289,767,67,4,319.21,1276.84
2290,768,47,5,288.68,1443.4
2291,768,72,1,257.72,257.72
2292,768,70,3,380.26,1140.78
2293,769,64,5,404.34,2021.7
2294,769,5,1,175.97,175.97
2295,769,78,1,441.78,441.78
2296,769,79,1,460.63,460.63
2297,770,53,3,105.42,316.26
2298,771,52,1,134.43,134.43
2299,771,48,3,160.97,482.91
2300,771,70,5,380.26,1901.3
2301,771,63,4,380.74,1522.96
2302,771,54,1,345.07,345.07
2303,772,98,5,152.13,760.65
2304,773,99,1,403.91,403.91
2305,773,27,1,109.12,109.12
2306,773,26,2,20.11,40.22
2307,773,84,3,362.77,1088.31
2308,774,32,4,100.46,401.84
2309,774,9,2,93.48,186.96
2310,774,10,5,360.58,1802.9
2311,774,11,4,300.33,1201.32
2312,774,39,3,259.68,779.04
2313,775,72,5,257.72,1288.6
2314,775,86,3,405.91,1217.73
2315,775,93,4,389.08,1556.32
2316,776,80,2,135.98,271.96
2317,776,19,2,59.16,118.32
2318,776,74,5,463.46,2317.3
2319,776,49,2,168.14,336.28
2320,776,11,5,300.33,1501.65
2321,777,35,2,121.6,243.2
2322,777,53,4,105.42,421.68
2323,777,75,3,190.13,570.39
2324,778,85,5,65.06,325.3
2325,778,67,2,319.21,638.42
2326,778,6,1,386.9,386.9
2327,778,57,1,55.56,55.56
2328,779,9,5,93.48,467.4
2329,779,58,3,260.13,780.39
2330,779,99,2,403.91,807.82
2331,779,28,3,299.14,897.42
2332,779,95,5,397.59,1987.95
2333,780,46,1,455.87,455.87
2334,781,20,3,411.46,1234.38
2335,782,73,2,446.53,893.06
2336,782,90,1,420.61,420.61
2337,782,88,5,322.06,1610.3
2338,782,57,1,55.56,55.56
2339,782,67,1,319.21,319.21
2340,783,24,3,386.82,1160.46
2341,783,20,1,411.46,411.46
2342,783,35,5,121.6,608
2343,783,60,2,317.43,634.86
2344,783,90,5,420.61,2103.05
2345,784,88,2,322.06,644.12
2346,784,71,2,234.88,469.76
2347,785,82,4,327.17,1308.68
2348,786,25,3,392.86,1178.58
2349,786,56,4,208.09,832.36
2350,787,4,4,217.56,870.24
2351,788,96,2,24.45,48.9
2352,788,68,1,488.86,488.86
2353,788,67,4,319.21,1276.84
2354,789,8,4,297.2,1188.8
2355,789,88,2,322.06,644.12
2356,789,30,3,193.42,580.26
2357,790,83,1,470.19,470.19
2358,791,35,5,121.6,608
2359,792,23,3,157.5,472.5
2360,792,64,1,404.34,404.34
2361,792,19,5,59.16,295.8
2362,792,47,4,288.68,1154.72
2363,792,71,2,234.88,469.76
2364,793,33,3,99.83,299.49
2365,793,10,4,360.58,1442.32
2366,793,16,2,54.7,109.4
2367,793,58,2,260.13,520.26
2368,793,61,4,309.79,1239.16
2369,794,50,2,58.66,117.32
2370,794,32,5,100.46,502.3
2371,794,33,5,99.83,499.15
2372,794,54,1,345.07,345.07
2373,795,69,3,64.44,193.32
2374,796,37,5,121.39,606.95
2375,796,66,5,102.27,511.35
2376,797,85,4,65.06,260.24
2377,797,45,2,184.89,369.78
2378,798,14,2,40.76,81.52
2379,798,14,1,40.76,40.76
2380,798,93,3,389.08,1167.24
2381,799,82,3,327.17,981.51
2382,799,14,3,40.76,122.28
2383,799,85,1,65.06,65.06
2384,799,92,5,267.01,1335.05
2385,799,32,3,100.46,301.38
2386,800,69,3,64.44,193.32
2387,800,81,5,69.38,346.9
2388,801,26,2,20.11,40.22
2389,801,73,5,446.53,2232.65
2390,801,6,5,386.9,1934.5
2391,801,46,2,455.87,911.74
2392,801,67,2,319.21,638.42
2393,802,22,2,271.14,542.28
2394,802,3,4,275.8,1103.2
2395,802,59,5,132.49,662.45
2396,803,34,4,435.95,1743.8
2397,803,100,2,479.73,959.46
2398,803,97,4,337.32,1349.28
2399,803,98,4,152.13,608.52
2400,803,26,3,20.11,60.33
2401,804,85,5,65.06,325.3
2402,804,64,4,404.34,1617.36
2403,804,91,2,336.75,673.5
2404,805,20,3,411.46,1234.38
2405,806,40,5,225.49,1127.45
2406,806,78,3,441.78,1325.34
2407,806,63,4,380.74,1522.96
2408,806,17,2,375.79,751.58
2409,806,26,4,20.11,80.44
2410,807,84,2,362.77,725.54
2411,807,14,4,40.76,163.04
2412,807,64,3,404.34,1213.02
2413,807,5,1,175.97,175.97
2414,808,83,5,470.19,2350.95
2415,808,91,5,336.75,1683.75
2416,809,67,4,319.21,1276.84
2417,809,42,4,241.8,967.2
2418,810,38,5,293.18,1465.9
2419,810,58,5,260.13,1300.65
2420,810,48,2,160.97,321.94
2421,810,2,1,13.76,13.76
2422,810,64,2,404.34,808.68
2423,811,57,2,55.56,111.12
2424,811,10,3,360.58,1081.74
2425,811,79,4,460.63,1842.52
2426,811,4,1,217.56,217.56
2427,811,51,2,290.5,581
2428,812,42,1,241.8,241.8
2429,813,52,4,134.43,537.72
2430,813,38,5,293.18,1465.9
2431,813,15,5,31.65,158.25
2432,813,27,1,109.12,109.12
2433,814,95,3,397.59,1192.77
2434,814,15,1,31.65,31.65
2435,814,44,3,183.81,551.43
2436,814,69,1,64.44,64.44
2437,815,72,3,257.72,773.16
2438,816,27,4,109.12,436.48
2439,816,96,2,24.45,48.9
2440,816,49,1,168.14,168.14
2441,816,84,5,362.77,1813.85
2442,817,79,2,460.63,921.26
2443,817,98,4,152.13,608.52
2444,818,48,2,160.97,321.94
2445,819,78,3,441.78,1325.34
2446,819,62,1,444.18,444.18
2447,819,46,1,455.87,455.87
2448,819,36,4,146.18,584.72
2449,819,15,4,31.65,126.6
2450,820,63,4,380.74,1522.96
2451,821,32,3,100.46,301.38
2452,821,69,5,64.44,322.2
2453,821,87,3,485.79,1457.37
2454,821,29,1,118.85,118.85
2455,822,93,3,389.08,1167.24
2456,822,29,2,118.85,237.7
2457,822,70,3,380.26,1140.78
2458,822,21,3,360.32,1080.96
2459,823,59,2,132.49,264.98
2460,823,70,2,380.26,760.52
2461,823,30,2,193.42,386.84
2462,823,21,5,360.32,1801.6
2463,824,11,1,300.33,300.33
2464,824,42,4,241.8,967.2
2465,825,82,2,327.17,654.34
2466,826,28,3,299.14,897.42
2467,826,5,3,175.97,527.91
2468,826,75,5,190.13,950.65
2469,826,54,5,345.07,1725.35
2470,827,73,3,446.53,1339.59
2471,827,30,2,193.42,386.84
2472,827,52,1,134.43,134.43
2473,827,17,5,375.79,1878.95
2474,828,63,2,380.74,761.48
2475,828,70,1,380.26,380.26
2476,828,40,2,225.49,450.98
2477,828,46,4,455.87,1823.48
2478,828,79,1,460.63,460.63
2479,829,99,4,403.91,1615.64
2480,829,27,3,109.12,327.36
2481,829,56,1,208.09,208.09
2482,829,44,1,183.81,183.81
2483,829,30,2,193.42,386.84
2484,830,44,5,183.81,919.05
2485,831,47,5,288.68,1443.4
2486,831,70,1,380.26,380.26
2487,831,92,5,267.01,1335.05
2488,832,27,1,109.12,109.12
2489,832,13,1,260.92,260.92
2490,832,10,3,360.58,1081.74
2491,832,97,3,337.32,1011.96
2492,832,33,4,99.83,399.32
2493,833,85,5,65.06,325.3
2494,833,80,5,135.98,679.9
2495,833,14,4,40.76,163.04
2496,833,41,2,71.84,143.68
2497,833,46,1,455.87,455.87
2498,834,66,4,102.27,409.08
2499,834,97,1,337.32,337.32
2500,834,17,1,375.79,375.79
2501,834,51,4,290.5,1162
2502,834,62,3,444.18,1332.54
2503,835,18,3,111.88,335.64
2504,836,83,2,470.19,940.38
2505,837,10,1,360.58,360.58
2506,837,1,2,263.13,526.26
2507,838,41,3,71.84,215.52
2508,838,58,2,260.13,520.26
2509,839,62,2,444.18,888.36
2510,839,66,3,102.27,306.81
2511,839,18,3,111.88,335.64
2512,840,54,5,345.07,1725.35
2513,840,64,4,404.34,1617.36
2514,840,15,2,31.65,63.3
2515,840,10,5,360.58,1802.9
2516,840,22,3,271.14,813.42
2517,841,38,1,293.18,293.18
2518,841,84,1,362.77,362.77
2519,841,87,3,485.79,1457.37
2520,841,22,2,271.14,542.28
2521,842,35,5,121.6,608
2522,842,60,3,317.43,952.29
2523,842,82,2,327.17,654.34
2524,843,1,2,263.13,526.26
2525,843,30,2,193.42,386.84
2526,843,34,4,435.95,1743.8
2527,843,23,4,157.5,630
2528,843,48,1,160.97,160.97
2529,844,63,2,380.74,761.48
2530,844,12,3,195.25,585.75
2531,845,21,2,360.32,720.64
2532,845,15,1,31.65,31.65
2533,845,56,2,208.09,416.18
2534,845,24,4,386.82,1547.28
2535,845,8,5,297.2,1486
2536,846,77,5,493.21,2466.05
2537,846,1,1,263.13,263.13
2538,846,24,1,386.82,386.82
2539,846,10,2,360.58,721.16
2540,846,66,3,102.27,306.81
2541,847,9,1,93.48,93.48
2542,847,15,4,31.65,126.6
2543,847,18,1,111.88,111.88
2544,847,85,5,65.06,325.3
2545,847,33,2,99.83,199.66
2546,848,17,4,375.79,1503.16
2547,848,70,4,380.26,1521.04
2548,848,73,3,446.53,1339.59
2549,849,67,3,319.21,957.63
2550,849,87,4,485.79,1943.16
2551,850,67,5,319.21,1596.05
2552,850,34,2,435.95,871.9
2553,850,8,2,297.2,594.4
2554,850,98,1,152.13,152.13
2555,850,37,3,121.39,364.17
2556,851,99,3,403.91,1211.73
2557,851,35,4,121.6,486.4
2558,851,43,2,365.01,730.02
2559,851,60,1,317.43,317.43
2560,851,84,4,362.77,1451.08
2561,852,98,3,152.13,456.39
2562,853,18,4,111.88,447.52
2563,854,89,4,133.38,533.52
2564,854,2,4,13.76,55.04
2565,854,55,5,47.97,239.85
2566,854,48,5,160.97,804.85
2567,854,39,2,259.68,519.36
2568,855,10,2,360.58,721.16
2569,855,38,4,293.18,1172.72
2570,855,5,1,175.97,175.97
2571,855,99,5,403.91,2019.55
2572,856,96,4,24.45,97.8
2573,856,35,5,121.6,608
2574,856,21,3,360.32,1080.96
2575,857,68,1,488.86,488.86
2576,858,60,2,317.43,634.86
2577,858,90,2,420.61,841.22
2578,858,5,3,175.97,527.91
2579,859,84,5,362.77,1813.85
2580,859,26,2,20.11,40.22
2581,859,13,1,260.92,260.92
2582,860,29,3,118.85,356.55
2583,861,40,4,225.49,901.96
2584,861,40,4,225.49,901.96
2585,862,58,4,260.13,1040.52
2586,862,72,5,257.72,1288.6
2587,862,86,5,405.91,2029.55
2588,862,83,4,470.19,1880.76
2589,862,83,2,470.19,940.38
2590,863,22,2,271.14,542.28
2591,863,50,2,58.66,117.32
2592,864,27,3,109.12,327.36
2593,864,38,1,293.18,293.18
2594,864,95,5,397.59,1987.95
2595,864,47,2,288.68,577.36
2596,864,37,3,121.39,364.17
2597,865,7,4,102.83,411.32
2598,865,62,2,444.18,888.36
2599,865,80,4,135.98,543.92
2600,866,72,3,257.72,773.16
2601,866,16,5,54.7,273.5
2602,866,61,4,309.79,1239.16
2603,867,82,2,327.17,654.34
2604,867,51,3,290.5,871.5
2605,867,67,2,319.21,638.42
2606,868,19,2,59.16,118.32
2607,868,11,4,300.33,1201.32
2608,868,11,5,300.33,1501.65
2609,868,71,3,234.88,704.64
2610,868,55,5,47.97,239.85
2611,869,57,3,55.56,166.68
2612,869,96,2,24.45,48.9
2613,870,17,5,375.79,1878.95
2614,870,21,1,360.32,360.32
2615,870,62,4,444.18,1776.72
2616,870,52,3,134.43,403.29
2617,871,81,1,69.38,69.38
2618,871,62,3,444.18,1332.54
2619,871,20,3,411.46,1234.38
2620,872,32,3,100.46,301.38
2621,872,35,4,121.6,486.4
2622,872,46,1,455.87,455.87
2623,872,71,1,234.88,234.88
2624,873,100,1,479.73,479.73
2625,873,51,4,290.5,1162
2626,873,40,2,225.49,450.98
2627,873,40,5,225.49,1127.45
2628,874,81,5,69.38,346.9
2629,874,93,5,389.08,1945.4
2630,874,16,4,54.7,218.8
2631,875,33,3,99.83,299.49
2632,875,42,4,241.8,967.2
2633,875,10,5,360.58,1802.9
2634,876,27,5,109.12,545.6
2635,877,43,2,365.01,730.02
2636,878,1,4,263.13,1052.52
2637,878,82,1,327.17,327.17
2638,878,20,1,411.46,411.46
2639,879,19,2,59.16,118.32
2640,879,6,2,386.9,773.8
2641,879,69,5,64.44,322.2
2642,880,13,2,260.92,521.84
2643,880,84,2,362.77,725.54
2644,880,47,3,288.68,866.04
2645,880,48,3,160.97,482.91
2646,881,5,4,175.97,703.88
2647,881,8,1,297.2,297.2
2648,881,90,5,420.61,2103.05
2649,882,53,4,105.42,421.68
2650,882,41,4,71.84,287.36
2651,882,47,4,288.68,1154.72
2652,883,73,2,446.53,893.06
2653,884,23,4,157.5,630
2654,884,53,1,105.42,105.42
2655,885,41,5,71.84,359.2
2656,885,49,4,168.14,672.56
2657,885,84,4,362.77,1451.08
2658,886,99,2,403.91,807.82
2659,886,90,4,420.61,1682.44
2660,887,45,3,184.89,554.67
2661,888,90,1,420.61,420.61
2662,888,23,2,157.5,315
2663,888,96,4,24.45,97.8
2664,888,24,1,386.82,386.82
2665,889,56,4,208.09,832.36
2666,889,66,3,102.27,306.81
2667,889,18,3,111.88,335.64
2668,890,72,5,257.72,1288.6
2669,890,23,3,157.5,472.5
2670,891,37,1,121.39,121.39
2671,891,69,3,64.44,193.32
2672,891,35,1,121.6,121.6
2673,891,16,1,54.7,54.7
2674,892,66,1,102.27,102.27
2675,892,8,2,297.2,594.4
2676,892,35,4,121.6,486.4
2677,892,53,3,105.42,316.26
2678,893,25,3,392.86,1178.58
2679,894,75,5,190.13,950.65
2680,894,35,3,121.6,364.8
2681,894,53,3,105.42,316.26
2682,895,97,2,337.32,674.64
2683,895,9,2,93.48,186.96
2684,895,48,5,160.97,804.85
2685,896,60,2,317.43,634.86
2686,896,55,4,47.97,191.88
2687,896,16,3,54.7,164.1
2688,896,55,2,47.97,95.94
2689,896,9,3,93.48,280.44
2690,897,53,4,105.42,421.68
2691,897,50,2,58.66,117.32
2692,897,75,3,190.13,570.39
2693,897,70,2,380.26,760.52
2694,897,83,4,470.19,1880.76
2695,898,21,4,360.32,1441.28
2696,898,60,4,317.43,1269.72
2697,898,44,5,183.81,919.05
2698,899,87,2,485.79,971.58
2699,899,58,4,260.13,1040.52
2700,899,13,3,260.92,782.76
2701,900,32,3,100.46,301.38
2702,901,76,4,283.55,1134.2
2703,902,4,3,217.56,652.68
2704,903,81,5,69.38,346.9
2705,903,58,4,260.13,1040.52
2706,903,9,2,93.48,186.96
2707,904,90,2,420.61,841.22
2708,904,55,3,47.97,143.91
2709,904,90,2,420.61,841.22
2710,904,25,5,392.86,1964.3
2711,905,74,1,463.46,463.46
2712,905,34,4,435.95,1743.8
2713,905,97,4,337.32,1349.28
2714,905,28,5,299.14,1495.7
2715,906,2,2,13.76,27.52
2716,906,7,2,102.83,205.66
2717,906,36,5,146.18,730.9
2718,906,84,2,362.77,725.54
2719,907,71,2,234.88,469.76
2720,908,43,1,365.01,365.01
2721,908,49,3,168.14,504.42
2722,908,59,3,132.49,397.47
2723,909,63,2,380.74,761.48
2724,909,17,2,375.79,751.58
2725,909,94,1,443.5,443.5
2726,910,53,1,105.42,105.42
2727,911,30,2,193.42,386.84
2728,911,71,4,234.88,939.52
2729,911,83,5,470.19,2350.95
2730,911,60,3,317.43,952.29
2731,912,98,1,152.13,152.13
2732,912,36,1,146.18,146.18
2733,912,85,3,65.06,195.18
2734,912,86,3,405.91,1217.73
2735,913,64,4,404.34,1617.36
2736,914,16,4,54.7,218.8
2737,915,20,1,411.46,411.46
2738,915,1,3,263.13,789.39
2739,915,94,2,443.5,887
2740,915,79,4,460.63,1842.52
2741,915,50,4,58.66,234.64
2742,916,32,3,100.46,301.38
2743,916,30,3,193.42,580.26
2744,917,30,1,193.42,193.42
2745,917,7,5,102.83,514.15
2746,917,8,3,297.2,891.6
2747,918,94,2,443.5,887
2748,918,74,3,463.46,1390.38
2749,918,69,5,64.44,322.2
2750,918,95,5,397.59,1987.95
2751,919,7,4,102.83,411.32
2752,919,54,3,345.07,1035.21
2753,919,33,4,99.83,399.32
2754,919,36,5,146.18,730.9
2755,919,92,4,267.01,1068.04
2756,920,17,1,375.79,375.79
2757,920,100,3,479.73,1439.19
2758,921,91,3,336.75,1010.25
2759,921,71,1,234.88,234.88
2760,921,13,1,260.92,260.92
2761,921,40,4,225.49,901.96
2762,921,49,5,168.14,840.7
2763,922,22,1,271.14,271.14
2764,923,7,3,102.83,308.49
2765,924,15,5,31.65,158.25
2766,925,74,1,463.46,463.46
2767,925,47,4,288.68,1154.72
2768,926,8,5,297.2,1486
2769,927,22,4,271.14,1084.56
2770,927,63,1,380.74,380.74
2771,928,42,3,241.8,725.4
2772,928,50,5,58.66,293.3
2773,928,93,4,389.08,1556.32
2774,929,100,2,479.73,959.46
2775,929,91,3,336.75,1010.25
2776,929,14,2,40.76,81.52
2777,929,95,1,397.59,397.59
2778,929,84,1,362.77,362.77
2779,930,35,4,121.6,486.4
2780,931,98,5,152.13,760.65
2781,931,27,1,109.12,109.12
2782,931,60,3,317.43,952.29
2783,931,18,4,111.88,447.52
2784,931,85,3,65.06,195.18
2785,932,88,1,322.06,322.06
2786,932,44,2,183.81,367.62
2787,932,79,2,460.63,921.26
2788,932,18,2,111.88,223.76
2789,933,37,5,121.39,606.95
2790,933,100,2,479.73,959.46
2791,933,81,2,69.38,138.76
2792,933,63,5,380.74,1903.7
2793,933,68,5,488.86,2444.3
2794,934,86,1,405.91,405.91
2795,934,2,4,13.76,55.04
2796,934,78,3,441.78,1325.34
2797,935,80,4,135.98,543.92
2798,935,11,2,300.33,600.66
2799,935,6,1,386.9,386.9
2800,936,35,4,121.6,486.4
2801,936,44,1,183.81,183.81
2802,937,6,4,386.9,1547.6
2803,937,20,2,411.46,822.92
2804,937,13,3,260.92,782.76
2805,937,14,1,40.76,40.76
2806,938,98,3,152.13,456.39
2807,938,11,4,300.33,1201.32
2808,938,63,4,380.74,1522.96
2809,938,3,2,275.8,551.6
2810,938,84,4,362.77,1451.08
2811,939,80,2,135.98,271.96
2812,939,48,1,160.97,160.97
2813,939,37,5,121.39,606.95
2814,939,91,5,336.75,1683.75
2815,939,57,5,55.56,277.8
2816,940,8,1,297.2,297.2
2817,941,59,2,132.49,264.98
2818,941,21,3,360.32,1080.96
2819,941,23,1,157.5,157.5
2820,941,54,4,345.07,1380.28
2821,942,42,5,241.8,1209
2822,942,68,4,488.86,1955.44
2823,942,55,5,47.97,239.85
2824,943,75,3,190.13,570.39
2825,943,69,2,64.44,128.88
2826,943,17,5,375.79,1878.95
2827,943,22,2,271.14,542.28
2828,944,79,5,460.63,2303.15
2829,944,22,5,271.14,1355.7
2830,945,44,5,183.81,919.05
2831,945,75,2,190.13,380.26
2832,945,98,3,152.13,456.39
2833,945,86,1,405.91,405.91
2834,945,76,2,283.55,567.1
2835,946,57,4,55.56,222.24
2836,946,1,1,263.13,263.13
2837,946,96,4,24.45,97.8
2838,946,11,3,300.33,900.99
2839,947,33,3,99.83,299.49
2840,947,42,4,241.8,967.2
2841,947,97,5,337.32,1686.6
2842,948,92,2,267.01,534.02
2843,948,72,2,257.72,515.44
2844,948,5,5,175.97,879.85
2845,948,12,4,195.25,781
2846,948,95,1,397.59,397.59
2847,949,7,4,102.83,411.32
2848,949,78,4,441.78,1767.12
2849,949,29,2,118.85,237.7
2850,949,97,4,337.32,1349.28
2851,949,72,1,257.72,257.72
2852,950,3,2,275.8,551.6
2853,950,17,4,375.79,1503.16
2854,950,26,1,20.11,20.11
2855,951,90,2,420.61,841.22
2856,951,18,4,111.88,447.52
2857,952,57,1,55.56,55.56
2858,952,79,4,460.63,1842.52
2859,952,60,5,317.43,1587.15
2860,953,54,5,345.07,1725.35
2861,953,17,5,375.79,1878.95
2862,954,40,2,225.49,450.98
2863,954,13,3,260.92,782.76
2864,954,74,5,463.46,2317.3
2865,954,9,1,93.48,93.48
2866,955,47,4,288.68,1154.72
2867,956,76,3,283.55,850.65
2868,956,14,5,40.76,203.8
2869,956,95,4,397.59,1590.36
2870,956,27,4,109.12,436.48
2871,956,44,5,183.81,919.05
2872,957,49,1,168.14,168.14
2873,957,27,5,109.12,545.6
2874,957,80,2,135.98,271.96
2875,958,84,5,362.77,1813.85
2876,958,14,2,40.76,81.52
2877,958,100,4,479.73,1918.92
2878,958,29,5,118.85,594.25
2879,958,3,5,275.8,1379
2880,959,11,1,300.33,300.33
2881,960,30,1,193.42,193.42
2882,961,61,2,309.79,619.58
2883,962,83,5,470.19,2350.95
2884,962,96,5,24.45,122.25
2885,963,59,1,132.49,132.49
2886,964,25,1,392.86,392.86
2887,964,27,2,109.12,218.24
2888,964,89,2,133.38,266.76
2889,964,79,4,460.63,1842.52
2890,964,63,3,380.74,1142.22
2891,965,91,4,336.75,1347
2892,966,19,5,59.16,295.8
2893,966,63,4,380.74,1522.96
2894,966,19,1,59.16,59.16
2895,966,78,5,441.78,2208.9
2896,966,8,2,297.2,594.4
2897,967,24,5,386.82,1934.1
2898,967,86,5,405.91,2029.55
2899,967,69,5,64.44,322.2
2900,967,35,5,121.6,608
2901,967,53,4,105.42,421.68
2902,968,92,2,267.01,534.02
2903,968,14,1,40.76,40.76
2904,968,7,5,102.83,514.15
2905,968,76,2,283.55,567.1
2906,969,62,5,444.18,2220.9
2907,970,20,5,411.46,2057.3
2908,970,74,4,463.46,1853.84
2909,970,41,2,71.84,143.68
2910,970,58,1,260.13,260.13
2911,970,52,5,134.43,672.15
2912,971,10,5,360.58,1802.9
2913,972,92,3,267.01,801.03
2914,972,60,2,317.43,634.86
2915,973,91,5,336.75,1683.75
2916,973,39,1,259.68,259.68
2917,973,45,5,184.89,924.45
2918,974,97,3,337.32,1011.96
2919,974,66,1,102.27,102.27
2920,975,53,2,105.42,210.84
2921,975,95,2,397.59,795.18
2922,975,60,4,317.43,1269.72
2923,975,24,3,386.82,1160.46
2924,975,36,3,146.18,438.54
2925,976,33,2,99.83,199.66
2926,976,80,2,135.98,271.96
2927,976,65,1,103.56,103.56
2928,976,9,2,93.48,186.96
2929,977,10,2,360.58,721.16
2930,977,53,2,105.42,210.84
2931,978,69,1,64.44,64.44
2932,978,87,3,485.79,1457.37
2933,979,6,1,386.9,386.9
2934,979,37,4,121.39,485.56
2935,979,48,1,160.97,160.97
2936,979,72,2,257.72,515.44
2937,979,5,2,175.97,351.94
2938,980,32,3,100.46,301.38
2939,980,78,1,441.78,441.78
2940,980,88,1,322.06,322.06
2941,980,48,4,160.97,643.88
2942,981,74,4,463.46,1853.84
2943,982,70,5,380.26,1901.3
2944,983,98,4,152.13,608.52
2945,983,46,2,455.87,911.74
2946,983,59,2,132.49,264.98
2947,983,86,4,405.91,1623.64
2948,984,52,1,134.43,134.43
2949,984,64,1,404.34,404.34
2950,984,80,1,135.98,135.98
2951,985,78,3,441.78,1325.34
2952,985,72,1,257.72,257.72
2953,986,95,4,397.59,1590.36
2954,986,17,2,375.79,751.58
2955,986,57,5,55.56,277.8
2956,987,32,1,100.46,100.46
2957,987,70,1,380.26,380.26
2958,987,75,3,190.13,570.39
2959,987,82,4,327.17,1308.68
2960,988,63,4,380.74,1522.96
2961,988,75,4,190.13,760.52
2962,988,90,3,420.61,1261.83
2963,988,63,4,380.74,1522.96
2964,989,30,5,193.42,967.1
2965,989,90,1,420.61,420.61
2966,990,75,3,190.13,570.39
2967,990,99,2,403.91,807.82
2968,990,8,3,297.2,891.6
2969,990,28,4,299.14,1196.56
2970,990,4,1,217.56,217.56
2971,991,11,2,300.33,600.66
2972,992,62,5,444.18,2220.9
2973,993,22,4,271.14,1084.56
2974,993,20,3,411.46,1234.38
2975,993,21,4,360.32,1441.28
2976,993,14,2,40.76,81.52
2977,993,27,3,109.12,327.36
2978,994,40,5,225.49,1127.45
2979,994,68,3,488.86,1466.58
2980,995,45,1,184.89,184.89
2981,995,84,2,362.77,725.54
2982,996,2,5,13.76,68.8
2983,996,11,3,300.33,900.99
2984,996,53,4,105.42,421.68
2985,996,45,4,184.89,739.56
2986,996,96,2,24.45,48.9
2987,997,90,5,420.61,2103.05
2988,997,77,1,493.21,493.21
2989,997,88,1,322.06,322.06
2990,997,13,1,260.92,260.92
2991,997,84,1,362.77,362.77
2992,998,24,5,386.82,1934.1
2993,998,63,2,380.74,761.48
2994,998,69,5,64.44,322.2
2995,999,81,5,69.38,346.9
2996,999,66,5,102.27,511.35
2997,999,73,5,446.53,2232.65
2998,999,57,1,55.56,55.56
2999,999,42,3,241.8,725.4
3000,1000,6,4,386.9,1547.6
3001,1000,6,5,386.9,1934.5
3002,1000,50,4,58.66,234.64
3003,1000,60,5,317.43,1587.15
3004,1001,100,4,479.73,1918.92
3005,1002,87,1,485.79,485.79
3006,1002,9,4,93.48,373.92
3007,1003,3,4,275.8,1103.2
3008,1003,12,2,195.25,390.5
3009,1004,70,3,380.26,1140.78
3010,1004,63,3,380.74,1142.22
3011,1004,95,3,397.59,1192.77
3012,1005,88,5,322.06,1610.3
3013,1005,35,4,121.6,486.4
3014,1006,27,5,109.12,545.6
3015,1006,39,3,259.68,779.04
3016,1006,83,5,470.19,2350.95
3017,1007,20,4,411.46,1645.84
3018,1008,68,3,488.86,1466.58
3019,1008,38,2,293.18,586.36
3020,1008,35,2,121.6,243.2
3021,1009,57,3,55.56,166.68
3022,1010,44,5,183.81,919.05
3023,1010,92,5,267.01,1335.05
3024,1011,84,1,362.77,362.77
3025,1011,94,1,443.5,443.5
3026,1011,93,2,389.08,778.16
3027,1011,59,1,132.49,132.49
3028,1011,67,3,319.21,957.63
3029,1012,39,2,259.68,519.36
3030,1012,50,4,58.66,234.64
3031,1012,89,1,133.38,133.38
3032,1012,39,4,259.68,1038.72
3033,1012,82,5,327.17,1635.85
3034,1013,35,3,121.6,364.8
3035,1014,42,3,241.8,725.4
3036,1015,14,1,40.76,40.76
3037,1015,25,1,392.86,392.86
3038,1016,77,3,493.21,1479.63
3039,1016,85,2,65.06,130.12
3040,1016,64,5,404.34,2021.7
3041,1017,71,4,234.88,939.52
3042,1017,79,3,460.63,1381.89
3043,1017,62,4,444.18,1776.72
3044,1017,54,2,345.07,690.14
3045,1017,45,2,184.89,369.78
3046,1018,91,3,336.75,1010.25
3047,1018,42,3,241.8,725.4
3048,1018,75,1,190.13,190.13
3049,1019,37,4,121.39,485.56
3050,1019,55,2,47.97,95.94
3051,1019,61,2,309.79,619.58
3052,1020,25,3,392.86,1178.58
3053,1020,79,3,460.63,1381.89
3054,1020,60,1,317.43,317.43
3055,1020,99,1,403.91,403.91
3056,1020,11,4,300.33,1201.32
3057,1021,82,4,327.17,1308.68
3058,1021,53,2,105.42,210.84
3059,1022,85,5,65.06,325.3
3060,1022,44,1,183.81,183.81
3061,1022,89,3,133.38,400.14
3062,1023,87,2,485.79,971.58
3063,1023,31,2,492.66,985.32
3064,1023,26,2,20.11,40.22
3065,1023,51,5,290.5,1452.5
3066,1024,62,3,444.18,1332.54
3067,1024,23,3,157.5,472.5
3068,1024,72,4,257.72,1030.88
3069,1025,61,5,309.79,1548.95
3070,1025,9,2,93.48,186.96
3071,1026,89,2,133.38,266.76
3072,1026,81,2,69.38,138.76
3073,1026,40,3,225.49,676.47
3074,1027,81,5,69.38,346.9
3075,1027,9,4,93.48,373.92
3076,1028,16,3,54.7,164.1
3077,1029,75,3,190.13,570.39
3078,1029,98,4,152.13,608.52
3079,1029,66,4,102.27,409.08
3080,1029,63,4,380.74,1522.96
3081,1030,65,3,103.56,310.68
3082,1030,25,5,392.86,1964.3
3083,1030,81,5,69.38,346.9
3084,1030,45,1,184.89,184.89
3085,1031,73,5,446.53,2232.65
3086,1031,67,4,319.21,1276.84
3087,1031,33,3,99.83,299.49
3088,1031,29,1,118.85,118.85
3089,1032,90,4,420.61,1682.44
3090,1032,68,3,488.86,1466.58
3091,1032,15,2,31.65,63.3
3092,1032,72,2,257.72,515.44
3093,1033,85,1,65.06,65.06
3094,1034,40,5,225.49,1127.45
3095,1035,12,1,195.25,195.25
3096,1036,82,4,327.17,1308.68
3097,1036,91,2,336.75,673.5
3098,1036,43,2,365.01,730.02
3099,1036,19,1,59.16,59.16
3100,1036,43,2,365.01,730.02
3101,1037,88,3,322.06,966.18
3102,1037,42,3,241.8,725.4
3103,1037,60,5,317.43,1587.15
3104,1038,8,3,297.2,891.6
3105,1038,92,4,267.01,1068.04
3106,1039,67,1,319.21,319.21
3107,1039,42,1,241.8,241.8
3108,1039,75,1,190.13,190.13
3109,1040,17,1,375.79,375.79
3110,1040,58,3,260.13,780.39
3111,1040,41,1,71.84,71.84
3112,1040,37,3,121.39,364.17
3113,1040,68,2,488.86,977.72
3114,1041,76,3,283.55,850.65
3115,1041,4,3,217.56,652.68
3116,1041,36,1,146.18,146.18
3117,1041,70,1,380.26,380.26
3118,1042,78,2,441.78,883.56
3119,1043,78,1,441.78,441.78
3120,1044,95,5,397.59,1987.95
3121,1044,92,1,267.01,267.01
3122,1044,23,4,157.5,630
3123,1044,34,3,435.95,1307.85
3124,1044,22,1,271.14,271.14
3125,1045,33,1,99.83,99.83
3126,1045,44,4,183.81,735.24
3127,1045,17,1,375.79,375.79
3128,1045,44,1,183.81,183.81
3129,1046,88,1,322.06,322.06
3130,1046,82,5,327.17,1635.85
3131,1046,18,1,111.88,111.88
3132,1046,18,5,111.88,559.4
3133,1046,49,2,168.14,336.28
3134,1047,20,2,411.46,822.92
3135,1047,24,1,386.82,386.82
3136,1047,64,3,404.34,1213.02
3137,1047,37,3,121.39,364.17
3138,1047,81,2,69.38,138.76
3139,1048,97,2,337.32,674.64
3140,1048,92,5,267.01,1335.05
3141,1048,95,5,397.59,1987.95
3142,1048,65,2,103.56,207.12
3143,1048,52,5,134.43,672.15
3144,1049,32,4,100.46,401.84
3145,1050,94,3,443.5,1330.5
3146,1050,14,5,40.76,203.8
3147,1051,68,3,488.86,1466.58
3148,1051,10,1,360.58,360.58
3149,1051,51,4,290.5,1162
3150,1052,75,2,190.13,380.26
3151,1052,94,2,443.5,887
3152,1052,80,3,135.98,407.94
3153,1053,9,1,93.48,93.48
3154,1053,79,2,460.63,921.26
3155,1053,81,2,69.38,138.76
3156,1053,49,4,168.14,672.56
3157,1053,69,2,64.44,128.88
3158,1054,100,2,479.73,959.46
3159,1054,35,4,121.6,486.4
3160,1054,87,1,485.79,485.79
3161,1054,50,5,58.66,293.3
3162,1055,4,5,217.56,1087.8
3163,1056,16,2,54.7,109.4
3164,1056,96,5,24.45,122.25
3165,1056,24,2,386.82,773.64
3166,1056,72,5,257.72,1288.6
3167,1057,27,1,109.12,109.12
3168,1057,66,1,102.27,102.27
3169,1057,67,4,319.21,1276.84
3170,1057,96,3,24.45,73.35
3171,1057,93,5,389.08,1945.4
3172,1058,57,5,55.56,277.8
3173,1058,98,3,152.13,456.39
3174,1059,39,2,259.68,519.36
3175,1059,38,1,293.18,293.18
3176,1059,89,3,133.38,400.14
3177,1059,53,3,105.42,316.26
3178,1059,71,1,234.88,234.88
3179,1060,77,2,493.21,986.42
3180,1060,79,3,460.63,1381.89
3181,1061,44,2,183.81,367.62
3182,1061,23,1,157.5,157.5
3183,1061,37,3,121.39,364.17
3184,1062,5,5,175.97,879.85
3185,1063,62,4,444.18,1776.72
3186,1063,56,5,208.09,1040.45
3187,1063,27,1,109.12,109.12
3188,1063,38,2,293.18,586.36
3189,1064,90,3,420.61,1261.83
3190,1065,38,5,293.18,1465.9
3191,1065,97,5,337.32,1686.6
3192,1065,50,3,58.66,175.98
3193,1065,79,4,460.63,1842.52
3194,1066,58,4,260.13,1040.52
3195,1066,10,2,360.58,721.16
3196,1066,91,2,336.75,673.5
3197,1066,38,3,293.18,879.54
3198,1067,54,2,345.07,690.14
3199,1067,13,1,260.92,260.92
3200,1067,62,5,444.18,2220.9
3201,1067,52,3,134.43,403.29
3202,1067,73,3,446.53,1339.59
3203,1068,17,1,375.79,375.79
3204,1068,66,2,102.27,204.54
3205,1068,85,4,65.06,260.24
3206,1068,98,1,152.13,152.13
3207,1069,37,1,121.39,121.39
3208,1069,82,4,327.17,1308.68
3209,1069,20,1,411.46,411.46
3210,1069,2,4,13.76,55.04
3211,1069,86,2,405.91,811.82
3212,1070,71,3,234.88,704.64
3213,1070,56,1,208.09,208.09
3214,1070,91,4,336.75,1347
3215,1071,82,4,327.17,1308.68
3216,1071,73,4,446.53,1786.12
3217,1071,69,3,64.44,193.32
3218,1072,78,2,441.78,883.56
3219,1072,30,3,193.42,580.26
3220,1072,90,2,420.61,841.22
3221,1072,7,3,102.83,308.49
3222,1072,55,2,47.97,95.94
3223,1073,66,3,102.27,306.81
3224,1073,21,1,360.32,360.32
3225,1073,65,4,103.56,414.24
3226,1074,50,3,58.66,175.98
3227,1074,86,1,405.91,405.91
3228,1075,52,4,134.43,537.72
3229,1075,80,5,135.98,679.9
3230,1075,23,3,157.5,472.5
3231,1075,76,3,283.55,850.65
3232,1075,34,4,435.95,1743.8
3233,1076,8,3,297.2,891.6
3234,1076,6,5,386.9,1934.5
3235,1076,82,2,327.17,654.34
3236,1076,40,2,225.49,450.98
3237,1077,47,5,288.68,1443.4
3238,1078,80,2,135.98,271.96
3239,1078,86,2,405.91,811.82
3240,1078,9,1,93.48,93.48
3241,1078,87,2,485.79,971.58
3242,1078,50,3,58.66,175.98
3243,1079,40,2,225.49,450.98
3244,1079,71,4,234.88,939.52
3245,1080,62,5,444.18,2220.9
3246,1080,91,3,336.75,1010.25
3247,1080,62,1,444.18,444.18
3248,1080,97,5,337.32,1686.6
3249,1080,11,3,300.33,900.99
3250,1081,96,3,24.45,73.35
3251,1081,67,2,319.21,638.42
3252,1081,25,1,392.86,392.86
3253,1081,73,5,446.53,2232.65
3254,1082,64,3,404.34,1213.02
3255,1082,22,1,271.14,271.14
3256,1082,6,3,386.9,1160.7
3257,1082,51,5,290.5,1452.5
3258,1083,44,4,183.81,735.24
3259,1083,74,2,463.46,926.92
3260,1083,90,2,420.61,841.22
3261,1084,9,4,93.48,373.92
3262,1085,18,5,111.88,559.4
3263,1085,32,5,100.46,502.3
3264,1086,66,5,102.27,511.35
3265,1086,91,1,336.75,336.75
3266,1086,56,5,208.09,1040.45
3267,1086,51,5,290.5,1452.5
3268,1086,100,3,479.73,1439.19
3269,1087,47,5,288.68,1443.4
3270,1088,81,1,69.38,69.38
3271,1088,51,3,290.5,871.5
3272,1088,9,1,93.48,93.48
3273,1088,7,1,102.83,102.83
3274,1089,46,4,455.87,1823.48
3275,1089,56,2,208.09,416.18
3276,1089,34,2,435.95,871.9
3277,1090,80,5,135.98,679.9
3278,1090,67,3,319.21,957.63
3279,1091,9,4,93.48,373.92
3280,1092,30,1,193.42,193.42
3281,1092,56,1,208.09,208.09
3282,1092,28,3,299.14,897.42
3283,1092,43,2,365.01,730.02
3284,1092,65,3,103.56,310.68
3285,1093,85,5,65.06,325.3
3286,1094,3,5,275.8,1379
3287,1094,33,2,99.83,199.66
3288,1094,81,5,69.38,346.9
3289,1095,6,5,386.9,1934.5
3290,1095,88,5,322.06,1610.3
3291,1095,83,3,470.19,1410.57
3292,1095,98,4,152.13,608.52
3293,1096,15,2,31.65,63.3
3294,1096,42,3,241.8,725.4
3295,1096,15,2,31.65,63.3
3296,1096,17,5,375.79,1878.95
3297,1097,5,4,175.97,703.88
3298,1097,93,2,389.08,778.16
3299,1097,34,2,435.95,871.9
3300,1098,37,2,121.39,242.78
3301,1099,26,5,20.11,100.55
3302,1099,41,3,71.84,215.52
3303,1099,59,2,132.49,264.98
3304,1099,2,2,13.76,27.52
3305,1100,76,2,283.55,567.1
3306,1101,51,5,290.5,1452.5
3307,1102,5,5,175.97,879.85
3308,1102,63,2,380.74,761.48
3309,1102,24,4,386.82,1547.28
3310,1102,6,1,386.9,386.9
3311,1102,36,5,146.18,730.9
3312,1103,18,5,111.88,559.4
3313,1103,76,3,283.55,850.65
3314,1103,30,4,193.42,773.68
3315,1104,84,4,362.77,1451.08
3316,1104,63,3,380.74,1142.22
3317,1104,80,3,135.98,407.94
3318,1104,41,5,71.84,359.2
3319,1105,70,5,380.26,1901.3
3320,1106,4,3,217.56,652.68
3321,1106,80,2,135.98,271.96
3322,1106,84,1,362.77,362.77
3323,1106,97,5,337.32,1686.6
3324,1106,95,5,397.59,1987.95
3325,1107,9,2,93.48,186.96
3326,1107,53,1,105.42,105.42
3327,1107,58,3,260.13,780.39
3328,1107,20,2,411.46,822.92
3329,1108,20,5,411.46,2057.3
3330,1108,84,2,362.77,725.54
3331,1108,61,1,309.79,309.79
3332,1108,77,3,493.21,1479.63
3333,1108,79,1,460.63,460.63
3334,1109,77,3,493.21,1479.63
3335,1110,91,3,336.75,1010.25
3336,1110,66,4,102.27,409.08
3337,1111,7,1,102.83,102.83
3338,1112,15,1,31.65,31.65
3339,1113,48,1,160.97,160.97
3340,1113,73,3,446.53,1339.59
3341,1113,20,4,411.46,1645.84
3342,1114,96,4,24.45,97.8
3343,1114,74,2,463.46,926.92
3344,1114,3,3,275.8,827.4
3345,1114,29,3,118.85,356.55
3346,1115,7,2,102.83,205.66
3347,1115,67,5,319.21,1596.05
3348,1116,87,4,485.79,1943.16
3349,1116,41,5,71.84,359.2
3350,1116,54,5,345.07,1725.35
3351,1116,59,5,132.49,662.45
3352,1116,32,1,100.46,100.46
3353,1117,79,1,460.63,460.63
3354,1118,21,4,360.32,1441.28
3355,1118,100,3,479.73,1439.19
3356,1118,56,5,208.09,1040.45
3357,1118,9,5,93.48,467.4
3358,1118,1,1,263.13,263.13
3359,1119,62,2,444.18,888.36
3360,1120,28,3,299.14,897.42
3361,1120,40,4,225.49,901.96
3362,1120,60,4,317.43,1269.72
3363,1120,80,2,135.98,271.96
3364,1120,13,4,260.92,1043.68
3365,1121,52,1,134.43,134.43
3366,1121,73,3,446.53,1339.59
3367,1121,63,5,380.74,1903.7
3368,1121,70,1,380.26,380.26
3369,1122,85,2,65.06,130.12
3370,1123,92,3,267.01,801.03
3371,1123,30,1,193.42,193.42
3372,1123,16,3,54.7,164.1
3373,1123,7,2,102.83,205.66
3374,1124,67,2,319.21,638.42
3375,1125,2,1,13.76,13.76
3376,1125,21,5,360.32,1801.6
3377,1126,82,3,327.17,981.51
3378,1126,79,3,460.63,1381.89
3379,1126,61,1,309.79,309.79
3380,1126,65,5,103.56,517.8
3381,1127,47,2,288.68,577.36
3382,1128,100,1,479.73,479.73
3383,1129,78,1,441.78,441.78
3384,1129,14,2,40.76,81.52
3385,1129,54,3,345.07,1035.21
3386,1129,72,3,257.72,773.16
3387,1130,62,2,444.18,888.36
3388,1131,86,5,405.91,2029.55
3389,1131,15,1,31.65,31.65
3390,1131,61,5,309.79,1548.95
3391,1131,60,1,317.43,317.43
3392,1131,8,5,297.2,1486
3393,1132,5,2,175.97,351.94
3394,1132,5,2,175.97,351.94
3395,1132,100,2,479.73,959.46
3396,1133,75,3,190.13,570.39
3397,1133,90,4,420.61,1682.44
3398,1133,98,2,152.13,304.26
3399,1133,58,1,260.13,260.13
3400,1134,33,3,99.83,299.49
3401,1134,74,4,463.46,1853.84
3402,1134,32,3,100.46,301.38
3403,1134,91,3,336.75,1010.25
3404,1134,3,4,275.8,1103.2
3405,1135,7,1,102.83,102.83
3406,1135,84,4,362.77,1451.08
3407,1135,5,3,175.97,527.91
3408,1135,78,1,441.78,441.78
3409,1136,74,1,463.46,463.46
3410,1136,63,4,380.74,1522.96
3411,1136,41,5,71.84,359.2
3412,1136,77,5,493.21,2466.05
3413,1136,9,1,93.48,93.48
3414,1137,43,2,365.01,730.02
3415,1137,59,5,132.49,662.45
3416,1137,86,3,405.91,1217.73
3417,1137,74,1,463.46,463.46
3418,1137,24,1,386.82,386.82
3419,1138,9,5,93.48,467.4
3420,1138,38,5,293.18,1465.9
3421,1138,68,2,488.86,977.72
3422,1138,83,3,470.19,1410.57
3423,1138,30,5,193.42,967.1
3424,1139,28,2,299.14,598.28
3425,1139,49,4,168.14,672.56
3426,1140,5,3,175.97,527.91
3427,1140,4,3,217.56,652.68
3428,1140,56,5,208.09,1040.45
3429,1140,47,2,288.68,577.36
3430,1141,50,5,58.66,293.3
3431,1141,74,5,463.46,2317.3
3432,1141,31,1,492.66,492.66
3433,1141,53,1,105.42,105.42
3434,1141,30,5,193.42,967.1
3435,1142,94,3,443.5,1330.5
3436,1142,12,5,195.25,976.25
3437,1142,48,3,160.97,482.91
3438,1142,9,4,93.48,373.92
3439,1142,22,3,271.14,813.42
3440,1143,25,5,392.86,1964.3
3441,1143,23,3,157.5,472.5
3442,1143,45,3,184.89,554.67
3443,1143,30,4,193.42,773.68
3444,1143,95,4,397.59,1590.36
3445,1144,73,3,446.53,1339.59
3446,1144,63,1,380.74,380.74
3447,1144,35,4,121.6,486.4
3448,1144,26,4,20.11,80.44
3449,1145,40,3,225.49,676.47
3450,1145,85,4,65.06,260.24
3451,1145,50,2,58.66,117.32
3452,1146,56,1,208.09,208.09
3453,1146,77,3,493.21,1479.63
3454,1146,5,5,175.97,879.85
3455,1146,56,2,208.09,416.18
3456,1147,32,2,100.46,200.92
3457,1148,14,1,40.76,40.76
3458,1148,6,3,386.9,1160.7
3459,1148,87,2,485.79,971.58
3460,1148,9,4,93.48,373.92
3461,1148,91,5,336.75,1683.75
3462,1149,98,3,152.13,456.39
3463,1149,94,2,443.5,887
3464,1149,1,4,263.13,1052.52
3465,1150,9,3,93.48,280.44
3466,1151,23,4,157.5,630
3467,1151,39,2,259.68,519.36
3468,1152,50,5,58.66,293.3
3469,1152,81,2,69.38,138.76
3470,1153,89,5,133.38,666.9
3471,1153,53,4,105.42,421.68
3472,1153,88,5,322.06,1610.3
3473,1153,75,3,190.13,570.39
3474,1154,43,2,365.01,730.02
3475,1154,13,4,260.92,1043.68
3476,1155,65,5,103.56,517.8
3477,1155,42,4,241.8,967.2
3478,1156,68,2,488.86,977.72
3479,1156,15,5,31.65,158.25
3480,1156,88,5,322.06,1610.3
3481,1157,72,5,257.72,1288.6
3482,1157,79,2,460.63,921.26
3483,1157,99,3,403.91,1211.73
3484,1157,78,3,441.78,1325.34
3485,1158,60,5,317.43,1587.15
3486,1158,16,5,54.7,273.5
3487,1158,92,1,267.01,267.01
3488,1159,26,3,20.11,60.33
3489,1159,85,2,65.06,130.12
3490,1159,86,1,405.91,405.91
3491,1159,80,3,135.98,407.94
3492,1159,77,1,493.21,493.21
3493,1160,51,1,290.5,290.5
3494,1161,78,1,441.78,441.78
3495,1161,66,5,102.27,511.35
3496,1161,92,4,267.01,1068.04
3497,1161,19,3,59.16,177.48
3498,1162,65,5,103.56,517.8
3499,1163,51,3,290.5,871.5
3500,1163,48,3,160.97,482.91
3501,1163,10,1,360.58,360.58
3502,1164,44,4,183.81,735.24
3503,1164,51,5,290.5,1452.5
3504,1165,83,3,470.19,1410.57
3505,1165,44,4,183.81,735.24
3506,1165,45,3,184.89,554.67
3507,1165,15,2,31.65,63.3
3508,1166,15,5,31.65,158.25
3509,1166,65,4,103.56,414.24
3510,1167,16,1,54.7,54.7
3511,1167,50,5,58.66,293.3
3512,1167,40,2,225.49,450.98
3513,1167,94,2,443.5,887
3514,1167,49,5,168.14,840.7
3515,1168,57,5,55.56,277.8
3516,1168,9,3,93.48,280.44
3517,1168,29,4,118.85,475.4
3518,1169,74,2,463.46,926.92
3519,1169,100,2,479.73,959.46
3520,1169,80,1,135.98,135.98
3521,1169,36,3,146.18,438.54
3522,1170,88,5,322.06,1610.3
3523,1170,84,1,362.77,362.77
3524,1170,28,2,299.14,598.28
3525,1171,66,5,102.27,511.35
3526,1172,57,4,55.56,222.24
3527,1173,59,3,132.49,397.47
3528,1173,52,5,134.43,672.15
3529,1173,51,5,290.5,1452.5
3530,1173,56,1,208.09,208.09
3531,1173,28,5,299.14,1495.7
3532,1174,1,2,263.13,526.26
3533,1174,90,1,420.61,420.61
3534,1174,55,5,47.97,239.85
3535,1175,74,4,463.46,1853.84
3536,1176,84,5,362.77,1813.85
3537,1177,25,2,392.86,785.72
3538,1177,67,5,319.21,1596.05
3539,1177,20,3,411.46,1234.38
3540,1177,72,1,257.72,257.72
3541,1177,35,3,121.6,364.8
3542,1178,97,1,337.32,337.32
3543,1179,96,4,24.45,97.8
3544,1179,83,2,470.19,940.38
3545,1180,36,5,146.18,730.9
3546,1180,46,1,455.87,455.87
3547,1180,54,5,345.07,1725.35
3548,1181,31,5,492.66,2463.3
3549,1182,49,5,168.14,840.7
3550,1183,74,2,463.46,926.92
3551,1183,30,5,193.42,967.1
3552,1184,68,1,488.86,488.86
3553,1185,56,1,208.09,208.09
3554,1185,62,1,444.18,444.18
3555,1185,13,2,260.92,521.84
3556,1185,18,4,111.88,447.52
3557,1186,27,2,109.12,218.24
3558,1186,14,3,40.76,122.28
3559,1186,39,5,259.68,1298.4
3560,1187,83,3,470.19,1410.57
3561,1187,19,1,59.16,59.16
3562,1187,97,3,337.32,1011.96
3563,1188,5,3,175.97,527.91
3564,1188,47,4,288.68,1154.72
3565,1189,31,2,492.66,985.32
3566,1190,21,3,360.32,1080.96
3567,1190,35,3,121.6,364.8
3568,1190,73,2,446.53,893.06
3569,1190,40,5,225.49,1127.45
3570,1191,24,1,386.82,386.82
3571,1192,33,4,99.83,399.32
3572,1192,93,1,389.08,389.08
3573,1193,99,4,403.91,1615.64
3574,1193,73,1,446.53,446.53
3575,1193,37,1,121.39,121.39
3576,1193,96,2,24.45,48.9
3577,1194,54,5,345.07,1725.35
3578,1194,96,5,24.45,122.25
3579,1194,87,3,485.79,1457.37
3580,1194,89,5,133.38,666.9
3581,1195,74,5,463.46,2317.3
3582,1195,51,1,290.5,290.5
3583,1196,37,3,121.39,364.17
3584,1196,20,5,411.46,2057.3
3585,1197,16,5,54.7,273.5
3586,1198,36,3,146.18,438.54
3587,1198,25,3,392.86,1178.58
3588,1198,86,1,405.91,405.91
3589,1199,32,2,100.46,200.92
3590,1199,96,3,24.45,73.35
3591,1199,64,5,404.34,2021.7
3592,1199,46,2,455.87,911.74
3593,1200,83,4,470.19,1880.76
3594,1200,2,2,13.76,27.52
3595,1200,98,1,152.13,152.13
3596,1200,52,1,134.43,134.43
3597,1201,18,4,111.88,447.52
3598,1201,61,5,309.79,1548.95
3599,1201,78,5,441.78,2208.9
3600,1201,33,3,99.83,299.49
3601,1201,1,3,263.13,789.39
3602,1202,88,4,322.06,1288.24
3603,1202,42,4,241.8,967.2
3604,1202,68,1,488.86,488.86
3605,1203,98,5,152.13,760.65
3606,1203,90,5,420.61,2103.05
3607,1204,91,5,336.75,1683.75
3608,1205,67,5,319.21,1596.05
3609,1205,70,5,380.26,1901.3
3610,1205,21,1,360.32,360.32
3611,1205,98,5,152.13,760.65
3612,1206,84,3,362.77,1088.31
3613,1206,34,2,435.95,871.9
3614,1206,20,1,411.46,411.46
3615,1206,14,5,40.76,203.8
3616,1207,12,3,195.25,585.75
3617,1207,70,3,380.26,1140.78
3618,1207,70,2,380.26,760.52
3619,1208,68,1,488.86,488.86
3620,1209,16,3,54.7,164.1
3621,1209,56,1,208.09,208.09
3622,1209,18,1,111.88,111.88
3623,1209,50,5,58.66,293.3
3624,1209,89,2,133.38,266.76
3625,1210,40,1,225.49,225.49
3626,1210,31,5,492.66,2463.3
3627,1211,18,5,111.88,559.4
3628,1212,91,4,336.75,1347
3629,1212,32,3,100.46,301.38
3630,1212,59,2,132.49,264.98
3631,1212,17,1,375.79,375.79
3632,1212,2,2,13.76,27.52
3633,1213,31,5,492.66,2463.3
3634,1214,79,4,460.63,1842.52
3635,1214,68,1,488.86,488.86
3636,1214,61,1,309.79,309.79
3637,1215,81,5,69.38,346.9
3638,1215,90,5,420.61,2103.05
3639,1216,87,3,485.79,1457.37
3640,1216,40,5,225.49,1127.45
3641,1216,5,3,175.97,527.91
3642,1216,59,4,132.49,529.96
3643,1216,9,5,93.48,467.4
3644,1217,15,2,31.65,63.3
3645,1217,98,5,152.13,760.65
3646,1217,54,4,345.07,1380.28
3647,1217,24,5,386.82,1934.1
3648,1218,26,1,20.11,20.11
3649,1218,57,2,55.56,111.12
3650,1218,51,1,290.5,290.5
3651,1218,71,1,234.88,234.88
3652,1219,26,1,20.11,20.11
3653,1219,90,4,420.61,1682.44
3654,1220,77,5,493.21,2466.05
3655,1220,81,4,69.38,277.52
3656,1220,6,2,386.9,773.8
3657,1220,31,4,492.66,1970.64
3658,1220,17,2,375.79,751.58
3659,1221,84,1,362.77,362.77
3660,1222,17,3,375.79,1127.37
3661,1223,22,2,271.14,542.28
3662,1223,47,1,288.68,288.68
3663,1224,8,5,297.2,1486
3664,1225,91,4,336.75,1347
3665,1226,75,5,190.13,950.65
3666,1227,50,4,58.66,234.64
3667,1227,9,2,93.48,186.96
3668,1227,53,5,105.42,527.1
3669,1227,21,1,360.32,360.32
3670,1228,31,2,492.66,985.32
3671,1228,14,2,40.76,81.52
3672,1228,97,4,337.32,1349.28
3673,1228,98,5,152.13,760.65
3674,1229,57,2,55.56,111.12
3675,1229,87,1,485.79,485.79
3676,1229,61,2,309.79,619.58
3677,1230,73,3,446.53,1339.59
3678,1230,99,3,403.91,1211.73
3679,1230,14,4,40.76,163.04
3680,1230,1,5,263.13,1315.65
3681,1231,69,5,64.44,322.2
3682,1232,95,4,397.59,1590.36
3683,1233,41,4,71.84,287.36
3684,1233,46,4,455.87,1823.48
3685,1233,54,1,345.07,345.07
3686,1233,24,3,386.82,1160.46
3687,1233,92,5,267.01,1335.05
3688,1234,16,2,54.7,109.4
3689,1235,89,1,133.38,133.38
3690,1235,58,5,260.13,1300.65
3691,1236,2,5,13.76,68.8
3692,1237,64,5,404.34,2021.7
3693,1237,16,1,54.7,54.7
3694,1237,25,4,392.86,1571.44
3695,1237,16,4,54.7,218.8
3696,1237,21,1,360.32,360.32
3697,1238,94,2,443.5,887
3698,1238,3,1,275.8,275.8
3699,1238,86,4,405.91,1623.64
3700,1239,38,1,293.18,293.18
3701,1239,18,4,111.88,447.52
3702,1240,84,1,362.77,362.77
3703,1240,84,4,362.77,1451.08
3704,1240,91,4,336.75,1347
3705,1240,42,4,241.8,967.2
3706,1241,34,2,435.95,871.9
3707,1242,100,3,479.73,1439.19
3708,1242,63,3,380.74,1142.22
3709,1243,22,4,271.14,1084.56
3710,1243,85,3,65.06,195.18
3711,1243,5,5,175.97,879.85
3712,1243,20,5,411.46,2057.3
3713,1244,23,3,157.5,472.5
3714,1244,40,2,225.49,450.98
3715,1244,84,5,362.77,1813.85
3716,1244,10,3,360.58,1081.74
3717,1245,10,1,360.58,360.58
3718,1245,58,5,260.13,1300.65
3719,1245,68,4,488.86,1955.44
3720,1246,100,4,479.73,1918.92
3721,1246,79,2,460.63,921.26
3722,1246,80,1,135.98,135.98
3723,1247,23,5,157.5,787.5
3724,1247,27,1,109.12,109.12
3725,1247,24,1,386.82,386.82
3726,1248,38,4,293.18,1172.72
3727,1248,37,3,121.39,364.17
3728,1248,90,3,420.61,1261.83
3729,1248,46,4,455.87,1823.48
3730,1249,61,2,309.79,619.58
3731,1249,75,4,190.13,760.52
3732,1249,89,3,133.38,400.14
3733,1249,34,3,435.95,1307.85
3734,1250,92,2,267.01,534.02
3735,1250,83,2,470.19,940.38
3736,1250,4,1,217.56,217.56
3737,1250,58,5,260.13,1300.65
3738,1251,61,1,309.79,309.79
3739,1251,96,1,24.45,24.45
3740,1251,80,5,135.98,679.9
3741,1251,9,1,93.48,93.48
3742,1251,28,3,299.14,897.42
3743,1252,9,5,93.48,467.4
3744,1252,22,1,271.14,271.14
3745,1252,61,1,309.79,309.79
3746,1253,17,1,375.79,375.79
3747,1253,55,5,47.97,239.85
3748,1253,21,2,360.32,720.64
3749,1253,93,4,389.08,1556.32
3750,1253,7,4,102.83,411.32
3751,1254,28,5,299.14,1495.7
3752,1254,56,3,208.09,624.27
3753,1254,95,2,397.59,795.18
3754,1254,31,5,492.66,2463.3
3755,1255,24,4,386.82,1547.28
3756,1256,39,4,259.68,1038.72
3757,1256,46,5,455.87,2279.35
3758,1256,81,1,69.38,69.38
3759,1256,61,1,309.79,309.79
3760,1257,26,1,20.11,20.11
3761,1257,64,4,404.34,1617.36
3762,1257,63,4,380.74,1522.96
3763,1257,42,1,241.8,241.8
3764,1258,5,5,175.97,879.85
3765,1258,60,1,317.43,317.43
3766,1258,20,3,411.46,1234.38
3767,1259,92,5,267.01,1335.05
3768,1259,32,1,100.46,100.46
3769,1259,13,5,260.92,1304.6
3770,1259,81,5,69.38,346.9
3771,1260,41,1,71.84,71.84
3772,1260,30,4,193.42,773.68
3773,1260,6,1,386.9,386.9
3774,1260,13,5,260.92,1304.6
3775,1261,25,4,392.86,1571.44
3776,1261,10,1,360.58,360.58
3777,1261,7,1,102.83,102.83
3778,1261,85,5,65.06,325.3
3779,1261,58,5,260.13,1300.65
3780,1262,25,3,392.86,1178.58
3781,1262,32,1,100.46,100.46
3782,1263,92,2,267.01,534.02
3783,1263,17,4,375.79,1503.16
3784,1263,39,3,259.68,779.04
3785,1263,92,2,267.01,534.02
3786,1263,57,5,55.56,277.8
3787,1264,26,3,20.11,60.33
3788,1264,81,2,69.38,138.76
3789,1264,53,4,105.42,421.68
3790,1265,92,3,267.01,801.03
3791,1265,82,5,327.17,1635.85
3792,1265,18,2,111.88,223.76
3793,1265,23,3,157.5,472.5
3794,1266,82,4,327.17,1308.68
3795,1266,26,1,20.11,20.11
3796,1266,30,3,193.42,580.26
3797,1266,94,3,443.5,1330.5
3798,1266,65,5,103.56,517.8
3799,1267,60,3,317.43,952.29
3800,1267,60,4,317.43,1269.72
3801,1267,10,1,360.58,360.58
3802,1268,24,3,386.82,1160.46
3803,1268,88,4,322.06,1288.24
3804,1268,5,2,175.97,351.94
3805,1269,63,3,380.74,1142.22
3806,1269,23,1,157.5,157.5
3807,1269,8,1,297.2,297.2
3808,1270,97,3,337.32,1011.96
3809,1270,44,4,183.81,735.24
3810,1270,88,2,322.06,644.12
3811,1270,67,4,319.21,1276.84
3812,1271,47,1,288.68,288.68
3813,1271,33,3,99.83,299.49
3814,1271,24,5,386.82,1934.1
3815,1271,33,2,99.83,199.66
3816,1272,55,5,47.97,239.85
3817,1272,32,5,100.46,502.3
3818,1272,53,1,105.42,105.42
3819,1273,2,4,13.76,55.04
3820,1274,79,1,460.63,460.63
3821,1274,72,2,257.72,515.44
3822,1274,35,3,121.6,364.8
3823,1274,75,3,190.13,570.39
3824,1274,44,4,183.81,735.24
3825,1275,41,5,71.84,359.2
3826,1275,39,1,259.68,259.68
3827,1275,41,1,71.84,71.84
3828,1275,47,1,288.68,288.68
3829,1276,86,1,405.91,405.91
3830,1277,67,2,319.21,638.42
3831,1277,47,4,288.68,1154.72
3832,1277,11,5,300.33,1501.65
3833,1277,100,4,479.73,1918.92
3834,1277,67,5,319.21,1596.05
3835,1278,42,2,241.8,483.6
3836,1279,22,3,271.14,813.42
3837,1279,93,4,389.08,1556.32
3838,1280,74,4,463.46,1853.84
3839,1280,25,5,392.86,1964.3
3840,1280,54,3,345.07,1035.21
3841,1280,34,1,435.95,435.95
3842,1281,71,3,234.88,704.64
3843,1281,93,3,389.08,1167.24
3844,1281,66,5,102.27,511.35
3845,1282,34,4,435.95,1743.8
3846,1283,56,5,208.09,1040.45
3847,1284,81,4,69.38,277.52
3848,1284,7,1,102.83,102.83
3849,1284,43,2,365.01,730.02
3850,1284,17,3,375.79,1127.37
3851,1285,10,4,360.58,1442.32
3852,1285,15,1,31.65,31.65
3853,1286,64,5,404.34,2021.7
3854,1287,66,1,102.27,102.27
3855,1287,52,2,134.43,268.86
3856,1287,77,4,493.21,1972.84
3857,1287,85,3,65.06,195.18
3858,1287,80,1,135.98,135.98
3859,1288,25,3,392.86,1178.58
3860,1289,92,2,267.01,534.02
3861,1289,74,2,463.46,926.92
3862,1289,8,1,297.2,297.2
3863,1290,24,3,386.82,1160.46
3864,1291,46,4,455.87,1823.48
3865,1291,64,2,404.34,808.68
3866,1291,56,5,208.09,1040.45
3867,1291,100,3,479.73,1439.19
3868,1292,52,5,134.43,672.15
3869,1292,36,1,146.18,146.18
3870,1292,53,3,105.42,316.26
3871,1292,99,5,403.91,2019.55
3872,1292,54,1,345.07,345.07
3873,1293,26,3,20.11,60.33
3874,1293,30,3,193.42,580.26
3875,1294,95,4,397.59,1590.36
3876,1294,90,1,420.61,420.61
3877,1294,84,3,362.77,1088.31
3878,1294,73,5,446.53,2232.65
3879,1294,47,5,288.68,1443.4
3880,1295,48,3,160.97,482.91
3881,1296,86,3,405.91,1217.73
3882,1296,15,4,31.65,126.6
3883,1297,11,2,300.33,600.66
3884,1297,18,1,111.88,111.88
3885,1297,66,3,102.27,306.81
3886,1298,66,1,102.27,102.27
3887,1298,8,1,297.2,297.2
3888,1298,45,4,184.89,739.56
3889,1298,47,3,288.68,866.04
3890,1298,34,3,435.95,1307.85
3891,1299,87,2,485.79,971.58
3892,1300,59,4,132.49,529.96
3893,1300,91,2,336.75,673.5
3894,1300,10,3,360.58,1081.74
3895,1300,11,5,300.33,1501.65
3896,1300,17,4,375.79,1503.16
3897,1301,28,2,299.14,598.28
3898,1301,63,5,380.74,1903.7
3899,1302,25,2,392.86,785.72
3900,1302,10,5,360.58,1802.9
3901,1302,66,5,102.27,511.35
3902,1302,69,2,64.44,128.88
3903,1302,67,2,319.21,638.42
3904,1303,23,3,157.5,472.5
3905,1303,45,1,184.89,184.89
3906,1303,8,3,297.2,891.6
3907,1303,23,1,157.5,157.5
3908,1304,75,4,190.13,760.52
3909,1305,61,2,309.79,619.58
3910,1305,91,5,336.75,1683.75
3911,1305,54,3,345.07,1035.21
3912,1305,20,2,411.46,822.92
3913,1306,62,4,444.18,1776.72
3914,1306,57,4,55.56,222.24
3915,1306,41,2,71.84,143.68
3916,1306,21,5,360.32,1801.6
3917,1307,76,3,283.55,850.65
3918,1307,46,2,455.87,911.74
3919,1307,11,2,300.33,600.66
3920,1307,5,1,175.97,175.97
3921,1308,5,5,175.97,879.85
3922,1308,82,2,327.17,654.34
3923,1308,63,4,380.74,1522.96
3924,1308,90,1,420.61,420.61
3925,1309,85,5,65.06,325.3
3926,1309,24,4,386.82,1547.28
3927,1309,42,1,241.8,241.8
3928,1309,20,2,411.46,822.92
3929,1310,38,5,293.18,1465.9
3930,1311,6,4,386.9,1547.6
3931,1311,80,2,135.98,271.96
3932,1312,35,3,121.6,364.8
3933,1312,98,5,152.13,760.65
3934,1312,14,2,40.76,81.52
3935,1312,24,2,386.82,773.64
3936,1313,40,2,225.49,450.98
3937,1314,21,4,360.32,1441.28
3938,1314,19,5,59.16,295.8
3939,1314,7,3,102.83,308.49
3940,1314,59,1,132.49,132.49
3941,1314,65,3,103.56,310.68
3942,1315,94,2,443.5,887
3943,1315,60,4,317.43,1269.72
3944,1315,24,1,386.82,386.82
3945,1316,92,5,267.01,1335.05
3946,1316,42,5,241.8,1209
3947,1316,49,5,168.14,840.7
3948,1316,66,2,102.27,204.54
3949,1316,67,2,319.21,638.42
3950,1317,11,2,300.33,600.66
3951,1317,32,1,100.46,100.46
3952,1318,14,5,40.76,203.8
3953,1319,58,5,260.13,1300.65
3954,1319,24,5,386.82,1934.1
3955,1319,38,4,293.18,1172.72
3956,1320,81,2,69.38,138.76
3957,1320,93,2,389.08,778.16
3958,1320,12,3,195.25,585.75
3959,1321,12,3,195.25,585.75
3960,1321,32,1,100.46,100.46
3961,1322,90,3,420.61,1261.83
3962,1322,75,5,190.13,950.65
3963,1322,16,3,54.7,164.1
3964,1322,45,5,184.89,924.45
3965,1323,68,1,488.86,488.86
3966,1324,79,3,460.63,1381.89
3967,1325,32,4,100.46,401.84
3968,1325,76,1,283.55,283.55
3969,1325,33,1,99.83,99.83
3970,1326,77,2,493.21,986.42
3971,1326,7,1,102.83,102.83
3972,1326,8,2,297.2,594.4
3973,1327,22,5,271.14,1355.7
3974,1327,53,1,105.42,105.42
3975,1328,72,1,257.72,257.72
3976,1328,36,3,146.18,438.54
3977,1328,72,1,257.72,257.72
3978,1328,56,4,208.09,832.36
3979,1328,38,3,293.18,879.54
3980,1329,64,5,404.34,2021.7
3981,1330,78,1,441.78,441.78
3982,1330,85,3,65.06,195.18
3983,1331,55,5,47.97,239.85
3984,1331,20,3,411.46,1234.38
3985,1331,17,2,375.79,751.58
3986,1331,25,2,392.86,785.72
3987,1331,88,5,322.06,1610.3
3988,1332,36,2,146.18,292.36
3989,1333,34,5,435.95,2179.75
3990,1333,77,3,493.21,1479.63
3991,1333,62,3,444.18,1332.54
3992,1333,95,1,397.59,397.59
3993,1333,60,4,317.43,1269.72
3994,1334,27,2,109.12,218.24
3995,1334,98,3,152.13,456.39
3996,1334,58,4,260.13,1040.52
3997,1335,75,5,190.13,950.65
3998,1335,15,5,31.65,158.25
3999,1335,77,4,493.21,1972.84
4000,1335,60,2,317.43,634.86
4001,1336,82,4,327.17,1308.68
4002,1336,91,2,336.75,673.5
4003,1337,90,3,420.61,1261.83
4004,1337,60,4,317.43,1269.72
4005,1337,26,1,20.11,20.11
4006,1338,74,2,463.46,926.92
4007,1339,43,3,365.01,1095.03
4008,1340,27,1,109.12,109.12
4009,1340,99,3,403.91,1211.73
4010,1341,10,3,360.58,1081.74
4011,1341,96,5,24.45,122.25
4012,1342,46,3,455.87,1367.61
4013,1342,55,3,47.97,143.91
4014,1342,26,3,20.11,60.33
4015,1342,99,4,403.91,1615.64
4016,1343,25,4,392.86,1571.44
4017,1343,16,2,54.7,109.4
4018,1343,17,5,375.79,1878.95
4019,1343,85,5,65.06,325.3
4020,1344,45,2,184.89,369.78
4021,1344,82,2,327.17,654.34
4022,1344,48,4,160.97,643.88
4023,1344,11,3,300.33,900.99
4024,1344,21,1,360.32,360.32
4025,1345,3,1,275.8,275.8
4026,1345,7,2,102.83,205.66
4027,1345,47,4,288.68,1154.72
4028,1346,93,3,389.08,1167.24
4029,1347,70,5,380.26,1901.3
4030,1347,88,4,322.06,1288.24
4031,1348,48,3,160.97,482.91
4032,1348,34,4,435.95,1743.8
4033,1348,51,5,290.5,1452.5
4034,1348,53,1,105.42,105.42
4035,1349,22,4,271.14,1084.56
4036,1349,50,4,58.66,234.64
4037,1349,94,2,443.5,887
4038,1350,94,4,443.5,1774
4039,1351,95,4,397.59,1590.36
4040,1351,65,2,103.56,207.12
4041,1352,8,3,297.2,891.6
4042,1352,29,4,118.85,475.4
4043,1353,13,1,260.92,260.92
4044,1353,70,1,380.26,380.26
4045,1353,50,5,58.66,293.3
4046,1353,84,4,362.77,1451.08
4047,1353,63,4,380.74,1522.96
4048,1354,37,5,121.39,606.95
4049,1354,7,4,102.83,411.32
4050,1354,99,2,403.91,807.82
4051,1354,80,5,135.98,679.9
4052,1355,99,2,403.91,807.82
4053,1355,12,3,195.25,585.75
4054,1355,63,2,380.74,761.48
4055,1356,25,4,392.86,1571.44
4056,1356,65,3,103.56,310.68
4057,1356,42,3,241.8,725.4
4058,1357,72,1,257.72,257.72
4059,1357,71,3,234.88,704.64
4060,1358,22,5,271.14,1355.7
4061,1358,34,4,435.95,1743.8
4062,1358,67,4,319.21,1276.84
4063,1358,23,2,157.5,315
4064,1358,88,3,322.06,966.18
4065,1359,60,1,317.43,317.43
4066,1359,91,4,336.75,1347
4067,1359,94,5,443.5,2217.5
4068,1359,1,5,263.13,1315.65
4069,1360,39,5,259.68,1298.4
4070,1360,68,5,488.86,2444.3
4071,1360,7,2,102.83,205.66
4072,1360,33,3,99.83,299.49
4073,1361,19,4,59.16,236.64
4074,1361,27,5,109.12,545.6
4075,1361,60,3,317.43,952.29
4076,1361,10,5,360.58,1802.9
4077,1362,43,3,365.01,1095.03
4078,1362,9,3,93.48,280.44
4079,1363,26,1,20.11,20.11
4080,1363,25,3,392.86,1178.58
4081,1363,30,5,193.42,967.1
4082,1363,96,3,24.45,73.35
4083,1363,41,5,71.84,359.2
4084,1364,45,5,184.89,924.45
4085,1365,98,3,152.13,456.39
4086,1365,86,1,405.91,405.91
4087,1366,22,4,271.14,1084.56
4088,1366,30,2,193.42,386.84
4089,1366,46,4,455.87,1823.48
4090,1366,92,3,267.01,801.03
4091,1366,3,2,275.8,551.6
4092,1367,33,5,99.83,499.15
4093,1367,21,5,360.32,1801.6
4094,1368,92,1,267.01,267.01
4095,1368,78,5,441.78,2208.9
4096,1368,38,4,293.18,1172.72
4097,1368,17,4,375.79,1503.16
4098,1368,15,3,31.65,94.95
4099,1369,67,1,319.21,319.21
4100,1370,89,3,133.38,400.14
4101,1371,66,1,102.27,102.27
4102,1371,24,5,386.82,1934.1
4103,1372,12,3,195.25,585.75
4104,1373,77,5,493.21,2466.05
4105,1373,22,1,271.14,271.14
4106,1373,25,1,392.86,392.86
4107,1373,26,2,20.11,40.22
4108,1373,40,2,225.49,450.98
4109,1374,40,4,225.49,901.96
4110,1375,42,4,241.8,967.2
4111,1375,86,5,405.91,2029.55
4112,1375,68,1,488.86,488.86
4113,1375,91,2,336.75,673.5
4114,1376,63,2,380.74,761.48
4115,1376,76,4,283.55,1134.2
4116,1377,68,1,488.86,488.86
4117,1377,5,3,175.97,527.91
4118,1377,87,3,485.79,1457.37
4119,1378,9,4,93.48,373.92
4120,1379,8,1,297.2,297.2
4121,1379,3,2,275.8,551.6
4122,1380,14,2,40.76,81.52
4123,1380,29,3,118.85,356.55
4124,1380,44,2,183.81,367.62
4125,1380,56,1,208.09,208.09
4126,1380,61,4,309.79,1239.16
4127,1381,71,3,234.88,704.64
4128,1381,60,5,317.43,1587.15
4129,1381,92,3,267.01,801.03
4130,1382,86,1,405.91,405.91
4131,1382,72,1,257.72,257.72
4132,1382,87,4,485.79,1943.16
4133,1382,91,3,336.75,1010.25
4134,1383,65,5,103.56,517.8
4135,1383,78,1,441.78,441.78
4136,1383,32,5,100.46,502.3
4137,1383,40,5,225.49,1127.45
4138,1383,43,3,365.01,1095.03
4139,1384,38,1,293.18,293.18
4140,1384,95,2,397.59,795.18
4141,1384,7,3,102.83,308.49
4142,1384,89,4,133.38,533.52
4143,1385,12,4,195.25,781
4144,1385,98,1,152.13,152.13
4145,1385,28,5,299.14,1495.7
4146,1385,97,1,337.32,337.32
4147,1385,10,5,360.58,1802.9
4148,1386,67,5,319.21,1596.05
4149,1386,1,4,263.13,1052.52
4150,1386,66,2,102.27,204.54
4151,1387,14,5,40.76,203.8
4152,1388,2,4,13.76,55.04
4153,1389,26,2,20.11,40.22
4154,1390,85,5,65.06,325.3
4155,1391,71,4,234.88,939.52
4156,1391,72,4,257.72,1030.88
4157,1392,82,1,327.17,327.17
4158,1392,44,4,183.81,735.24
4159,1392,29,3,118.85,356.55
4160,1392,50,2,58.66,117.32
4161,1393,34,2,435.95,871.9
4162,1393,69,5,64.44,322.2
4163,1393,95,2,397.59,795.18
4164,1394,81,2,69.38,138.76
4165,1394,14,5,40.76,203.8
4166,1394,59,1,132.49,132.49
4167,1394,86,5,405.91,2029.55
4168,1395,89,3,133.38,400.14
4169,1395,46,4,455.87,1823.48
4170,1396,2,3,13.76,41.28
4171,1396,72,1,257.72,257.72
4172,1396,44,4,183.81,735.24
4173,1396,4,3,217.56,652.68
4174,1396,41,5,71.84,359.2
4175,1397,20,5,411.46,2057.3
4176,1398,100,1,479.73,479.73
4177,1398,74,3,463.46,1390.38
4178,1398,69,1,64.44,64.44
4179,1399,83,4,470.19,1880.76
4180,1400,29,3,118.85,356.55
4181,1400,99,1,403.91,403.91
4182,1401,86,2,405.91,811.82
4183,1401,68,1,488.86,488.86
4184,1401,3,5,275.8,1379
4185,1401,85,5,65.06,325.3
4186,1401,15,3,31.65,94.95
4187,1402,36,3,146.18,438.54
4188,1402,11,5,300.33,1501.65
4189,1402,35,3,121.6,364.8
4190,1402,59,2,132.49,264.98
4191,1402,16,3,54.7,164.1
4192,1403,40,5,225.49,1127.45
4193,1403,89,2,133.38,266.76
4194,1403,35,5,121.6,608
4195,1403,5,1,175.97,175.97
4196,1404,53,3,105.42,316.26
4197,1404,46,4,455.87,1823.48
4198,1404,53,1,105.42,105.42
4199,1404,28,2,299.14,598.28
4200,1404,10,5,360.58,1802.9
4201,1405,27,3,109.12,327.36
4202,1405,40,2,225.49,450.98
4203,1405,65,4,103.56,414.24
4204,1406,85,2,65.06,130.12
4205,1406,89,4,133.38,533.52
4206,1406,46,5,455.87,2279.35
4207,1406,73,4,446.53,1786.12
4208,1406,44,4,183.81,735.24
4209,1407,33,1,99.83,99.83
4210,1407,14,5,40.76,203.8
4211,1407,46,1,455.87,455.87
4212,1407,99,4,403.91,1615.64
4213,1407,71,1,234.88,234.88
4214,1408,40,3,225.49,676.47
4215,1409,34,1,435.95,435.95
4216,1409,58,5,260.13,1300.65
4217,1409,69,4,64.44,257.76
4218,1409,47,3,288.68,866.04
4219,1410,81,4,69.38,277.52
4220,1410,38,5,293.18,1465.9
4221,1410,13,3,260.92,782.76
4222,1410,4,2,217.56,435.12
4223,1410,100,5,479.73,2398.65
4224,1411,7,3,102.83,308.49
4225,1411,59,4,132.49,529.96
4226,1412,47,1,288.68,288.68
4227,1413,50,4,58.66,234.64
4228,1413,18,1,111.88,111.88
4229,1413,68,5,488.86,2444.3
4230,1413,55,2,47.97,95.94
4231,1413,99,5,403.91,2019.55
4232,1414,98,5,152.13,760.65
4233,1415,40,2,225.49,450.98
4234,1415,23,3,157.5,472.5
4235,1415,69,4,64.44,257.76
4236,1415,12,5,195.25,976.25
4237,1415,83,3,470.19,1410.57
4238,1416,5,5,175.97,879.85
4239,1416,7,3,102.83,308.49
4240,1417,89,1,133.38,133.38
4241,1417,18,3,111.88,335.64
4242,1417,12,5,195.25,976.25
4243,1417,21,5,360.32,1801.6
4244,1418,40,5,225.49,1127.45
4245,1418,78,1,441.78,441.78
4246,1418,92,4,267.01,1068.04
4247,1419,7,3,102.83,308.49
4248,1420,3,2,275.8,551.6
4249,1420,85,3,65.06,195.18
4250,1420,7,3,102.83,308.49
4251,1420,64,2,404.34,808.68
4252,1421,88,4,322.06,1288.24
4253,1422,19,1,59.16,59.16
4254,1422,31,5,492.66,2463.3
4255,1422,67,5,319.21,1596.05
4256,1422,7,2,102.83,205.66
4257,1423,53,3,105.42,316.26
4258,1423,19,3,59.16,177.48
4259,1423,22,1,271.14,271.14
4260,1423,81,5,69.38,346.9
4261,1424,7,3,102.83,308.49
4262,1424,45,4,184.89,739.56
4263,1424,53,5,105.42,527.1
4264,1425,49,5,168.14,840.7
4265,1425,49,4,168.14,672.56
4266,1425,34,1,435.95,435.95
4267,1425,75,1,190.13,190.13
4268,1426,76,1,283.55,283.55
4269,1426,64,1,404.34,404.34
4270,1426,5,1,175.97,175.97
4271,1426,8,4,297.2,1188.8
4272,1426,12,5,195.25,976.25
4273,1427,87,5,485.79,2428.95
4274,1427,95,2,397.59,795.18
4275,1427,91,5,336.75,1683.75
4276,1427,73,3,446.53,1339.59
4277,1428,11,4,300.33,1201.32
4278,1429,73,2,446.53,893.06
4279,1429,3,4,275.8,1103.2
4280,1429,1,4,263.13,1052.52
4281,1429,97,1,337.32,337.32
4282,1430,50,1,58.66,58.66
4283,1430,17,3,375.79,1127.37
4284,1431,35,4,121.6,486.4
4285,1431,64,5,404.34,2021.7
4286,1431,62,3,444.18,1332.54
4287,1431,69,3,64.44,193.32
4288,1431,53,4,105.42,421.68
4289,1432,36,2,146.18,292.36
4290,1432,77,3,493.21,1479.63
4291,1432,63,3,380.74,1142.22
4292,1433,80,1,135.98,135.98
4293,1433,85,2,65.06,130.12
4294,1434,96,3,24.45,73.35
4295,1434,28,5,299.14,1495.7
4296,1434,82,3,327.17,981.51
4297,1434,25,4,392.86,1571.44
4298,1435,90,2,420.61,841.22
4299,1435,48,5,160.97,804.85
4300,1435,64,5,404.34,2021.7
4301,1435,96,2,24.45,48.9
4302,1436,52,1,134.43,134.43
4303,1436,77,2,493.21,986.42
4304,1436,50,4,58.66,234.64
4305,1436,74,1,463.46,463.46
4306,1437,61,2,309.79,619.58
4307,1437,93,5,389.08,1945.4
4308,1438,34,3,435.95,1307.85
4309,1438,55,5,47.97,239.85
4310,1438,25,3,392.86,1178.58
4311,1438,54,5,345.07,1725.35
4312,1438,71,2,234.88,469.76
4313,1439,86,3,405.91,1217.73
4314,1439,52,1,134.43,134.43
4315,1439,71,1,234.88,234.88
4316,1440,85,3,65.06,195.18
4317,1440,14,4,40.76,163.04
4318,1441,57,3,55.56,166.68
4319,1441,59,5,132.49,662.45
4320,1441,8,4,297.2,1188.8
4321,1441,10,3,360.58,1081.74
4322,1441,74,1,463.46,463.46
4323,1442,85,1,65.06,65.06
4324,1442,36,4,146.18,584.72
4325,1442,32,4,100.46,401.84
4326,1443,75,5,190.13,950.65
4327,1443,79,2,460.63,921.26
4328,1444,73,4,446.53,1786.12
4329,1444,75,5,190.13,950.65
4330,1444,75,5,190.13,950.65
4331,1444,77,5,493.21,2466.05
4332,1445,69,3,64.44,193.32
4333,1445,20,2,411.46,822.92
4334,1445,79,3,460.63,1381.89
4335,1446,78,1,441.78,441.78
4336,1446,21,1,360.32,360.32
4337,1446,19,2,59.16,118.32
4338,1447,94,4,443.5,1774
4339,1447,31,4,492.66,1970.64
4340,1448,16,4,54.7,218.8
4341,1448,17,4,375.79,1503.16
4342,1449,9,1,93.48,93.48
4343,1449,85,5,65.06,325.3
4344,1449,47,2,288.68,577.36
4345,1450,56,4,208.09,832.36
4346,1451,23,2,157.5,315
4347,1451,56,3,208.09,624.27
4348,1452,99,3,403.91,1211.73
4349,1453,19,2,59.16,118.32
4350,1453,64,2,404.34,808.68
4351,1453,82,4,327.17,1308.68
4352,1453,23,4,157.5,630
4353,1453,39,5,259.68,1298.4
4354,1454,95,4,397.59,1590.36
4355,1454,55,4,47.97,191.88
4356,1454,2,2,13.76,27.52
4357,1455,14,5,40.76,203.8
4358,1455,27,3,109.12,327.36
4359,1455,77,5,493.21,2466.05
4360,1455,82,4,327.17,1308.68
4361,1456,94,2,443.5,887
4362,1456,53,1,105.42,105.42
4363,1457,63,1,380.74,380.74
4364,1457,23,5,157.5,787.5
4365,1458,57,2,55.56,111.12
4366,1458,51,3,290.5,871.5
4367,1458,46,3,455.87,1367.61
4368,1458,64,1,404.34,404.34
4369,1459,86,2,405.91,811.82
4370,1459,71,3,234.88,704.64
4371,1460,50,5,58.66,293.3
4372,1460,56,4,208.09,832.36
4373,1460,14,4,40.76,163.04
4374,1460,60,2,317.43,634.86
4375,1461,17,5,375.79,1878.95
4376,1461,90,4,420.61,1682.44
4377,1462,33,1,99.83,99.83
4378,1462,56,2,208.09,416.18
4379,1462,65,5,103.56,517.8
4380,1463,85,4,65.06,260.24
4381,1463,87,5,485.79,2428.95
4382,1463,79,5,460.63,2303.15
4383,1463,52,3,134.43,403.29
4384,1463,3,4,275.8,1103.2
4385,1464,76,5,283.55,1417.75
4386,1464,67,3,319.21,957.63
4387,1465,68,3,488.86,1466.58
4388,1465,22,4,271.14,1084.56
4389,1465,62,1,444.18,444.18
4390,1466,64,5,404.34,2021.7
4391,1466,97,1,337.32,337.32
4392,1466,79,1,460.63,460.63
4393,1466,74,1,463.46,463.46
4394,1466,24,5,386.82,1934.1
4395,1467,89,2,133.38,266.76
4396,1467,92,5,267.01,1335.05
4397,1467,2,1,13.76,13.76
4398,1468,41,5,71.84,359.2
4399,1468,57,3,55.56,166.68
4400,1469,34,1,435.95,435.95
4401,1469,62,2,444.18,888.36
4402,1469,60,3,317.43,952.29
4403,1470,42,1,241.8,241.8
4404,1470,41,4,71.84,287.36
4405,1471,56,3,208.09,624.27
4406,1471,58,2,260.13,520.26
4407,1471,57,5,55.56,277.8
4408,1472,86,2,405.91,811.82
4409,1472,76,5,283.55,1417.75
4410,1472,30,3,193.42,580.26
4411,1473,66,4,102.27,409.08
4412,1473,81,5,69.38,346.9
4413,1473,77,3,493.21,1479.63
4414,1473,38,2,293.18,586.36
4415,1473,49,5,168.14,840.7
4416,1474,99,5,403.91,2019.55
4417,1475,17,3,375.79,1127.37
4418,1475,89,3,133.38,400.14
4419,1475,79,4,460.63,1842.52
4420,1475,49,1,168.14,168.14
4421,1475,42,5,241.8,1209
4422,1476,42,5,241.8,1209
4423,1476,34,5,435.95,2179.75
4424,1477,73,5,446.53,2232.65
4425,1477,24,2,386.82,773.64
4426,1477,78,2,441.78,883.56
4427,1478,23,3,157.5,472.5
4428,1478,80,4,135.98,543.92
4429,1478,95,3,397.59,1192.77
4430,1478,49,3,168.14,504.42
4431,1478,12,2,195.25,390.5
4432,1479,75,5,190.13,950.65
4433,1479,84,1,362.77,362.77
4434,1479,34,5,435.95,2179.75
4435,1479,72,4,257.72,1030.88
4436,1479,49,1,168.14,168.14
4437,1480,8,2,297.2,594.4
4438,1480,73,2,446.53,893.06
4439,1480,66,2,102.27,204.54
4440,1480,94,2,443.5,887
4441,1481,42,2,241.8,483.6
4442,1481,6,5,386.9,1934.5
4443,1481,85,2,65.06,130.12
4444,1481,49,4,168.14,672.56
4445,1481,40,2,225.49,450.98
4446,1482,66,2,102.27,204.54
4447,1482,71,1,234.88,234.88
4448,1482,10,5,360.58,1802.9
4449,1483,80,5,135.98,679.9
4450,1483,76,2,283.55,567.1
4451,1483,94,1,443.5,443.5
4452,1483,4,1,217.56,217.56
4453,1483,22,3,271.14,813.42
4454,1484,64,2,404.34,808.68
4455,1484,86,3,405.91,1217.73
4456,1484,89,4,133.38,533.52
4457,1484,61,5,309.79,1548.95
4458,1484,76,5,283.55,1417.75
4459,1485,81,5,69.38,346.9
4460,1485,92,3,267.01,801.03
4461,1485,68,5,488.86,2444.3
4462,1486,64,4,404.34,1617.36
4463,1487,62,2,444.18,888.36
4464,1487,96,5,24.45,122.25
4465,1487,70,5,380.26,1901.3
4466,1487,90,4,420.61,1682.44
4467,1488,87,3,485.79,1457.37
4468,1488,8,2,297.2,594.4
4469,1488,62,2,444.18,888.36
4470,1488,28,5,299.14,1495.7
4471,1488,20,4,411.46,1645.84
4472,1489,48,1,160.97,160.97
4473,1489,1,1,263.13,263.13
4474,1489,19,3,59.16,177.48
4475,1489,64,2,404.34,808.68
4476,1490,15,1,31.65,31.65
4477,1490,41,1,71.84,71.84
4478,1490,54,1,345.07,345.07
4479,1490,18,2,111.88,223.76
4480,1491,22,3,271.14,813.42
4481,1491,15,4,31.65,126.6
4482,1491,26,3,20.11,60.33
4483,1491,36,2,146.18,292.36
4484,1491,96,3,24.45,73.35
4485,1492,6,2,386.9,773.8
4486,1493,8,2,297.2,594.4
4487,1493,15,3,31.65,94.95
4488,1493,51,4,290.5,1162
4489,1493,42,4,241.8,967.2
4490,1494,74,4,463.46,1853.84
4491,1495,20,5,411.46,2057.3
4492,1496,59,4,132.49,529.96
4493,1497,49,5,168.14,840.7
4494,1497,19,1,59.16,59.16
4495,1498,38,2,293.18,586.36
4496,1498,34,4,435.95,1743.8
4497,1498,74,3,463.46,1390.38
4498,1498,86,3,405.91,1217.73
4499,1498,49,2,168.14,336.28
4500,1499,65,1,103.56,103.56
4501,1499,2,1,13.76,13.76
4502,1499,60,4,317.43,1269.72
4503,1500,4,5,217.56,1087.8
4504,1500,37,4,121.39,485.56
4505,1500,57,2,55.56,111.12
4506,1500,62,1,444.18,444.18
4507,1500,4,2,217.56,435.12
4508,1501,45,5,184.89,924.45
4509,1501,6,4,386.9,1547.6
4510,1501,91,1,336.75,336.75
4511,1501,12,5,195.25,976.25
4512,1502,76,2,283.55,567.1
4513,1502,37,1,121.39,121.39
4514,1502,48,5,160.97,804.85
4515,1502,30,3,193.42,580.26
4516,1502,22,4,271.14,1084.56
4517,1503,52,2,134.43,268.86
4518,1503,60,4,317.43,1269.72
4519,1503,24,1,386.82,386.82
4520,1503,50,2,58.66,117.32
4521,1503,69,3,64.44,193.32
4522,1504,58,2,260.13,520.26
4523,1504,59,3,132.49,397.47
4524,1504,94,4,443.5,1774
4525,1504,50,4,58.66,234.64
4526,1505,37,5,121.39,606.95
4527,1505,25,1,392.86,392.86
4528,1505,89,3,133.38,400.14
4529,1505,64,5,404.34,2021.7
4530,1505,91,1,336.75,336.75
4531,1506,29,2,118.85,237.7
4532,1506,95,3,397.59,1192.77
4533,1507,79,4,460.63,1842.52
4534,1507,78,1,441.78,441.78
4535,1507,73,4,446.53,1786.12
4536,1507,2,2,13.76,27.52
4537,1508,96,4,24.45,97.8
4538,1508,97,4,337.32,1349.28
4539,1508,65,2,103.56,207.12
4540,1509,12,4,195.25,781
4541,1509,67,3,319.21,957.63
4542,1509,58,3,260.13,780.39
4543,1509,94,2,443.5,887
4544,1510,2,5,13.76,68.8
4545,1511,16,5,54.7,273.5
4546,1511,52,3,134.43,403.29
4547,1511,97,1,337.32,337.32
4548,1511,47,2,288.68,577.36
4549,1512,29,2,118.85,237.7
4550,1512,16,2,54.7,109.4
4551,1512,61,4,309.79,1239.16
4552,1513,46,4,455.87,1823.48
4553,1513,46,1,455.87,455.87
4554,1513,15,4,31.65,126.6
4555,1514,52,4,134.43,537.72
4556,1514,16,4,54.7,218.8
4557,1514,2,2,13.76,27.52
4558,1514,28,4,299.14,1196.56
4559,1515,78,3,441.78,1325.34
4560,1515,24,1,386.82,386.82
4561,1515,48,1,160.97,160.97
4562,1516,39,2,259.68,519.36
4563,1516,58,4,260.13,1040.52
4564,1517,20,5,411.46,2057.3
4565,1517,100,2,479.73,959.46
4566,1517,84,4,362.77,1451.08
4567,1517,65,4,103.56,414.24
4568,1518,85,5,65.06,325.3
4569,1518,30,3,193.42,580.26
4570,1518,11,3,300.33,900.99
4571,1518,16,3,54.7,164.1
4572,1519,100,4,479.73,1918.92
4573,1519,83,3,470.19,1410.57
4574,1519,35,5,121.6,608
4575,1519,82,2,327.17,654.34
4576,1519,23,4,157.5,630
4577,1520,99,1,403.91,403.91
4578,1520,42,3,241.8,725.4
4579,1520,39,3,259.68,779.04
4580,1521,24,5,386.82,1934.1
4581,1521,15,1,31.65,31.65
4582,1521,19,5,59.16,295.8
4583,1521,14,1,40.76,40.76
4584,1521,19,3,59.16,177.48
4585,1522,18,3,111.88,335.64
4586,1522,9,1,93.48,93.48
4587,1523,91,1,336.75,336.75
4588,1523,39,5,259.68,1298.4
4589,1524,80,4,135.98,543.92
4590,1524,15,5,31.65,158.25
4591,1524,91,5,336.75,1683.75
4592,1524,98,4,152.13,608.52
4593,1525,77,2,493.21,986.42
4594,1525,18,5,111.88,559.4
4595,1525,61,2,309.79,619.58
4596,1525,46,5,455.87,2279.35
4597,1525,23,5,157.5,787.5
4598,1526,79,3,460.63,1381.89
4599,1526,64,2,404.34,808.68
4600,1527,38,1,293.18,293.18
4601,1528,75,5,190.13,950.65
4602,1529,10,1,360.58,360.58
4603,1529,21,1,360.32,360.32
4604,1529,66,2,102.27,204.54
4605,1529,30,2,193.42,386.84
4606,1529,65,3,103.56,310.68
4607,1530,46,1,455.87,455.87
4608,1531,50,4,58.66,234.64
4609,1531,17,5,375.79,1878.95
4610,1531,46,3,455.87,1367.61
4611,1531,51,1,290.5,290.5
4612,1531,44,3,183.81,551.43
4613,1532,12,4,195.25,781
4614,1532,84,5,362.77,1813.85
4615,1533,13,1,260.92,260.92
4616,1533,25,2,392.86,785.72
4617,1533,87,1,485.79,485.79
4618,1534,43,4,365.01,1460.04
4619,1534,51,1,290.5,290.5
4620,1534,94,2,443.5,887
4621,1534,22,4,271.14,1084.56
4622,1535,95,3,397.59,1192.77
4623,1535,18,2,111.88,223.76
4624,1535,61,4,309.79,1239.16
4625,1536,6,5,386.9,1934.5
4626,1536,51,5,290.5,1452.5
4627,1537,16,5,54.7,273.5
4628,1537,21,5,360.32,1801.6
4629,1537,85,2,65.06,130.12
4630,1538,40,1,225.49,225.49
4631,1538,54,4,345.07,1380.28
4632,1538,79,3,460.63,1381.89
4633,1539,56,3,208.09,624.27
4634,1539,29,3,118.85,356.55
4635,1539,25,1,392.86,392.86
4636,1539,37,3,121.39,364.17
4637,1540,95,3,397.59,1192.77
4638,1541,10,5,360.58,1802.9
4639,1542,85,5,65.06,325.3
4640,1542,92,4,267.01,1068.04
4641,1542,86,5,405.91,2029.55
4642,1543,51,4,290.5,1162
4643,1543,9,4,93.48,373.92
4644,1543,72,2,257.72,515.44
4645,1543,71,1,234.88,234.88
4646,1544,6,5,386.9,1934.5
4647,1544,9,2,93.48,186.96
4648,1544,28,1,299.14,299.14
4649,1544,54,3,345.07,1035.21
4650,1545,54,1,345.07,345.07
4651,1546,15,1,31.65,31.65
4652,1546,46,3,455.87,1367.61
4653,1546,69,5,64.44,322.2
4654,1546,19,3,59.16,177.48
4655,1546,7,3,102.83,308.49
4656,1547,70,2,380.26,760.52
4657,1547,33,3,99.83,299.49
4658,1548,39,1,259.68,259.68
4659,1549,91,3,336.75,1010.25
4660,1550,4,5,217.56,1087.8
4661,1550,19,2,59.16,118.32
4662,1551,73,3,446.53,1339.59
4663,1551,94,1,443.5,443.5
4664,1551,13,4,260.92,1043.68
4665,1551,29,3,118.85,356.55
4666,1551,47,3,288.68,866.04
4667,1552,60,4,317.43,1269.72
4668,1552,2,5,13.76,68.8
4669,1552,47,2,288.68,577.36
4670,1553,46,5,455.87,2279.35
4671,1553,25,3,392.86,1178.58
4672,1553,67,2,319.21,638.42
4673,1554,2,5,13.76,68.8
4674,1554,75,3,190.13,570.39
4675,1554,48,2,160.97,321.94
4676,1555,87,3,485.79,1457.37
4677,1555,7,3,102.83,308.49
4678,1555,56,1,208.09,208.09
4679,1555,88,3,322.06,966.18
4680,1556,39,5,259.68,1298.4
4681,1557,2,2,13.76,27.52
4682,1557,20,5,411.46,2057.3
4683,1557,85,3,65.06,195.18
4684,1557,65,2,103.56,207.12
4685,1558,57,5,55.56,277.8
4686,1558,69,1,64.44,64.44
4687,1559,39,4,259.68,1038.72
4688,1560,36,3,146.18,438.54
4689,1560,53,4,105.42,421.68
4690,1560,29,2,118.85,237.7
4691,1560,53,2,105.42,210.84
4692,1560,25,5,392.86,1964.3
4693,1561,8,4,297.2,1188.8
4694,1561,58,5,260.13,1300.65
4695,1562,66,5,102.27,511.35
4696,1562,73,5,446.53,2232.65
4697,1563,9,2,93.48,186.96
4698,1564,35,2,121.6,243.2
4699,1564,30,5,193.42,967.1
4700,1564,61,2,309.79,619.58
4701,1564,61,2,309.79,619.58
4702,1564,16,3,54.7,164.1
4703,1565,23,5,157.5,787.5
4704,1565,81,3,69.38,208.14
4705,1565,89,1,133.38,133.38
4706,1565,60,4,317.43,1269.72
4707,1566,4,2,217.56,435.12
4708,1566,49,3,168.14,504.42
4709,1566,54,1,345.07,345.07
4710,1566,14,4,40.76,163.04
4711,1566,54,3,345.07,1035.21
4712,1567,19,1,59.16,59.16
4713,1567,31,5,492.66,2463.3
4714,1567,20,5,411.46,2057.3
4715,1567,32,3,100.46,301.38
4716,1568,93,4,389.08,1556.32
4717,1568,94,2,443.5,887
4718,1568,60,4,317.43,1269.72
4719,1568,51,3,290.5,871.5
4720,1568,52,1,134.43,134.43
4721,1569,78,1,441.78,441.78
4722,1569,13,4,260.92,1043.68
4723,1569,42,5,241.8,1209
4724,1570,63,4,380.74,1522.96
4725,1571,66,2,102.27,204.54
4726,1571,10,3,360.58,1081.74
4727,1571,13,5,260.92,1304.6
4728,1571,50,5,58.66,293.3
4729,1571,52,1,134.43,134.43
4730,1572,60,2,317.43,634.86
4731,1572,51,3,290.5,871.5
4732,1572,25,4,392.86,1571.44
4733,1572,19,1,59.16,59.16
4734,1572,12,4,195.25,781
4735,1573,67,5,319.21,1596.05
4736,1573,20,4,411.46,1645.84
4737,1573,24,5,386.82,1934.1
4738,1573,29,2,118.85,237.7
4739,1574,73,2,446.53,893.06
4740,1575,39,5,259.68,1298.4
4741,1575,73,2,446.53,893.06
4742,1575,92,2,267.01,534.02
4743,1575,7,1,102.83,102.83
4744,1576,20,4,411.46,1645.84
4745,1576,28,5,299.14,1495.7
4746,1576,16,5,54.7,273.5
4747,1576,50,1,58.66,58.66
4748,1576,57,2,55.56,111.12
4749,1577,39,1,259.68,259.68
4750,1578,56,5,208.09,1040.45
4751,1578,9,5,93.48,467.4
4752,1578,87,5,485.79,2428.95
4753,1578,71,2,234.88,469.76
4754,1578,35,3,121.6,364.8
4755,1579,21,2,360.32,720.64
4756,1580,58,4,260.13,1040.52
4757,1580,37,5,121.39,606.95
4758,1580,7,5,102.83,514.15
4759,1581,31,5,492.66,2463.3
4760,1581,86,2,405.91,811.82
4761,1581,59,3,132.49,397.47
4762,1582,98,5,152.13,760.65
4763,1582,99,5,403.91,2019.55
4764,1583,11,3,300.33,900.99
4765,1583,55,4,47.97,191.88
4766,1583,2,1,13.76,13.76
4767,1583,5,5,175.97,879.85
4768,1584,18,3,111.88,335.64
4769,1584,97,4,337.32,1349.28
4770,1584,44,3,183.81,551.43
4771,1584,93,3,389.08,1167.24
4772,1584,49,1,168.14,168.14
4773,1585,18,3,111.88,335.64
4774,1585,90,3,420.61,1261.83
4775,1585,32,4,100.46,401.84
4776,1585,65,1,103.56,103.56
4777,1585,75,2,190.13,380.26
4778,1586,79,4,460.63,1842.52
4779,1587,42,1,241.8,241.8
4780,1587,84,4,362.77,1451.08
4781,1587,44,4,183.81,735.24
4782,1587,41,1,71.84,71.84
4783,1587,96,1,24.45,24.45
4784,1588,74,3,463.46,1390.38
4785,1589,28,4,299.14,1196.56
4786,1589,6,2,386.9,773.8
4787,1589,81,4,69.38,277.52
4788,1589,49,1,168.14,168.14
4789,1590,52,4,134.43,537.72
4790,1590,75,4,190.13,760.52
4791,1590,3,4,275.8,1103.2
4792,1590,38,1,293.18,293.18
4793,1590,85,4,65.06,260.24
4794,1591,99,1,403.91,403.91
4795,1591,79,5,460.63,2303.15
4796,1592,8,5,297.2,1486
4797,1593,29,5,118.85,594.25
4798,1594,73,3,446.53,1339.59
4799,1594,22,3,271.14,813.42
4800,1594,25,3,392.86,1178.58
4801,1594,33,1,99.83,99.83
4802,1594,31,3,492.66,1477.98
4803,1595,68,2,488.86,977.72
4804,1595,32,1,100.46,100.46
4805,1595,22,2,271.14,542.28
4806,1596,66,1,102.27,102.27
4807,1597,31,1,492.66,492.66
4808,1597,55,4,47.97,191.88
4809,1597,84,3,362.77,1088.31
4810,1598,100,1,479.73,479.73
4811,1598,2,4,13.76,55.04
4812,1599,59,4,132.49,529.96
4813,1599,48,1,160.97,160.97
4814,1600,7,5,102.83,514.15
4815,1600,37,3,121.39,364.17
4816,1600,40,1,225.49,225.49
4817,1600,84,1,362.77,362.77
4818,1601,3,2,275.8,551.6
4819,1601,70,3,380.26,1140.78
4820,1601,19,3,59.16,177.48
4821,1601,18,2,111.88,223.76
4822,1601,69,5,64.44,322.2
4823,1602,79,3,460.63,1381.89
4824,1602,35,5,121.6,608
4825,1603,87,3,485.79,1457.37
4826,1603,55,2,47.97,95.94
4827,1603,97,2,337.32,674.64
4828,1603,26,5,20.11,100.55
4829,1603,100,1,479.73,479.73
4830,1604,85,2,65.06,130.12
4831,1604,32,4,100.46,401.84
4832,1604,58,5,260.13,1300.65
4833,1604,23,5,157.5,787.5
4834,1605,7,4,102.83,411.32
4835,1606,38,4,293.18,1172.72
4836,1606,5,4,175.97,703.88
4837,1606,32,5,100.46,502.3
4838,1607,72,4,257.72,1030.88
4839,1607,24,2,386.82,773.64
4840,1607,18,1,111.88,111.88
4841,1607,17,3,375.79,1127.37
4842,1607,100,1,479.73,479.73
4843,1608,96,3,24.45,73.35
4844,1609,13,3,260.92,782.76
4845,1610,11,5,300.33,1501.65
4846,1610,18,4,111.88,447.52
4847,1610,97,2,337.32,674.64
4848,1610,34,3,435.95,1307.85
4849,1610,9,1,93.48,93.48
4850,1611,52,4,134.43,537.72
4851,1611,81,5,69.38,346.9
4852,1611,79,2,460.63,921.26
4853,1611,35,2,121.6,243.2
4854,1611,91,3,336.75,1010.25
4855,1612,7,1,102.83,102.83
4856,1612,72,1,257.72,257.72
4857,1612,44,4,183.81,735.24
4858,1612,64,3,404.34,1213.02
4859,1613,47,3,288.68,866.04
4860,1613,68,2,488.86,977.72
4861,1613,9,3,93.48,280.44
4862,1613,22,3,271.14,813.42
4863,1613,50,2,58.66,117.32
4864,1614,81,4,69.38,277.52
4865,1614,68,1,488.86,488.86
4866,1614,99,5,403.91,2019.55
4867,1614,3,5,275.8,1379
4868,1614,82,4,327.17,1308.68
4869,1615,97,5,337.32,1686.6
4870,1615,2,3,13.76,41.28
4871,1615,11,3,300.33,900.99
4872,1615,52,5,134.43,672.15
4873,1616,38,4,293.18,1172.72
4874,1616,73,2,446.53,893.06
4875,1617,28,3,299.14,897.42
4876,1618,63,3,380.74,1142.22
4877,1618,97,3,337.32,1011.96
4878,1618,47,3,288.68,866.04
4879,1618,10,4,360.58,1442.32
4880,1619,25,2,392.86,785.72
4881,1619,73,3,446.53,1339.59
4882,1619,48,4,160.97,643.88
4883,1620,22,1,271.14,271.14
4884,1620,35,3,121.6,364.8
4885,1620,54,3,345.07,1035.21
4886,1620,84,3,362.77,1088.31
4887,1621,57,5,55.56,277.8
4888,1621,94,5,443.5,2217.5
4889,1622,31,2,492.66,985.32
4890,1622,13,3,260.92,782.76
4891,1622,24,3,386.82,1160.46
4892,1622,38,2,293.18,586.36
4893,1623,37,5,121.39,606.95
4894,1623,76,2,283.55,567.1
4895,1623,52,3,134.43,403.29
4896,1623,77,5,493.21,2466.05
4897,1624,29,5,118.85,594.25
4898,1625,4,2,217.56,435.12
4899,1625,86,5,405.91,2029.55
4900,1625,69,2,64.44,128.88
4901,1626,45,4,184.89,739.56
4902,1626,48,5,160.97,804.85
4903,1626,52,4,134.43,537.72
4904,1626,51,1,290.5,290.5
4905,1626,71,4,234.88,939.52
4906,1627,15,4,31.65,126.6
4907,1627,76,1,283.55,283.55
4908,1627,19,5,59.16,295.8
4909,1628,6,5,386.9,1934.5
4910,1628,3,5,275.8,1379
4911,1628,74,1,463.46,463.46
4912,1628,65,5,103.56,517.8
4913,1629,84,1,362.77,362.77
4914,1630,14,4,40.76,163.04
4915,1630,55,3,47.97,143.91
4916,1630,40,2,225.49,450.98
4917,1630,4,5,217.56,1087.8
4918,1631,38,3,293.18,879.54
4919,1631,34,3,435.95,1307.85
4920,1631,79,5,460.63,2303.15
4921,1631,89,1,133.38,133.38
4922,1631,6,3,386.9,1160.7
4923,1632,67,5,319.21,1596.05
4924,1632,78,2,441.78,883.56
4925,1632,25,3,392.86,1178.58
4926,1633,96,4,24.45,97.8
4927,1633,59,3,132.49,397.47
4928,1633,99,5,403.91,2019.55
4929,1633,21,3,360.32,1080.96
4930,1634,21,3,360.32,1080.96
4931,1634,39,4,259.68,1038.72
4932,1634,86,1,405.91,405.91
4933,1634,15,3,31.65,94.95
4934,1635,36,5,146.18,730.9
4935,1635,72,4,257.72,1030.88
4936,1635,85,3,65.06,195.18
4937,1635,14,5,40.76,203.8
4938,1636,59,4,132.49,529.96
4939,1636,45,4,184.89,739.56
4940,1636,70,3,380.26,1140.78
4941,1637,62,3,444.18,1332.54
4942,1637,44,3,183.81,551.43
4943,1637,28,4,299.14,1196.56
4944,1638,23,3,157.5,472.5
4945,1638,10,4,360.58,1442.32
4946,1638,32,4,100.46,401.84
4947,1639,71,2,234.88,469.76
4948,1639,12,5,195.25,976.25
4949,1639,41,4,71.84,287.36
4950,1639,67,2,319.21,638.42
4951,1640,12,2,195.25,390.5
4952,1640,45,3,184.89,554.67
4953,1640,83,5,470.19,2350.95
4954,1640,10,1,360.58,360.58
4955,1640,59,4,132.49,529.96
4956,1641,74,3,463.46,1390.38
4957,1641,84,5,362.77,1813.85
4958,1641,23,4,157.5,630
4959,1641,12,5,195.25,976.25
4960,1642,69,1,64.44,64.44
4961,1642,95,1,397.59,397.59
4962,1643,63,2,380.74,761.48
4963,1643,100,4,479.73,1918.92
4964,1644,85,2,65.06,130.12
4965,1644,83,5,470.19,2350.95
4966,1644,56,1,208.09,208.09
4967,1645,47,2,288.68,577.36
4968,1645,50,3,58.66,175.98
4969,1646,17,2,375.79,751.58
4970,1646,86,4,405.91,1623.64
4971,1647,42,3,241.8,725.4
4972,1647,86,1,405.91,405.91
4973,1647,18,4,111.88,447.52
4974,1647,47,4,288.68,1154.72
4975,1647,47,5,288.68,1443.4
4976,1648,33,1,99.83,99.83
4977,1648,15,3,31.65,94.95
4978,1648,48,4,160.97,643.88
4979,1649,16,3,54.7,164.1
4980,1649,23,3,157.5,472.5
4981,1649,98,5,152.13,760.65
4982,1649,87,4,485.79,1943.16
4983,1650,90,1,420.61,420.61
4984,1650,71,3,234.88,704.64
4985,1651,31,5,492.66,2463.3
4986,1651,8,3,297.2,891.6
4987,1651,17,3,375.79,1127.37
4988,1651,21,1,360.32,360.32
4989,1652,14,1,40.76,40.76
4990,1652,18,5,111.88,559.4
4991,1652,1,2,263.13,526.26
4992,1652,33,2,99.83,199.66
4993,1652,5,5,175.97,879.85
4994,1653,38,5,293.18,1465.9
4995,1654,56,4,208.09,832.36
4996,1655,22,5,271.14,1355.7
4997,1655,19,3,59.16,177.48
4998,1655,16,2,54.7,109.4
4999,1656,43,5,365.01,1825.05
5000,1656,60,3,317.43,952.29
5001,1656,65,1,103.56,103.56
5002,1656,20,1,411.46,411.46
5003,1656,73,5,446.53,2232.65
5004,1657,14,3,40.76,122.28
5005,1657,90,3,420.61,1261.83
5006,1657,52,5,134.43,672.15
5007,1657,96,2,24.45,48.9
5008,1658,59,1,132.49,132.49
5009,1658,97,3,337.32,1011.96
5010,1658,9,5,93.48,467.4
5011,1659,2,3,13.76,41.28
5012,1659,40,3,225.49,676.47
5013,1659,52,4,134.43,537.72
5014,1660,21,1,360.32,360.32
5015,1661,18,2,111.88,223.76
5016,1661,19,4,59.16,236.64
5017,1661,24,3,386.82,1160.46
5018,1661,44,2,183.81,367.62
5019,1662,33,1,99.83,99.83
5020,1662,7,1,102.83,102.83
5021,1663,15,5,31.65,158.25
5022,1663,46,1,455.87,455.87
5023,1663,46,1,455.87,455.87
5024,1663,63,5,380.74,1903.7
5025,1663,41,4,71.84,287.36
5026,1664,98,2,152.13,304.26
5027,1665,62,1,444.18,444.18
5028,1665,82,5,327.17,1635.85
5029,1666,96,2,24.45,48.9
5030,1667,30,5,193.42,967.1
5031,1667,17,4,375.79,1503.16
5032,1668,95,4,397.59,1590.36
5033,1668,20,4,411.46,1645.84
5034,1668,56,2,208.09,416.18
5035,1669,16,3,54.7,164.1
5036,1669,2,1,13.76,13.76
5037,1669,12,5,195.25,976.25
5038,1669,50,1,58.66,58.66
5039,1669,87,3,485.79,1457.37
5040,1670,11,1,300.33,300.33
5041,1670,99,1,403.91,403.91
5042,1670,98,5,152.13,760.65
5043,1670,35,2,121.6,243.2
5044,1671,98,1,152.13,152.13
5045,1671,39,1,259.68,259.68
5046,1671,93,3,389.08,1167.24
5047,1671,29,1,118.85,118.85
5048,1672,4,3,217.56,652.68
5049,1672,28,5,299.14,1495.7
5050,1672,49,2,168.14,336.28
5051,1672,65,1,103.56,103.56
5052,1673,44,5,183.81,919.05
5053,1673,8,1,297.2,297.2
5054,1673,40,4,225.49,901.96
5055,1673,56,1,208.09,208.09
5056,1673,8,2,297.2,594.4
5057,1674,98,4,152.13,608.52
5058,1674,33,2,99.83,199.66
5059,1674,64,1,404.34,404.34
5060,1674,74,1,463.46,463.46
5061,1675,63,3,380.74,1142.22
5062,1676,27,5,109.12,545.6
5063,1676,29,4,118.85,475.4
5064,1677,31,5,492.66,2463.3
5065,1677,45,3,184.89,554.67
5066,1677,12,1,195.25,195.25
5067,1678,40,1,225.49,225.49
5068,1678,70,1,380.26,380.26
5069,1678,1,4,263.13,1052.52
5070,1678,94,1,443.5,443.5
5071,1679,59,3,132.49,397.47
5072,1680,73,2,446.53,893.06
5073,1680,40,5,225.49,1127.45
5074,1680,47,5,288.68,1443.4
5075,1680,42,3,241.8,725.4
5076,1680,25,1,392.86,392.86
5077,1681,32,5,100.46,502.3
5078,1682,91,5,336.75,1683.75
5079,1682,82,3,327.17,981.51
5080,1683,29,5,118.85,594.25
5081,1683,28,2,299.14,598.28
5082,1683,42,5,241.8,1209
5083,1684,76,1,283.55,283.55
5084,1684,68,2,488.86,977.72
5085,1685,35,1,121.6,121.6
5086,1685,87,2,485.79,971.58
5087,1685,36,5,146.18,730.9
5088,1686,12,1,195.25,195.25
5089,1686,66,3,102.27,306.81
5090,1686,5,2,175.97,351.94
5091,1686,2,3,13.76,41.28
5092,1687,69,3,64.44,193.32
5093,1687,97,5,337.32,1686.6
5094,1687,27,1,109.12,109.12
5095,1688,92,1,267.01,267.01
5096,1688,43,4,365.01,1460.04
5097,1688,68,5,488.86,2444.3
5098,1688,66,5,102.27,511.35
5099,1688,11,3,300.33,900.99
5100,1689,39,4,259.68,1038.72
5101,1689,46,1,455.87,455.87
5102,1689,62,1,444.18,444.18
5103,1689,87,2,485.79,971.58
5104,1689,22,3,271.14,813.42
5105,1690,37,3,121.39,364.17
5106,1690,87,5,485.79,2428.95
5107,1690,70,2,380.26,760.52
5108,1691,64,5,404.34,2021.7
5109,1691,52,4,134.43,537.72
5110,1691,24,5,386.82,1934.1
5111,1691,87,2,485.79,971.58
5112,1691,72,5,257.72,1288.6
5113,1692,21,4,360.32,1441.28
5114,1692,18,4,111.88,447.52
5115,1692,88,2,322.06,644.12
5116,1692,25,2,392.86,785.72
5117,1693,11,2,300.33,600.66
5118,1693,81,5,69.38,346.9
5119,1693,39,3,259.68,779.04
5120,1693,80,5,135.98,679.9
5121,1694,70,3,380.26,1140.78
5122,1694,48,3,160.97,482.91
5123,1694,76,5,283.55,1417.75
5124,1694,41,4,71.84,287.36
5125,1694,40,1,225.49,225.49
5126,1695,77,4,493.21,1972.84
5127,1696,24,5,386.82,1934.1
5128,1696,57,2,55.56,111.12
5129,1697,31,2,492.66,985.32
5130,1698,99,4,403.91,1615.64
5131,1699,10,4,360.58,1442.32
5132,1699,98,3,152.13,456.39
5133,1699,72,3,257.72,773.16
5134,1699,96,4,24.45,97.8
5135,1699,59,1,132.49,132.49
5136,1700,10,3,360.58,1081.74
5137,1700,80,2,135.98,271.96
5138,1700,31,4,492.66,1970.64
5139,1700,49,2,168.14,336.28
5140,1700,90,1,420.61,420.61
5141,1701,85,1,65.06,65.06
5142,1701,82,5,327.17,1635.85
5143,1702,57,1,55.56,55.56
5144,1702,76,3,283.55,850.65
5145,1702,57,5,55.56,277.8
5146,1703,55,3,47.97,143.91
5147,1703,75,2,190.13,380.26
5148,1704,52,4,134.43,537.72
5149,1704,100,4,479.73,1918.92
5150,1704,74,2,463.46,926.92
5151,1705,6,3,386.9,1160.7
5152,1705,29,1,118.85,118.85
5153,1705,85,3,65.06,195.18
5154,1706,56,2,208.09,416.18
5155,1706,1,1,263.13,263.13
5156,1707,23,4,157.5,630
5157,1707,36,2,146.18,292.36
5158,1707,37,5,121.39,606.95
5159,1708,46,1,455.87,455.87
5160,1708,71,3,234.88,704.64
5161,1708,28,5,299.14,1495.7
5162,1708,34,3,435.95,1307.85
5163,1708,84,3,362.77,1088.31
5164,1709,96,5,24.45,122.25
5165,1710,73,5,446.53,2232.65
5166,1710,6,1,386.9,386.9
5167,1710,24,2,386.82,773.64
5168,1711,39,5,259.68,1298.4
5169,1711,52,1,134.43,134.43
5170,1712,75,1,190.13,190.13
5171,1712,86,5,405.91,2029.55
5172,1712,62,2,444.18,888.36
5173,1713,44,3,183.81,551.43
5174,1713,9,2,93.48,186.96
5175,1713,84,1,362.77,362.77
5176,1714,10,1,360.58,360.58
5177,1714,24,1,386.82,386.82
5178,1714,33,4,99.83,399.32
5179,1714,90,3,420.61,1261.83
5180,1714,39,4,259.68,1038.72
5181,1715,64,4,404.34,1617.36
5182,1715,7,4,102.83,411.32
5183,1715,90,3,420.61,1261.83
5184,1716,35,4,121.6,486.4
5185,1716,11,4,300.33,1201.32
5186,1717,84,4,362.77,1451.08
5187,1717,21,4,360.32,1441.28
5188,1718,93,3,389.08,1167.24
5189,1718,67,2,319.21,638.42
5190,1718,10,3,360.58,1081.74
5191,1718,14,2,40.76,81.52
5192,1719,46,3,455.87,1367.61
5193,1719,26,2,20.11,40.22
5194,1719,2,2,13.76,27.52
5195,1719,40,4,225.49,901.96
5196,1719,72,3,257.72,773.16
5197,1720,25,3,392.86,1178.58
5198,1720,18,5,111.88,559.4
5199,1720,16,1,54.7,54.7
5200,1720,61,5,309.79,1548.95
5201,1720,73,4,446.53,1786.12
5202,1721,88,1,322.06,322.06
5203,1722,71,5,234.88,1174.4
5204,1723,27,5,109.12,545.6
5205,1723,58,2,260.13,520.26
5206,1724,90,3,420.61,1261.83
5207,1724,92,5,267.01,1335.05
5208,1724,9,5,93.48,467.4
5209,1724,21,4,360.32,1441.28
5210,1724,10,3,360.58,1081.74
5211,1725,69,1,64.44,64.44
5212,1725,14,1,40.76,40.76
5213,1726,79,2,460.63,921.26
5214,1726,29,5,118.85,594.25
5215,1726,34,5,435.95,2179.75
5216,1726,54,3,345.07,1035.21
5217,1727,77,5,493.21,2466.05
5218,1727,5,5,175.97,879.85
5219,1727,4,1,217.56,217.56
5220,1727,84,2,362.77,725.54
5221,1728,38,1,293.18,293.18
5222,1728,51,5,290.5,1452.5
5223,1728,51,2,290.5,581
5224,1728,10,2,360.58,721.16
5225,1728,54,2,345.07,690.14
5226,1729,52,3,134.43,403.29
5227,1729,39,5,259.68,1298.4
5228,1729,2,4,13.76,55.04
5229,1730,15,3,31.65,94.95
5230,1730,41,2,71.84,143.68
5231,1730,30,3,193.42,580.26
5232,1730,96,5,24.45,122.25
5233,1731,50,5,58.66,293.3
5234,1731,82,2,327.17,654.34
5235,1731,66,4,102.27,409.08
5236,1731,50,4,58.66,234.64
5237,1732,38,2,293.18,586.36
5238,1732,18,1,111.88,111.88
5239,1732,37,5,121.39,606.95
5240,1732,14,5,40.76,203.8
5241,1733,81,3,69.38,208.14
5242,1733,15,2,31.65,63.3
5243,1733,49,4,168.14,672.56
5244,1733,55,5,47.97,239.85
5245,1733,44,4,183.81,735.24
5246,1734,74,5,463.46,2317.3
5247,1734,16,5,54.7,273.5
5248,1734,98,5,152.13,760.65
5249,1734,57,3,55.56,166.68
5250,1735,100,4,479.73,1918.92
5251,1735,84,1,362.77,362.77
5252,1735,35,1,121.6,121.6
5253,1735,72,3,257.72,773.16
5254,1736,68,1,488.86,488.86
5255,1736,45,4,184.89,739.56
5256,1736,36,4,146.18,584.72
5257,1737,28,4,299.14,1196.56
5258,1737,55,1,47.97,47.97
5259,1737,17,3,375.79,1127.37
5260,1738,56,1,208.09,208.09
5261,1738,40,3,225.49,676.47
5262,1739,51,3,290.5,871.5
5263,1739,86,4,405.91,1623.64
5264,1739,47,3,288.68,866.04
5265,1739,19,3,59.16,177.48
5266,1740,30,4,193.42,773.68
5267,1740,80,1,135.98,135.98
5268,1740,27,5,109.12,545.6
5269,1741,79,4,460.63,1842.52
5270,1742,57,3,55.56,166.68
5271,1742,53,1,105.42,105.42
5272,1742,51,4,290.5,1162
5273,1743,45,1,184.89,184.89
5274,1743,36,1,146.18,146.18
5275,1744,78,1,441.78,441.78
5276,1744,48,2,160.97,321.94
5277,1744,61,3,309.79,929.37
5278,1745,37,2,121.39,242.78
5279,1745,45,3,184.89,554.67
5280,1745,43,1,365.01,365.01
5281,1745,91,5,336.75,1683.75
5282,1746,35,1,121.6,121.6
5283,1747,55,3,47.97,143.91
5284,1747,47,2,288.68,577.36
5285,1747,86,3,405.91,1217.73
5286,1747,5,3,175.97,527.91
5287,1747,58,5,260.13,1300.65
5288,1748,38,4,293.18,1172.72
5289,1748,33,5,99.83,499.15
5290,1748,71,5,234.88,1174.4
5291,1748,60,3,317.43,952.29
5292,1748,58,2,260.13,520.26
5293,1749,30,2,193.42,386.84
5294,1749,4,5,217.56,1087.8
5295,1749,14,2,40.76,81.52
5296,1750,47,2,288.68,577.36
5297,1751,28,3,299.14,897.42
5298,1751,76,2,283.55,567.1
5299,1751,84,1,362.77,362.77
5300,1751,5,5,175.97,879.85
5301,1751,34,2,435.95,871.9
5302,1752,64,3,404.34,1213.02
5303,1752,27,5,109.12,545.6
5304,1752,7,2,102.83,205.66
5305,1752,20,3,411.46,1234.38
5306,1752,88,1,322.06,322.06
5307,1753,98,1,152.13,152.13
5308,1753,86,4,405.91,1623.64
5309,1753,61,1,309.79,309.79
5310,1753,89,3,133.38,400.14
5311,1754,79,4,460.63,1842.52
5312,1754,73,5,446.53,2232.65
5313,1754,13,2,260.92,521.84
5314,1755,10,4,360.58,1442.32
5315,1755,63,4,380.74,1522.96
5316,1755,53,2,105.42,210.84
5317,1756,18,5,111.88,559.4
5318,1757,2,4,13.76,55.04
5319,1757,22,5,271.14,1355.7
5320,1757,3,2,275.8,551.6
5321,1757,60,4,317.43,1269.72
5322,1757,51,5,290.5,1452.5
5323,1758,1,5,263.13,1315.65
5324,1758,12,1,195.25,195.25
5325,1758,45,3,184.89,554.67
5326,1758,87,1,485.79,485.79
5327,1759,16,1,54.7,54.7
5328,1759,70,4,380.26,1521.04
5329,1759,43,5,365.01,1825.05
5330,1759,93,3,389.08,1167.24
5331,1759,96,4,24.45,97.8
5332,1760,10,4,360.58,1442.32
5333,1760,56,4,208.09,832.36
5334,1760,7,4,102.83,411.32
5335,1761,66,1,102.27,102.27
5336,1761,79,5,460.63,2303.15
5337,1761,3,3,275.8,827.4
5338,1761,71,1,234.88,234.88
5339,1761,8,1,297.2,297.2
5340,1762,55,2,47.97,95.94
5341,1762,49,2,168.14,336.28
5342,1762,16,4,54.7,218.8
5343,1762,76,4,283.55,1134.2
5344,1762,24,1,386.82,386.82
5345,1763,36,1,146.18,146.18
5346,1763,77,5,493.21,2466.05
5347,1763,23,3,157.5,472.5
5348,1764,79,4,460.63,1842.52
5349,1765,94,3,443.5,1330.5
5350,1765,40,2,225.49,450.98
5351,1766,48,2,160.97,321.94
5352,1766,77,3,493.21,1479.63
5353,1766,91,1,336.75,336.75
5354,1767,51,4,290.5,1162
5355,1768,28,2,299.14,598.28
5356,1769,20,3,411.46,1234.38
5357,1769,29,2,118.85,237.7
5358,1770,33,3,99.83,299.49
5359,1770,90,3,420.61,1261.83
5360,1770,14,3,40.76,122.28
5361,1771,26,1,20.11,20.11
5362,1771,91,5,336.75,1683.75
5363,1772,56,3,208.09,624.27
5364,1772,81,1,69.38,69.38
5365,1772,91,1,336.75,336.75
5366,1773,25,3,392.86,1178.58
5367,1773,14,4,40.76,163.04
5368,1773,91,4,336.75,1347
5369,1774,59,1,132.49,132.49
5370,1775,21,4,360.32,1441.28
5371,1775,64,3,404.34,1213.02
5372,1775,15,4,31.65,126.6
5373,1776,21,1,360.32,360.32
5374,1776,45,2,184.89,369.78
5375,1777,17,5,375.79,1878.95
5376,1778,22,2,271.14,542.28
5377,1778,88,3,322.06,966.18
5378,1779,77,2,493.21,986.42
5379,1779,34,2,435.95,871.9
5380,1779,77,4,493.21,1972.84
5381,1780,98,2,152.13,304.26
5382,1780,67,5,319.21,1596.05
5383,1780,16,3,54.7,164.1
5384,1780,16,4,54.7,218.8
5385,1780,78,2,441.78,883.56
5386,1781,35,4,121.6,486.4
5387,1781,68,5,488.86,2444.3
5388,1781,79,2,460.63,921.26
5389,1781,23,4,157.5,630
5390,1782,74,4,463.46,1853.84
5391,1783,91,2,336.75,673.5
5392,1784,69,2,64.44,128.88
5393,1785,13,2,260.92,521.84
5394,1785,76,3,283.55,850.65
5395,1786,28,2,299.14,598.28
5396,1786,31,3,492.66,1477.98
5397,1786,1,4,263.13,1052.52
5398,1786,23,5,157.5,787.5
5399,1787,28,4,299.14,1196.56
5400,1787,80,5,135.98,679.9
5401,1787,43,3,365.01,1095.03
5402,1787,45,5,184.89,924.45
5403,1788,78,5,441.78,2208.9
5404,1788,14,4,40.76,163.04
5405,1788,57,2,55.56,111.12
5406,1788,20,3,411.46,1234.38
5407,1789,51,4,290.5,1162
5408,1789,66,4,102.27,409.08
5409,1789,98,1,152.13,152.13
5410,1790,98,4,152.13,608.52
5411,1791,99,2,403.91,807.82
5412,1791,31,5,492.66,2463.3
5413,1792,49,2,168.14,336.28
5414,1793,78,1,441.78,441.78
5415,1793,39,3,259.68,779.04
5416,1794,99,5,403.91,2019.55
5417,1794,46,2,455.87,911.74
5418,1795,69,4,64.44,257.76
5419,1795,35,4,121.6,486.4
5420,1795,70,5,380.26,1901.3
5421,1796,63,2,380.74,761.48
5422,1796,37,2,121.39,242.78
5423,1797,5,5,175.97,879.85
5424,1797,44,5,183.81,919.05
5425,1797,97,1,337.32,337.32
5426,1798,77,5,493.21,2466.05
5427,1798,38,2,293.18,586.36
5428,1798,48,2,160.97,321.94
5429,1798,51,1,290.5,290.5
5430,1798,96,2,24.45,48.9
5431,1799,27,1,109.12,109.12
5432,1799,82,4,327.17,1308.68
5433,1799,82,3,327.17,981.51
5434,1799,40,1,225.49,225.49
5435,1800,42,5,241.8,1209
5436,1800,72,5,257.72,1288.6
5437,1800,22,4,271.14,1084.56
5438,1801,66,4,102.27,409.08
5439,1801,49,2,168.14,336.28
5440,1801,42,4,241.8,967.2
5441,1801,26,5,20.11,100.55
5442,1801,37,4,121.39,485.56
5443,1802,73,4,446.53,1786.12
5444,1802,71,3,234.88,704.64
5445,1803,3,1,275.8,275.8
5446,1803,89,3,133.38,400.14
5447,1804,61,2,309.79,619.58
5448,1804,72,3,257.72,773.16
5449,1804,39,3,259.68,779.04
5450,1804,45,5,184.89,924.45
5451,1804,41,3,71.84,215.52
5452,1805,76,4,283.55,1134.2
5453,1805,84,5,362.77,1813.85
5454,1805,18,5,111.88,559.4
5455,1805,92,3,267.01,801.03
5456,1806,70,3,380.26,1140.78
5457,1806,79,1,460.63,460.63
5458,1806,89,2,133.38,266.76
5459,1806,95,4,397.59,1590.36
5460,1806,77,3,493.21,1479.63
5461,1807,1,5,263.13,1315.65
5462,1807,96,1,24.45,24.45
5463,1807,43,5,365.01,1825.05
5464,1807,50,1,58.66,58.66
5465,1808,61,5,309.79,1548.95
5466,1809,30,5,193.42,967.1
5467,1809,60,1,317.43,317.43
5468,1809,80,3,135.98,407.94
5469,1809,45,5,184.89,924.45
5470,1810,26,3,20.11,60.33
5471,1810,79,5,460.63,2303.15
5472,1810,63,4,380.74,1522.96
5473,1811,46,2,455.87,911.74
5474,1811,1,3,263.13,789.39
5475,1811,87,5,485.79,2428.95
5476,1812,46,5,455.87,2279.35
5477,1812,37,3,121.39,364.17
5478,1812,67,5,319.21,1596.05
5479,1813,11,2,300.33,600.66
5480,1813,62,1,444.18,444.18
5481,1813,37,1,121.39,121.39
5482,1813,80,4,135.98,543.92
5483,1813,7,5,102.83,514.15
5484,1814,70,4,380.26,1521.04
5485,1815,87,2,485.79,971.58
5486,1815,75,5,190.13,950.65
5487,1815,47,3,288.68,866.04
5488,1815,75,1,190.13,190.13
5489,1816,20,2,411.46,822.92
5490,1816,30,5,193.42,967.1
5491,1816,94,1,443.5,443.5
5492,1817,29,3,118.85,356.55
5493,1817,88,4,322.06,1288.24
5494,1817,89,4,133.38,533.52
5495,1817,26,3,20.11,60.33
5496,1817,22,5,271.14,1355.7
5497,1818,18,5,111.88,559.4
5498,1819,68,1,488.86,488.86
5499,1819,79,2,460.63,921.26
5500,1819,18,3,111.88,335.64
5501,1820,4,4,217.56,870.24
5502,1820,37,2,121.39,242.78
5503,1820,75,2,190.13,380.26
5504,1820,58,1,260.13,260.13
5505,1821,42,3,241.8,725.4
5506,1821,79,1,460.63,460.63
5507,1821,5,4,175.97,703.88
5508,1822,96,3,24.45,73.35
5509,1822,40,2,225.49,450.98
5510,1822,76,5,283.55,1417.75
5511,1822,29,5,118.85,594.25
5512,1823,76,2,283.55,567.1
5513,1824,68,5,488.86,2444.3
5514,1824,82,1,327.17,327.17
5515,1824,6,4,386.9,1547.6
5516,1824,11,4,300.33,1201.32
5517,1824,15,4,31.65,126.6
5518,1825,79,3,460.63,1381.89
5519,1826,15,4,31.65,126.6
5520,1826,28,5,299.14,1495.7
5521,1827,60,1,317.43,317.43
5522,1828,20,5,411.46,2057.3
5523,1828,72,1,257.72,257.72
5524,1829,79,5,460.63,2303.15
5525,1829,53,4,105.42,421.68
5526,1830,72,5,257.72,1288.6
5527,1830,91,3,336.75,1010.25
5528,1830,53,5,105.42,527.1
5529,1830,49,5,168.14,840.7
5530,1830,13,2,260.92,521.84
5531,1831,16,2,54.7,109.4
5532,1831,2,1,13.76,13.76
5533,1831,11,5,300.33,1501.65
5534,1832,85,1,65.06,65.06
5535,1832,24,4,386.82,1547.28
5536,1833,83,2,470.19,940.38
5537,1833,66,5,102.27,511.35
5538,1833,23,1,157.5,157.5
5539,1833,60,1,317.43,317.43
5540,1833,57,1,55.56,55.56
5541,1834,52,5,134.43,672.15
5542,1834,72,4,257.72,1030.88
5543,1835,68,5,488.86,2444.3
5544,1835,12,4,195.25,781
5545,1835,23,4,157.5,630
5546,1836,10,2,360.58,721.16
5547,1836,49,4,168.14,672.56
5548,1837,85,1,65.06,65.06
5549,1837,46,5,455.87,2279.35
5550,1837,6,3,386.9,1160.7
5551,1838,52,2,134.43,268.86
5552,1838,60,3,317.43,952.29
5553,1838,58,1,260.13,260.13
5554,1838,64,1,404.34,404.34
5555,1838,21,3,360.32,1080.96
5556,1839,45,4,184.89,739.56
5557,1839,86,1,405.91,405.91
5558,1839,32,2,100.46,200.92
5559,1839,50,4,58.66,234.64
5560,1839,8,1,297.2,297.2
5561,1840,41,2,71.84,143.68
5562,1841,19,5,59.16,295.8
5563,1841,16,2,54.7,109.4
5564,1841,10,3,360.58,1081.74
5565,1841,57,3,55.56,166.68
5566,1842,57,1,55.56,55.56
5567,1843,53,3,105.42,316.26
5568,1843,46,4,455.87,1823.48
5569,1843,75,1,190.13,190.13
5570,1843,96,5,24.45,122.25
5571,1844,89,5,133.38,666.9
5572,1844,63,1,380.74,380.74
5573,1844,79,4,460.63,1842.52
5574,1844,37,3,121.39,364.17
5575,1845,89,2,133.38,266.76
5576,1845,10,5,360.58,1802.9
5577,1845,62,1,444.18,444.18
5578,1845,24,1,386.82,386.82
5579,1845,31,4,492.66,1970.64
5580,1846,86,4,405.91,1623.64
5581,1846,63,5,380.74,1903.7
5582,1846,46,3,455.87,1367.61
5583,1846,5,1,175.97,175.97
5584,1846,26,4,20.11,80.44
5585,1847,57,4,55.56,222.24
5586,1847,30,2,193.42,386.84
5587,1848,72,1,257.72,257.72
5588,1848,81,4,69.38,277.52
5589,1849,67,2,319.21,638.42
5590,1849,38,3,293.18,879.54
5591,1849,48,1,160.97,160.97
5592,1849,23,5,157.5,787.5
5593,1849,76,5,283.55,1417.75
5594,1850,89,1,133.38,133.38
5595,1851,41,2,71.84,143.68
5596,1852,36,2,146.18,292.36
5597,1852,71,5,234.88,1174.4
5598,1852,46,1,455.87,455.87
5599,1852,28,3,299.14,897.42
5600,1852,63,3,380.74,1142.22
5601,1853,98,4,152.13,608.52
5602,1854,46,3,455.87,1367.61
5603,1854,76,4,283.55,1134.2
5604,1854,72,4,257.72,1030.88
5605,1854,89,2,133.38,266.76
5606,1855,63,4,380.74,1522.96
5607,1855,58,2,260.13,520.26
5608,1855,46,2,455.87,911.74
5609,1855,34,5,435.95,2179.75
5610,1855,70,1,380.26,380.26
5611,1856,87,4,485.79,1943.16
5612,1856,78,4,441.78,1767.12
5613,1856,91,3,336.75,1010.25
5614,1856,31,5,492.66,2463.3
5615,1857,93,5,389.08,1945.4
5616,1857,45,2,184.89,369.78
5617,1857,51,3,290.5,871.5
5618,1857,1,5,263.13,1315.65
5619,1857,57,4,55.56,222.24
5620,1858,44,1,183.81,183.81
5621,1858,55,3,47.97,143.91
5622,1858,19,4,59.16,236.64
5623,1858,10,3,360.58,1081.74
5624,1859,96,4,24.45,97.8
5625,1859,50,4,58.66,234.64
5626,1860,81,5,69.38,346.9
5627,1860,65,5,103.56,517.8
5628,1860,71,4,234.88,939.52
5629,1860,91,2,336.75,673.5
5630,1860,16,5,54.7,273.5
5631,1861,24,3,386.82,1160.46
5632,1861,48,3,160.97,482.91
5633,1861,11,4,300.33,1201.32
5634,1861,91,4,336.75,1347
5635,1861,55,5,47.97,239.85
5636,1862,87,5,485.79,2428.95
5637,1862,34,4,435.95,1743.8
5638,1862,6,1,386.9,386.9
5639,1862,7,3,102.83,308.49
5640,1863,54,1,345.07,345.07
5641,1863,21,4,360.32,1441.28
5642,1863,24,3,386.82,1160.46
5643,1863,8,3,297.2,891.6
5644,1863,23,1,157.5,157.5
5645,1864,56,3,208.09,624.27
5646,1865,93,4,389.08,1556.32
5647,1865,11,5,300.33,1501.65
5648,1866,4,3,217.56,652.68
5649,1866,60,2,317.43,634.86
5650,1866,62,2,444.18,888.36
5651,1866,79,4,460.63,1842.52
5652,1866,65,4,103.56,414.24
5653,1867,35,2,121.6,243.2
5654,1867,66,1,102.27,102.27
5655,1867,97,4,337.32,1349.28
5656,1867,77,1,493.21,493.21
5657,1868,71,1,234.88,234.88
5658,1868,42,2,241.8,483.6
5659,1868,99,3,403.91,1211.73
5660,1868,28,1,299.14,299.14
5661,1868,53,5,105.42,527.1
5662,1869,40,5,225.49,1127.45
5663,1870,64,5,404.34,2021.7
5664,1870,46,2,455.87,911.74
5665,1870,11,4,300.33,1201.32
5666,1870,62,1,444.18,444.18
5667,1871,7,1,102.83,102.83
5668,1871,63,1,380.74,380.74
5669,1871,72,3,257.72,773.16
5670,1871,5,1,175.97,175.97
5671,1872,13,2,260.92,521.84
5672,1872,61,4,309.79,1239.16
5673,1872,46,4,455.87,1823.48
5674,1872,53,5,105.42,527.1
5675,1872,92,1,267.01,267.01
5676,1873,96,4,24.45,97.8
5677,1874,34,4,435.95,1743.8
5678,1874,16,1,54.7,54.7
5679,1875,31,4,492.66,1970.64
5680,1875,7,5,102.83,514.15
5681,1876,87,2,485.79,971.58
5682,1877,12,5,195.25,976.25
5683,1877,24,2,386.82,773.64
5684,1877,73,5,446.53,2232.65
5685,1878,33,3,99.83,299.49
5686,1878,77,1,493.21,493.21
5687,1878,13,2,260.92,521.84
5688,1878,11,5,300.33,1501.65
5689,1878,84,5,362.77,1813.85
5690,1879,16,3,54.7,164.1
5691,1880,76,5,283.55,1417.75
5692,1880,83,3,470.19,1410.57
5693,1880,75,1,190.13,190.13
5694,1880,87,4,485.79,1943.16
5695,1881,88,2,322.06,644.12
5696,1881,92,4,267.01,1068.04
5697,1881,66,2,102.27,204.54
5698,1881,10,2,360.58,721.16
5699,1882,49,3,168.14,504.42
5700,1883,75,3,190.13,570.39
5701,1883,55,1,47.97,47.97
5702,1883,55,1,47.97,47.97
5703,1883,9,1,93.48,93.48
5704,1884,5,2,175.97,351.94
5705,1884,48,4,160.97,643.88
5706,1884,95,2,397.59,795.18
5707,1884,36,4,146.18,584.72
5708,1885,88,1,322.06,322.06
5709,1885,33,4,99.83,399.32
5710,1885,52,3,134.43,403.29
5711,1886,90,4,420.61,1682.44
5712,1887,92,1,267.01,267.01
5713,1887,68,3,488.86,1466.58
5714,1887,10,1,360.58,360.58
5715,1888,46,1,455.87,455.87
5716,1889,65,4,103.56,414.24
5717,1889,56,2,208.09,416.18
5718,1889,16,5,54.7,273.5
5719,1889,77,2,493.21,986.42
5720,1889,43,3,365.01,1095.03
5721,1890,49,1,168.14,168.14
5722,1890,45,1,184.89,184.89
5723,1890,38,1,293.18,293.18
5724,1890,68,2,488.86,977.72
5725,1890,98,2,152.13,304.26
5726,1891,73,3,446.53,1339.59
5727,1891,26,2,20.11,40.22
5728,1891,99,2,403.91,807.82
5729,1892,47,3,288.68,866.04
5730,1892,89,2,133.38,266.76
5731,1892,98,5,152.13,760.65
5732,1892,88,4,322.06,1288.24
5733,1892,47,1,288.68,288.68
5734,1893,75,5,190.13,950.65
5735,1893,59,4,132.49,529.96
5736,1893,47,3,288.68,866.04
5737,1893,25,2,392.86,785.72
5738,1893,7,2,102.83,205.66
5739,1894,80,1,135.98,135.98
5740,1894,57,3,55.56,166.68
5741,1894,37,2,121.39,242.78
5742,1894,94,3,443.5,1330.5
5743,1895,79,5,460.63,2303.15
5744,1895,95,5,397.59,1987.95
5745,1896,58,4,260.13,1040.52
5746,1896,74,1,463.46,463.46
5747,1896,21,5,360.32,1801.6
5748,1897,99,4,403.91,1615.64
5749,1897,89,4,133.38,533.52
5750,1898,43,1,365.01,365.01
5751,1898,28,4,299.14,1196.56
5752,1898,37,3,121.39,364.17
5753,1899,77,5,493.21,2466.05
5754,1899,82,2,327.17,654.34
5755,1899,24,3,386.82,1160.46
5756,1899,63,3,380.74,1142.22
5757,1899,71,1,234.88,234.88
5758,1900,84,2,362.77,725.54
5759,1901,59,1,132.49,132.49
5760,1901,79,5,460.63,2303.15
5761,1901,60,4,317.43,1269.72
5762,1901,75,4,190.13,760.52
5763,1902,49,3,168.14,504.42
5764,1902,53,1,105.42,105.42
5765,1902,19,3,59.16,177.48
5766,1902,75,4,190.13,760.52
5767,1902,85,5,65.06,325.3
5768,1903,63,4,380.74,1522.96
5769,1903,9,1,93.48,93.48
5770,1903,87,1,485.79,485.79
5771,1903,21,4,360.32,1441.28
5772,1903,81,4,69.38,277.52
5773,1904,12,1,195.25,195.25
5774,1905,44,3,183.81,551.43
5775,1905,50,4,58.66,234.64
5776,1906,9,1,93.48,93.48
5777,1906,26,4,20.11,80.44
5778,1907,42,2,241.8,483.6
5779,1907,40,4,225.49,901.96
5780,1907,62,5,444.18,2220.9
5781,1907,73,3,446.53,1339.59
5782,1908,63,3,380.74,1142.22
5783,1909,2,2,13.76,27.52
5784,1909,3,1,275.8,275.8
5785,1910,84,2,362.77,725.54
5786,1910,3,2,275.8,551.6
5787,1911,92,3,267.01,801.03
5788,1911,29,1,118.85,118.85
5789,1911,26,4,20.11,80.44
5790,1911,34,3,435.95,1307.85
5791,1911,49,3,168.14,504.42
5792,1912,16,3,54.7,164.1
5793,1912,43,4,365.01,1460.04
5794,1913,65,5,103.56,517.8
5795,1913,74,3,463.46,1390.38
5796,1913,79,4,460.63,1842.52
5797,1913,67,5,319.21,1596.05
5798,1913,45,3,184.89,554.67
5799,1914,98,3,152.13,456.39
5800,1915,98,3,152.13,456.39
5801,1915,47,5,288.68,1443.4
5802,1916,100,2,479.73,959.46
5803,1916,92,3,267.01,801.03
5804,1916,33,3,99.83,299.49
5805,1916,87,1,485.79,485.79
5806,1917,77,4,493.21,1972.84
5807,1917,42,1,241.8,241.8
5808,1918,37,2,121.39,242.78
5809,1918,63,4,380.74,1522.96
5810,1918,70,2,380.26,760.52
5811,1918,100,5,479.73,2398.65
5812,1918,64,2,404.34,808.68
5813,1919,76,4,283.55,1134.2
5814,1919,20,4,411.46,1645.84
5815,1919,11,4,300.33,1201.32
5816,1920,48,2,160.97,321.94
5817,1921,79,2,460.63,921.26
5818,1922,76,1,283.55,283.55
5819,1922,15,1,31.65,31.65
5820,1923,10,3,360.58,1081.74
5821,1923,10,5,360.58,1802.9
5822,1923,75,4,190.13,760.52
5823,1923,47,4,288.68,1154.72
5824,1924,63,5,380.74,1903.7
5825,1924,85,2,65.06,130.12
5826,1924,79,3,460.63,1381.89
5827,1925,33,5,99.83,499.15
5828,1925,65,5,103.56,517.8
5829,1926,13,5,260.92,1304.6
5830,1926,19,1,59.16,59.16
5831,1926,78,3,441.78,1325.34
5832,1926,38,3,293.18,879.54
5833,1927,59,1,132.49,132.49
5834,1927,100,1,479.73,479.73
5835,1927,23,4,157.5,630
5836,1927,92,5,267.01,1335.05
5837,1927,27,3,109.12,327.36
5838,1928,37,2,121.39,242.78
5839,1928,91,2,336.75,673.5
5840,1929,30,4,193.42,773.68
5841,1929,6,5,386.9,1934.5
5842,1929,91,3,336.75,1010.25
5843,1930,81,5,69.38,346.9
5844,1930,99,3,403.91,1211.73
5845,1930,96,3,24.45,73.35
5846,1930,99,5,403.91,2019.55
5847,1930,83,5,470.19,2350.95
5848,1931,93,5,389.08,1945.4
5849,1931,50,3,58.66,175.98
5850,1931,39,2,259.68,519.36
5851,1931,58,4,260.13,1040.52
5852,1931,23,3,157.5,472.5
5853,1932,54,3,345.07,1035.21
5854,1932,43,2,365.01,730.02
5855,1933,52,1,134.43,134.43
5856,1933,10,2,360.58,721.16
5857,1933,42,2,241.8,483.6
5858,1934,87,2,485.79,971.58
5859,1934,64,4,404.34,1617.36
5860,1934,5,1,175.97,175.97
5861,1935,14,5,40.76,203.8
5862,1935,75,3,190.13,570.39
5863,1935,38,5,293.18,1465.9
5864,1936,48,2,160.97,321.94
5865,1936,20,4,411.46,1645.84
5866,1936,6,2,386.9,773.8
5867,1936,7,2,102.83,205.66
5868,1937,33,3,99.83,299.49
5869,1937,88,2,322.06,644.12
5870,1938,86,5,405.91,2029.55
5871,1939,56,1,208.09,208.09
5872,1939,56,1,208.09,208.09
5873,1939,46,1,455.87,455.87
5874,1940,50,1,58.66,58.66
5875,1940,13,5,260.92,1304.6
5876,1940,82,5,327.17,1635.85
5877,1940,100,4,479.73,1918.92
5878,1941,39,1,259.68,259.68
5879,1942,65,2,103.56,207.12
5880,1943,33,1,99.83,99.83
5881,1943,68,1,488.86,488.86
5882,1943,53,2,105.42,210.84
5883,1944,77,4,493.21,1972.84
5884,1944,35,4,121.6,486.4
5885,1945,54,5,345.07,1725.35
5886,1945,25,5,392.86,1964.3
5887,1945,8,1,297.2,297.2
5888,1946,18,1,111.88,111.88
5889,1946,60,3,317.43,952.29
5890,1946,1,5,263.13,1315.65
5891,1947,52,4,134.43,537.72
5892,1948,43,5,365.01,1825.05
5893,1948,13,1,260.92,260.92
5894,1948,79,4,460.63,1842.52
5895,1948,94,2,443.5,887
5896,1949,71,1,234.88,234.88
5897,1949,59,5,132.49,662.45
5898,1949,8,3,297.2,891.6
5899,1949,58,1,260.13,260.13
5900,1950,71,2,234.88,469.76
5901,1950,28,4,299.14,1196.56
5902,1950,55,3,47.97,143.91
5903,1951,13,5,260.92,1304.6
5904,1951,24,4,386.82,1547.28
5905,1952,46,3,455.87,1367.61
5906,1952,23,2,157.5,315
5907,1952,64,3,404.34,1213.02
5908,1953,84,4,362.77,1451.08
5909,1953,68,5,488.86,2444.3
5910,1953,86,4,405.91,1623.64
5911,1953,54,4,345.07,1380.28
5912,1954,73,5,446.53,2232.65
5913,1954,81,1,69.38,69.38
5914,1955,65,1,103.56,103.56
5915,1956,75,4,190.13,760.52
5916,1956,84,2,362.77,725.54
5917,1956,34,2,435.95,871.9
5918,1957,89,4,133.38,533.52
5919,1957,59,1,132.49,132.49
5920,1957,61,5,309.79,1548.95
5921,1958,1,4,263.13,1052.52
5922,1958,58,3,260.13,780.39
5923,1958,7,2,102.83,205.66
5924,1958,71,3,234.88,704.64
5925,1958,56,1,208.09,208.09
5926,1959,95,4,397.59,1590.36
5927,1959,75,5,190.13,950.65
5928,1959,14,3,40.76,122.28
5929,1960,29,2,118.85,237.7
5930,1960,33,5,99.83,499.15
5931,1960,48,4,160.97,643.88
5932,1961,77,5,493.21,2466.05
5933,1961,90,1,420.61,420.61
5934,1961,46,1,455.87,455.87
5935,1962,36,4,146.18,584.72
5936,1962,49,4,168.14,672.56
5937,1962,60,1,317.43,317.43
5938,1962,36,4,146.18,584.72
5939,1963,96,2,24.45,48.9
5940,1963,25,2,392.86,785.72
5941,1963,97,4,337.32,1349.28
5942,1963,80,3,135.98,407.94
5943,1964,27,2,109.12,218.24
5944,1964,20,3,411.46,1234.38
5945,1964,57,3,55.56,166.68
5946,1965,60,1,317.43,317.43
5947,1965,77,4,493.21,1972.84
5948,1965,72,5,257.72,1288.6
5949,1965,72,4,257.72,1030.88
5950,1966,62,5,444.18,2220.9
5951,1966,48,2,160.97,321.94
5952,1966,16,4,54.7,218.8
5953,1966,70,5,380.26,1901.3
5954,1966,62,1,444.18,444.18
5955,1967,11,4,300.33,1201.32
5956,1967,60,2,317.43,634.86
5957,1968,10,2,360.58,721.16
5958,1968,56,2,208.09,416.18
5959,1969,6,1,386.9,386.9
5960,1970,1,4,263.13,1052.52
5961,1970,39,5,259.68,1298.4
5962,1970,44,5,183.81,919.05
5963,1970,20,5,411.46,2057.3
5964,1971,91,1,336.75,336.75
5965,1971,73,3,446.53,1339.59
5966,1971,49,4,168.14,672.56
5967,1971,27,5,109.12,545.6
5968,1971,99,4,403.91,1615.64
5969,1972,97,5,337.32,1686.6
5970,1972,27,1,109.12,109.12
5971,1972,44,4,183.81,735.24
5972,1972,13,4,260.92,1043.68
5973,1972,50,1,58.66,58.66
5974,1973,46,2,455.87,911.74
5975,1974,47,4,288.68,1154.72
5976,1975,45,5,184.89,924.45
5977,1975,72,2,257.72,515.44
5978,1975,9,5,93.48,467.4
5979,1975,78,2,441.78,883.56
5980,1975,5,3,175.97,527.91
5981,1976,87,2,485.79,971.58
5982,1976,48,1,160.97,160.97
5983,1977,21,1,360.32,360.32
5984,1977,80,3,135.98,407.94
5985,1978,39,1,259.68,259.68
5986,1979,18,4,111.88,447.52
5987,1979,58,2,260.13,520.26
5988,1980,52,2,134.43,268.86
5989,1981,89,5,133.38,666.9
5990,1981,17,1,375.79,375.79
5991,1981,3,5,275.8,1379
5992,1981,75,5,190.13,950.65
5993,1981,26,5,20.11,100.55
5994,1982,39,4,259.68,1038.72
5995,1982,11,5,300.33,1501.65
5996,1982,52,4,134.43,537.72
5997,1982,69,2,64.44,128.88
5998,1983,80,5,135.98,679.9
5999,1984,67,1,319.21,319.21
6000,1984,48,5,160.97,804.85
6001,1984,19,3,59.16,177.48
6002,1985,25,4,392.86,1571.44
6003,1985,97,2,337.32,674.64
6004,1985,45,3,184.89,554.67
6005,1985,98,5,152.13,760.65
6006,1985,90,4,420.61,1682.44
6007,1986,66,1,102.27,102.27
6008,1986,13,4,260.92,1043.68
6009,1986,73,4,446.53,1786.12
6010,1987,68,5,488.86,2444.3
6011,1987,74,1,463.46,463.46
6012,1987,24,5,386.82,1934.1
6013,1987,21,4,360.32,1441.28
6014,1987,48,4,160.97,643.88
6015,1988,72,3,257.72,773.16
6016,1988,24,5,386.82,1934.1
6017,1988,76,3,283.55,850.65
6018,1988,75,4,190.13,760.52
6019,1988,47,3,288.68,866.04
6020,1989,32,3,100.46,301.38
6021,1989,81,2,69.38,138.76
6022,1989,10,5,360.58,1802.9
6023,1990,52,3,134.43,403.29
6024,1990,46,5,455.87,2279.35
6025,1990,93,5,389.08,1945.4
6026,1990,29,1,118.85,118.85
6027,1990,38,3,293.18,879.54
6028,1991,77,2,493.21,986.42
6029,1991,1,1,263.13,263.13
6030,1991,30,1,193.42,193.42
6031,1991,20,2,411.46,822.92
6032,1991,98,1,152.13,152.13
6033,1992,11,5,300.33,1501.65
6034,1992,20,3,411.46,1234.38
6035,1992,81,4,69.38,277.52
6036,1992,48,4,160.97,643.88
6037,1993,10,5,360.58,1802.9
6038,1993,59,2,132.49,264.98
6039,1993,35,4,121.6,486.4
6040,1993,2,3,13.76,41.28
6041,1994,13,2,260.92,521.84
6042,1994,67,5,319.21,1596.05
6043,1995,78,3,441.78,1325.34
6044,1995,77,4,493.21,1972.84
6045,1995,81,4,69.38,277.52
6046,1995,70,1,380.26,380.26
6047,1995,51,3,290.5,871.5
6048,1996,1,5,263.13,1315.65
6049,1996,60,2,317.43,634.86
6050,1996,90,4,420.61,1682.44
6051,1996,79,1,460.63,460.63
6052,1997,95,3,397.59,1192.77
6053,1997,29,2,118.85,237.7
6054,1997,91,5,336.75,1683.75
6055,1998,46,2,455.87,911.74
6056,1998,54,5,345.07,1725.35
6057,1998,45,3,184.89,554.67
6058,1998,30,4,193.42,773.68
6059,1999,66,2,102.27,204.54
6060,1999,49,1,168.14,168.14
6061,1999,60,2,317.43,634.86
6062,1999,76,2,283.55,567.1
6063,1999,56,4,208.09,832.36
6064,2000,41,5,71.84,359.2
6065,2000,38,1,293.18,293.18
6066,2000,2,3,13.76,41.28
6067,2001,6,3,386.9,1160.7
6068,2001,47,5,288.68,1443.4
6069,2001,87,2,485.79,971.58
6070,2002,9,1,93.48,93.48
6071,2003,86,4,405.91,1623.64
6072,2003,66,1,102.27,102.27
6073,2003,54,2,345.07,690.14
6074,2003,85,1,65.06,65.06
6075,2004,8,5,297.2,1486
6076,2005,28,2,299.14,598.28
6077,2005,17,1,375.79,375.79
6078,2005,86,1,405.91,405.91
6079,2006,63,5,380.74,1903.7
6080,2006,30,4,193.42,773.68
6081,2006,96,4,24.45,97.8
6082,2006,74,1,463.46,463.46
6083,2006,57,1,55.56,55.56
6084,2007,65,2,103.56,207.12
6085,2007,8,3,297.2,891.6
6086,2007,28,5,299.14,1495.7
6087,2008,43,5,365.01,1825.05
6088,2008,45,1,184.89,184.89
6089,2009,55,5,47.97,239.85
6090,2010,28,5,299.14,1495.7
6091,2010,75,3,190.13,570.39
6092,2010,92,2,267.01,534.02
6093,2010,32,4,100.46,401.84
6094,2011,77,4,493.21,1972.84
6095,2011,55,3,47.97,143.91
6096,2011,59,3,132.49,397.47
6097,2011,37,2,121.39,242.78
6098,2011,70,5,380.26,1901.3
6099,2012,16,1,54.7,54.7
6100,2012,100,1,479.73,479.73
6101,2013,63,4,380.74,1522.96
6102,2013,50,2,58.66,117.32
6103,2013,10,5,360.58,1802.9
6104,2013,11,1,300.33,300.33
6105,2014,75,5,190.13,950.65
6106,2014,10,2,360.58,721.16
6107,2014,58,5,260.13,1300.65
6108,2015,26,2,20.11,40.22
6109,2016,95,3,397.59,1192.77
6110,2017,16,3,54.7,164.1
6111,2017,3,3,275.8,827.4
6112,2017,59,1,132.49,132.49
6113,2018,59,2,132.49,264.98
6114,2018,52,1,134.43,134.43
6115,2019,88,4,322.06,1288.24
6116,2019,10,3,360.58,1081.74
6117,2019,63,5,380.74,1903.7
6118,2019,46,1,455.87,455.87
6119,2019,44,2,183.81,367.62
6120,2020,67,4,319.21,1276.84
6121,2020,94,1,443.5,443.5
6122,2021,20,5,411.46,2057.3
6123,2021,10,2,360.58,721.16
6124,2021,72,1,257.72,257.72
6125,2021,83,5,470.19,2350.95
6126,2021,69,2,64.44,128.88
6127,2022,59,5,132.49,662.45
6128,2022,35,3,121.6,364.8
6129,2022,23,2,157.5,315
6130,2023,88,3,322.06,966.18
6131,2024,86,5,405.91,2029.55
6132,2024,88,1,322.06,322.06
6133,2024,48,5,160.97,804.85
6134,2024,39,1,259.68,259.68
6135,2024,68,4,488.86,1955.44
6136,2025,57,3,55.56,166.68
6137,2026,23,4,157.5,630
6138,2026,55,3,47.97,143.91
6139,2026,45,5,184.89,924.45
6140,2026,11,3,300.33,900.99
6141,2027,77,2,493.21,986.42
6142,2027,57,2,55.56,111.12
6143,2027,99,5,403.91,2019.55
6144,2027,94,4,443.5,1774
6145,2027,89,2,133.38,266.76
6146,2028,14,2,40.76,81.52
6147,2028,55,5,47.97,239.85
6148,2028,21,1,360.32,360.32
6149,2028,6,5,386.9,1934.5
6150,2028,17,5,375.79,1878.95
6151,2029,4,4,217.56,870.24
6152,2029,97,4,337.32,1349.28
6153,2030,85,4,65.06,260.24
6154,2030,52,4,134.43,537.72
6155,2030,86,2,405.91,811.82
6156,2031,55,3,47.97,143.91
6157,2031,22,2,271.14,542.28
6158,2032,17,2,375.79,751.58
6159,2033,81,3,69.38,208.14
6160,2033,39,1,259.68,259.68
6161,2033,33,1,99.83,99.83
6162,2033,84,3,362.77,1088.31
6163,2034,37,3,121.39,364.17
6164,2034,74,3,463.46,1390.38
6165,2034,10,3,360.58,1081.74
6166,2035,52,4,134.43,537.72
6167,2035,76,1,283.55,283.55
6168,2036,32,4,100.46,401.84
6169,2036,7,1,102.83,102.83
6170,2037,89,5,133.38,666.9
6171,2037,4,4,217.56,870.24
6172,2037,82,3,327.17,981.51
6173,2037,86,5,405.91,2029.55
6174,2038,21,4,360.32,1441.28
6175,2038,73,4,446.53,1786.12
6176,2039,48,4,160.97,643.88
6177,2039,13,4,260.92,1043.68
6178,2039,87,5,485.79,2428.95
6179,2039,79,1,460.63,460.63
6180,2039,22,3,271.14,813.42
6181,2040,30,1,193.42,193.42
6182,2040,24,1,386.82,386.82
6183,2040,92,5,267.01,1335.05
6184,2041,87,3,485.79,1457.37
6185,2041,41,4,71.84,287.36
6186,2042,85,5,65.06,325.3
6187,2042,68,4,488.86,1955.44
6188,2042,76,4,283.55,1134.2
6189,2042,18,1,111.88,111.88
6190,2042,31,1,492.66,492.66
6191,2043,45,5,184.89,924.45
6192,2043,92,3,267.01,801.03
6193,2043,52,3,134.43,403.29
6194,2043,83,4,470.19,1880.76
6195,2044,82,1,327.17,327.17
6196,2044,92,5,267.01,1335.05
6197,2044,92,2,267.01,534.02
6198,2045,97,3,337.32,1011.96
6199,2045,74,3,463.46,1390.38
6200,2045,60,3,317.43,952.29
6201,2045,6,4,386.9,1547.6
6202,2045,58,4,260.13,1040.52
6203,2046,16,1,54.7,54.7
6204,2046,65,2,103.56,207.12
6205,2046,62,2,444.18,888.36
6206,2046,3,3,275.8,827.4
6207,2047,46,4,455.87,1823.48
6208,2047,37,1,121.39,121.39
6209,2047,88,1,322.06,322.06
6210,2047,85,2,65.06,130.12
6211,2048,76,3,283.55,850.65
6212,2049,85,5,65.06,325.3
6213,2049,54,5,345.07,1725.35
6214,2049,11,5,300.33,1501.65
6215,2050,51,5,290.5,1452.5
6216,2050,29,4,118.85,475.4
6217,2051,56,1,208.09,208.09
6218,2051,42,3,241.8,725.4
6219,2051,1,5,263.13,1315.65
6220,2051,89,3,133.38,400.14
6221,2052,73,5,446.53,2232.65
6222,2052,78,3,441.78,1325.34
6223,2052,64,2,404.34,808.68
6224,2053,8,1,297.2,297.2
6225,2053,15,4,31.65,126.6
6226,2053,28,5,299.14,1495.7
6227,2054,39,5,259.68,1298.4
6228,2054,27,1,109.12,109.12
6229,2055,38,3,293.18,879.54
6230,2056,50,5,58.66,293.3
6231,2056,22,3,271.14,813.42
6232,2056,26,5,20.11,100.55
6233,2056,87,1,485.79,485.79
6234,2057,35,2,121.6,243.2
6235,2057,41,2,71.84,143.68
6236,2057,100,2,479.73,959.46
6237,2057,73,3,446.53,1339.59
6238,2057,48,3,160.97,482.91
6239,2058,62,1,444.18,444.18
6240,2058,29,1,118.85,118.85
6241,2059,64,1,404.34,404.34
6242,2060,67,2,319.21,638.42
6243,2060,7,4,102.83,411.32
6244,2060,92,4,267.01,1068.04
6245,2061,26,5,20.11,100.55
6246,2061,96,2,24.45,48.9
6247,2062,11,2,300.33,600.66
6248,2062,90,3,420.61,1261.83
6249,2062,22,4,271.14,1084.56
6250,2062,32,4,100.46,401.84
6251,2063,66,2,102.27,204.54
6252,2063,32,4,100.46,401.84
6253,2063,19,5,59.16,295.8
6254,2064,85,1,65.06,65.06
6255,2064,70,5,380.26,1901.3
6256,2064,81,2,69.38,138.76
6257,2064,37,1,121.39,121.39
6258,2065,74,2,463.46,926.92
6259,2065,36,3,146.18,438.54
6260,2065,100,4,479.73,1918.92
6261,2066,54,1,345.07,345.07
6262,2066,86,1,405.91,405.91
6263,2066,4,5,217.56,1087.8
6264,2066,61,4,309.79,1239.16
6265,2066,38,4,293.18,1172.72
6266,2067,36,2,146.18,292.36
6267,2067,91,3,336.75,1010.25
6268,2067,79,2,460.63,921.26
6269,2067,60,4,317.43,1269.72
6270,2068,89,4,133.38,533.52
6271,2069,14,4,40.76,163.04
6272,2070,7,4,102.83,411.32
6273,2070,63,3,380.74,1142.22
6274,2071,20,2,411.46,822.92
6275,2071,80,1,135.98,135.98
6276,2071,86,2,405.91,811.82
6277,2072,11,1,300.33,300.33
6278,2073,67,5,319.21,1596.05
6279,2073,56,3,208.09,624.27
6280,2073,60,1,317.43,317.43
6281,2074,33,1,99.83,99.83
6282,2074,96,1,24.45,24.45
6283,2074,81,4,69.38,277.52
6284,2075,94,5,443.5,2217.5
6285,2075,64,3,404.34,1213.02
6286,2075,6,2,386.9,773.8
6287,2075,83,3,470.19,1410.57
6288,2076,66,3,102.27,306.81
6289,2076,46,4,455.87,1823.48
6290,2077,55,5,47.97,239.85
6291,2077,41,1,71.84,71.84
6292,2077,56,2,208.09,416.18
6293,2077,82,4,327.17,1308.68
6294,2078,10,5,360.58,1802.9
6295,2078,40,3,225.49,676.47
6296,2078,21,4,360.32,1441.28
6297,2078,37,3,121.39,364.17
6298,2079,91,1,336.75,336.75
6299,2079,86,5,405.91,2029.55
6300,2079,51,5,290.5,1452.5
6301,2080,23,1,157.5,157.5
6302,2080,10,2,360.58,721.16
6303,2080,51,4,290.5,1162
6304,2080,24,2,386.82,773.64
6305,2081,53,4,105.42,421.68
6306,2081,69,4,64.44,257.76
6307,2081,36,3,146.18,438.54
6308,2082,59,2,132.49,264.98
6309,2082,36,1,146.18,146.18
6310,2082,16,4,54.7,218.8
6311,2083,70,2,380.26,760.52
6312,2084,2,5,13.76,68.8
6313,2084,83,4,470.19,1880.76
6314,2085,16,2,54.7,109.4
6315,2085,4,5,217.56,1087.8
6316,2085,46,1,455.87,455.87
6317,2085,40,2,225.49,450.98
6318,2086,62,5,444.18,2220.9
6319,2086,80,1,135.98,135.98
6320,2086,53,1,105.42,105.42
6321,2086,25,2,392.86,785.72
6322,2087,85,2,65.06,130.12
6323,2087,72,2,257.72,515.44
6324,2087,69,5,64.44,322.2
6325,2087,87,4,485.79,1943.16
6326,2087,7,4,102.83,411.32
6327,2088,10,2,360.58,721.16
6328,2088,10,2,360.58,721.16
6329,2088,25,1,392.86,392.86
6330,2089,31,4,492.66,1970.64
6331,2089,40,1,225.49,225.49
6332,2090,88,4,322.06,1288.24
6333,2090,9,1,93.48,93.48
6334,2091,33,5,99.83,499.15
6335,2091,68,1,488.86,488.86
6336,2091,14,3,40.76,122.28
6337,2092,75,5,190.13,950.65
6338,2092,29,5,118.85,594.25
6339,2092,54,4,345.07,1380.28
6340,2092,8,4,297.2,1188.8
6341,2092,42,4,241.8,967.2
6342,2093,58,5,260.13,1300.65
6343,2094,86,3,405.91,1217.73
6344,2094,59,5,132.49,662.45
6345,2094,67,2,319.21,638.42
6346,2094,74,4,463.46,1853.84
6347,2094,9,5,93.48,467.4
6348,2095,25,2,392.86,785.72
6349,2095,84,5,362.77,1813.85
6350,2095,89,5,133.38,666.9
6351,2095,96,1,24.45,24.45
6352,2095,53,4,105.42,421.68
6353,2096,87,5,485.79,2428.95
6354,2096,66,4,102.27,409.08
6355,2097,7,3,102.83,308.49
6356,2097,42,5,241.8,1209
6357,2098,27,2,109.12,218.24
6358,2098,63,4,380.74,1522.96
6359,2098,53,5,105.42,527.1
6360,2099,95,1,397.59,397.59
6361,2099,100,5,479.73,2398.65
6362,2099,3,5,275.8,1379
6363,2099,98,5,152.13,760.65
6364,2100,85,5,65.06,325.3
6365,2100,66,2,102.27,204.54
6366,2101,39,2,259.68,519.36
6367,2101,32,3,100.46,301.38
6368,2101,86,5,405.91,2029.55
6369,2101,5,1,175.97,175.97
6370,2102,21,2,360.32,720.64
6371,2102,32,3,100.46,301.38
6372,2103,91,1,336.75,336.75
6373,2103,57,3,55.56,166.68
6374,2103,68,1,488.86,488.86
6375,2103,1,3,263.13,789.39
6376,2103,96,5,24.45,122.25
6377,2104,24,3,386.82,1160.46
6378,2104,95,5,397.59,1987.95
6379,2104,95,5,397.59,1987.95
6380,2105,78,3,441.78,1325.34
6381,2105,80,5,135.98,679.9
6382,2105,46,2,455.87,911.74
6383,2105,54,5,345.07,1725.35
6384,2106,97,1,337.32,337.32
6385,2106,77,4,493.21,1972.84
6386,2107,89,4,133.38,533.52
6387,2107,9,5,93.48,467.4
6388,2107,45,1,184.89,184.89
6389,2108,56,3,208.09,624.27
6390,2108,41,1,71.84,71.84
6391,2108,81,5,69.38,346.9
6392,2108,6,3,386.9,1160.7
6393,2109,50,3,58.66,175.98
6394,2109,96,3,24.45,73.35
6395,2109,73,2,446.53,893.06
6396,2110,61,1,309.79,309.79
6397,2110,99,4,403.91,1615.64
6398,2111,81,1,69.38,69.38
6399,2111,56,4,208.09,832.36
6400,2112,82,1,327.17,327.17
6401,2112,52,1,134.43,134.43
6402,2112,63,1,380.74,380.74
6403,2112,91,2,336.75,673.5
6404,2113,65,1,103.56,103.56
6405,2114,18,3,111.88,335.64
6406,2114,85,2,65.06,130.12
6407,2114,99,3,403.91,1211.73
6408,2114,56,2,208.09,416.18
6409,2115,22,3,271.14,813.42
6410,2115,65,5,103.56,517.8
6411,2115,97,1,337.32,337.32
6412,2115,82,1,327.17,327.17
6413,2116,68,5,488.86,2444.3
6414,2116,25,5,392.86,1964.3
6415,2116,57,3,55.56,166.68
6416,2117,23,3,157.5,472.5
6417,2117,43,1,365.01,365.01
6418,2117,19,2,59.16,118.32
6419,2118,36,2,146.18,292.36
6420,2118,100,5,479.73,2398.65
6421,2118,52,4,134.43,537.72
6422,2118,37,3,121.39,364.17
6423,2118,98,1,152.13,152.13
6424,2119,99,4,403.91,1615.64
6425,2119,7,2,102.83,205.66
6426,2119,88,3,322.06,966.18
6427,2119,10,2,360.58,721.16
6428,2119,10,5,360.58,1802.9
6429,2120,8,5,297.2,1486
6430,2120,65,1,103.56,103.56
6431,2120,60,4,317.43,1269.72
6432,2120,50,4,58.66,234.64
6433,2121,47,1,288.68,288.68
6434,2121,84,3,362.77,1088.31
6435,2121,45,5,184.89,924.45
6436,2122,100,1,479.73,479.73
6437,2122,66,3,102.27,306.81
6438,2122,71,3,234.88,704.64
6439,2122,62,3,444.18,1332.54
6440,2123,32,5,100.46,502.3
6441,2123,20,2,411.46,822.92
6442,2124,70,1,380.26,380.26
6443,2124,66,1,102.27,102.27
6444,2124,10,4,360.58,1442.32
6445,2125,45,3,184.89,554.67
6446,2125,62,3,444.18,1332.54
6447,2125,23,1,157.5,157.5
6448,2125,81,2,69.38,138.76
6449,2125,99,4,403.91,1615.64
6450,2126,59,5,132.49,662.45
6451,2127,93,2,389.08,778.16
6452,2127,3,3,275.8,827.4
6453,2127,52,5,134.43,672.15
6454,2127,39,5,259.68,1298.4
6455,2127,4,1,217.56,217.56
6456,2128,96,5,24.45,122.25
6457,2128,81,1,69.38,69.38
6458,2128,63,1,380.74,380.74
6459,2128,14,2,40.76,81.52
6460,2128,7,3,102.83,308.49
6461,2129,67,1,319.21,319.21
6462,2129,11,5,300.33,1501.65
6463,2129,21,2,360.32,720.64
6464,2130,81,4,69.38,277.52
6465,2130,42,5,241.8,1209
6466,2130,51,2,290.5,581
6467,2130,33,5,99.83,499.15
6468,2131,95,5,397.59,1987.95
6469,2131,86,4,405.91,1623.64
6470,2131,9,1,93.48,93.48
6471,2132,6,1,386.9,386.9
6472,2132,28,4,299.14,1196.56
6473,2132,93,1,389.08,389.08
6474,2133,95,2,397.59,795.18
6475,2133,91,5,336.75,1683.75
6476,2133,9,2,93.48,186.96
6477,2133,100,3,479.73,1439.19
6478,2134,74,5,463.46,2317.3
6479,2134,55,4,47.97,191.88
6480,2134,76,2,283.55,567.1
6481,2134,76,5,283.55,1417.75
6482,2134,93,4,389.08,1556.32
6483,2135,98,5,152.13,760.65
6484,2135,2,3,13.76,41.28
6485,2136,80,5,135.98,679.9
6486,2136,66,2,102.27,204.54
6487,2136,36,2,146.18,292.36
6488,2136,35,5,121.6,608
6489,2137,11,2,300.33,600.66
6490,2137,93,3,389.08,1167.24
6491,2137,64,3,404.34,1213.02
6492,2137,44,2,183.81,367.62
6493,2138,74,1,463.46,463.46
6494,2138,16,3,54.7,164.1
6495,2138,14,4,40.76,163.04
6496,2138,78,3,441.78,1325.34
6497,2139,60,5,317.43,1587.15
6498,2139,76,4,283.55,1134.2
6499,2140,94,3,443.5,1330.5
6500,2141,68,4,488.86,1955.44
6501,2141,90,3,420.61,1261.83
6502,2142,67,2,319.21,638.42
6503,2142,23,3,157.5,472.5
6504,2142,23,4,157.5,630
6505,2142,57,3,55.56,166.68
6506,2143,40,2,225.49,450.98
6507,2143,61,1,309.79,309.79
6508,2143,75,1,190.13,190.13
6509,2144,41,5,71.84,359.2
6510,2145,36,5,146.18,730.9
6511,2145,8,3,297.2,891.6
6512,2145,97,1,337.32,337.32
6513,2145,22,4,271.14,1084.56
6514,2145,94,1,443.5,443.5
6515,2146,46,1,455.87,455.87
6516,2146,30,5,193.42,967.1
6517,2146,25,5,392.86,1964.3
6518,2147,2,1,13.76,13.76
6519,2147,63,3,380.74,1142.22
6520,2147,30,3,193.42,580.26
6521,2147,67,3,319.21,957.63
6522,2147,55,4,47.97,191.88
6523,2148,91,2,336.75,673.5
6524,2149,33,1,99.83,99.83
6525,2149,48,2,160.97,321.94
6526,2150,52,2,134.43,268.86
6527,2150,100,2,479.73,959.46
6528,2151,80,3,135.98,407.94
6529,2151,64,5,404.34,2021.7
6530,2151,11,2,300.33,600.66
6531,2152,9,5,93.48,467.4
6532,2152,39,3,259.68,779.04
6533,2152,87,4,485.79,1943.16
6534,2152,66,5,102.27,511.35
6535,2152,54,5,345.07,1725.35
6536,2153,56,3,208.09,624.27
6537,2153,31,2,492.66,985.32
6538,2153,33,4,99.83,399.32
6539,2153,46,5,455.87,2279.35
6540,2154,81,2,69.38,138.76
6541,2154,87,2,485.79,971.58
6542,2154,6,4,386.9,1547.6
6543,2154,47,5,288.68,1443.4
6544,2155,78,4,441.78,1767.12
6545,2155,22,4,271.14,1084.56
6546,2155,71,5,234.88,1174.4
6547,2155,72,2,257.72,515.44
6548,2155,45,4,184.89,739.56
6549,2156,60,4,317.43,1269.72
6550,2156,73,3,446.53,1339.59
6551,2156,86,5,405.91,2029.55
6552,2157,59,4,132.49,529.96
6553,2157,67,2,319.21,638.42
6554,2158,92,5,267.01,1335.05
6555,2158,61,2,309.79,619.58
6556,2158,13,3,260.92,782.76
6557,2159,71,3,234.88,704.64
6558,2160,19,3,59.16,177.48
6559,2160,78,5,441.78,2208.9
6560,2161,66,3,102.27,306.81
6561,2162,58,4,260.13,1040.52
6562,2162,8,2,297.2,594.4
6563,2162,11,2,300.33,600.66
6564,2162,25,2,392.86,785.72
6565,2163,74,3,463.46,1390.38
6566,2164,57,3,55.56,166.68
6567,2164,45,5,184.89,924.45
6568,2164,4,1,217.56,217.56
6569,2165,51,2,290.5,581
6570,2166,40,2,225.49,450.98
6571,2166,81,5,69.38,346.9
6572,2167,73,2,446.53,893.06
6573,2167,14,1,40.76,40.76
6574,2167,45,4,184.89,739.56
6575,2167,55,5,47.97,239.85
6576,2168,89,1,133.38,133.38
6577,2168,4,5,217.56,1087.8
6578,2168,85,4,65.06,260.24
6579,2168,97,2,337.32,674.64
6580,2168,6,1,386.9,386.9
6581,2169,6,1,386.9,386.9
6582,2169,18,3,111.88,335.64
6583,2170,13,3,260.92,782.76
6584,2170,18,4,111.88,447.52
6585,2170,56,4,208.09,832.36
6586,2170,71,3,234.88,704.64
6587,2170,12,5,195.25,976.25
6588,2171,59,2,132.49,264.98
6589,2172,30,5,193.42,967.1
6590,2172,70,2,380.26,760.52
6591,2172,95,4,397.59,1590.36
6592,2172,99,2,403.91,807.82
6593,2173,85,4,65.06,260.24
6594,2174,60,2,317.43,634.86
6595,2174,74,2,463.46,926.92
6596,2174,64,1,404.34,404.34
6597,2175,23,1,157.5,157.5
6598,2176,34,3,435.95,1307.85
6599,2177,36,1,146.18,146.18
6600,2178,20,5,411.46,2057.3
6601,2178,32,3,100.46,301.38
6602,2179,81,2,69.38,138.76
6603,2180,10,2,360.58,721.16
6604,2180,62,3,444.18,1332.54
6605,2180,2,2,13.76,27.52
6606,2181,1,1,263.13,263.13
6607,2181,63,5,380.74,1903.7
6608,2181,84,2,362.77,725.54
6609,2181,92,5,267.01,1335.05
6610,2181,22,1,271.14,271.14
6611,2182,2,3,13.76,41.28
6612,2182,92,2,267.01,534.02
6613,2182,1,2,263.13,526.26
6614,2182,67,5,319.21,1596.05
6615,2182,22,4,271.14,1084.56
6616,2183,71,3,234.88,704.64
6617,2183,91,5,336.75,1683.75
6618,2183,83,4,470.19,1880.76
6619,2184,23,3,157.5,472.5
6620,2185,84,4,362.77,1451.08
6621,2185,78,1,441.78,441.78
6622,2185,32,5,100.46,502.3
6623,2186,33,1,99.83,99.83
6624,2186,22,1,271.14,271.14
6625,2186,75,1,190.13,190.13
6626,2186,23,2,157.5,315
6627,2186,97,3,337.32,1011.96
6628,2187,14,1,40.76,40.76
6629,2187,33,2,99.83,199.66
6630,2188,93,3,389.08,1167.24
6631,2188,11,1,300.33,300.33
6632,2188,24,4,386.82,1547.28
6633,2189,56,5,208.09,1040.45
6634,2190,6,5,386.9,1934.5
6635,2190,90,2,420.61,841.22
6636,2190,16,4,54.7,218.8
6637,2190,12,2,195.25,390.5
6638,2190,62,4,444.18,1776.72
6639,2191,8,3,297.2,891.6
6640,2191,98,5,152.13,760.65
6641,2192,64,5,404.34,2021.7
6642,2192,29,1,118.85,118.85
6643,2193,95,2,397.59,795.18
6644,2193,13,2,260.92,521.84
6645,2193,29,3,118.85,356.55
6646,2193,22,5,271.14,1355.7
6647,2194,21,1,360.32,360.32
6648,2194,6,4,386.9,1547.6
6649,2194,85,2,65.06,130.12
6650,2195,54,2,345.07,690.14
6651,2195,72,5,257.72,1288.6
6652,2195,99,2,403.91,807.82
6653,2196,84,4,362.77,1451.08
6654,2196,3,1,275.8,275.8
6655,2196,70,5,380.26,1901.3
6656,2197,66,5,102.27,511.35
6657,2197,17,1,375.79,375.79
6658,2197,73,3,446.53,1339.59
6659,2197,42,4,241.8,967.2
6660,2197,56,3,208.09,624.27
6661,2198,19,5,59.16,295.8
6662,2198,22,1,271.14,271.14
6663,2198,5,2,175.97,351.94
6664,2198,17,3,375.79,1127.37
6665,2198,69,2,64.44,128.88
6666,2199,39,2,259.68,519.36
6667,2200,61,3,309.79,929.37
6668,2200,74,4,463.46,1853.84
6669,2200,27,4,109.12,436.48
6670,2200,22,5,271.14,1355.7
6671,2200,21,3,360.32,1080.96
6672,2201,83,4,470.19,1880.76
6673,2201,45,5,184.89,924.45
6674,2201,92,4,267.01,1068.04
6675,2202,44,2,183.81,367.62
6676,2202,5,3,175.97,527.91
6677,2202,44,4,183.81,735.24
6678,2202,72,1,257.72,257.72
6679,2203,47,5,288.68,1443.4
6680,2204,85,5,65.06,325.3
6681,2204,18,5,111.88,559.4
6682,2204,80,1,135.98,135.98
6683,2204,30,4,193.42,773.68
6684,2204,52,4,134.43,537.72
6685,2205,58,3,260.13,780.39
6686,2206,72,2,257.72,515.44
6687,2206,5,3,175.97,527.91
6688,2206,36,1,146.18,146.18
6689,2207,63,4,380.74,1522.96
6690,2207,27,4,109.12,436.48
6691,2207,80,3,135.98,407.94
6692,2208,31,2,492.66,985.32
6693,2208,54,5,345.07,1725.35
6694,2209,96,4,24.45,97.8
6695,2209,47,5,288.68,1443.4
6696,2209,21,1,360.32,360.32
6697,2209,47,2,288.68,577.36
6698,2210,54,4,345.07,1380.28
6699,2210,87,3,485.79,1457.37
6700,2211,19,4,59.16,236.64
6701,2211,37,5,121.39,606.95
6702,2211,21,5,360.32,1801.6
6703,2211,96,3,24.45,73.35
6704,2212,62,3,444.18,1332.54
6705,2212,77,5,493.21,2466.05
6706,2212,53,5,105.42,527.1
6707,2212,72,5,257.72,1288.6
6708,2213,11,3,300.33,900.99
6709,2213,39,5,259.68,1298.4
6710,2213,8,3,297.2,891.6
6711,2214,69,1,64.44,64.44
6712,2215,42,1,241.8,241.8
6713,2216,82,1,327.17,327.17
6714,2216,35,2,121.6,243.2
6715,2216,10,3,360.58,1081.74
6716,2216,82,4,327.17,1308.68
6717,2217,23,1,157.5,157.5
6718,2217,22,1,271.14,271.14
6719,2217,73,1,446.53,446.53
6720,2218,17,2,375.79,751.58
6721,2218,85,4,65.06,260.24
6722,2218,85,1,65.06,65.06
6723,2219,88,5,322.06,1610.3
6724,2219,15,5,31.65,158.25
6725,2219,50,2,58.66,117.32
6726,2219,8,4,297.2,1188.8
6727,2220,1,4,263.13,1052.52
6728,2220,88,3,322.06,966.18
6729,2220,81,2,69.38,138.76
6730,2220,41,3,71.84,215.52
6731,2221,51,1,290.5,290.5
6732,2221,97,3,337.32,1011.96
6733,2221,89,2,133.38,266.76
6734,2222,89,1,133.38,133.38
6735,2223,91,2,336.75,673.5
6736,2223,4,4,217.56,870.24
6737,2223,41,4,71.84,287.36
6738,2224,57,3,55.56,166.68
6739,2224,20,2,411.46,822.92
6740,2225,44,4,183.81,735.24
6741,2225,25,5,392.86,1964.3
6742,2225,22,4,271.14,1084.56
6743,2226,84,2,362.77,725.54
6744,2227,44,1,183.81,183.81
6745,2227,65,1,103.56,103.56
6746,2227,79,4,460.63,1842.52
6747,2227,71,5,234.88,1174.4
6748,2228,49,3,168.14,504.42
6749,2228,75,3,190.13,570.39
6750,2229,72,4,257.72,1030.88
6751,2229,35,3,121.6,364.8
6752,2229,54,1,345.07,345.07
6753,2229,98,3,152.13,456.39
6754,2230,6,1,386.9,386.9
6755,2230,59,1,132.49,132.49
6756,2230,67,5,319.21,1596.05
6757,2230,32,2,100.46,200.92
6758,2230,42,5,241.8,1209
6759,2231,78,5,441.78,2208.9
6760,2231,88,3,322.06,966.18
6761,2231,48,4,160.97,643.88
6762,2231,21,5,360.32,1801.6
6763,2231,20,4,411.46,1645.84
6764,2232,58,1,260.13,260.13
6765,2233,91,3,336.75,1010.25
6766,2233,91,4,336.75,1347
6767,2234,10,3,360.58,1081.74
6768,2234,21,2,360.32,720.64
6769,2234,15,4,31.65,126.6
6770,2235,4,2,217.56,435.12
6771,2235,2,1,13.76,13.76
6772,2235,24,5,386.82,1934.1
6773,2236,85,3,65.06,195.18
6774,2236,3,2,275.8,551.6
6775,2236,62,1,444.18,444.18
6776,2236,56,2,208.09,416.18
6777,2237,34,2,435.95,871.9
6778,2237,35,5,121.6,608
6779,2237,4,2,217.56,435.12
6780,2237,47,2,288.68,577.36
6781,2238,9,4,93.48,373.92
6782,2238,36,2,146.18,292.36
6783,2238,34,3,435.95,1307.85
6784,2239,28,5,299.14,1495.7
6785,2239,77,1,493.21,493.21
6786,2239,18,2,111.88,223.76
6787,2240,39,5,259.68,1298.4
6788,2241,11,2,300.33,600.66
6789,2241,16,1,54.7,54.7
6790,2241,43,5,365.01,1825.05
6791,2242,11,1,300.33,300.33
6792,2242,11,1,300.33,300.33
6793,2243,32,4,100.46,401.84
6794,2243,55,2,47.97,95.94
6795,2243,4,3,217.56,652.68
6796,2243,21,4,360.32,1441.28
6797,2244,13,4,260.92,1043.68
6798,2244,4,3,217.56,652.68
6799,2245,34,5,435.95,2179.75
6800,2245,95,5,397.59,1987.95
6801,2245,23,5,157.5,787.5
6802,2246,22,2,271.14,542.28
6803,2246,100,4,479.73,1918.92
6804,2246,56,2,208.09,416.18
6805,2246,76,1,283.55,283.55
6806,2246,54,3,345.07,1035.21
6807,2247,62,2,444.18,888.36
6808,2247,71,1,234.88,234.88
6809,2247,75,5,190.13,950.65
6810,2247,41,3,71.84,215.52
6811,2247,5,4,175.97,703.88
6812,2248,35,5,121.6,608
6813,2248,54,2,345.07,690.14
6814,2249,59,1,132.49,132.49
6815,2249,91,4,336.75,1347
6816,2249,98,5,152.13,760.65
6817,2249,60,1,317.43,317.43
6818,2249,85,5,65.06,325.3
6819,2250,15,3,31.65,94.95
6820,2251,63,5,380.74,1903.7
6821,2252,8,4,297.2,1188.8
6822,2253,48,2,160.97,321.94
6823,2253,38,4,293.18,1172.72
6824,2253,68,1,488.86,488.86
6825,2253,27,3,109.12,327.36
6826,2253,48,3,160.97,482.91
6827,2254,52,5,134.43,672.15
6828,2254,47,5,288.68,1443.4
6829,2254,31,4,492.66,1970.64
6830,2254,90,2,420.61,841.22
6831,2255,11,4,300.33,1201.32
6832,2255,90,3,420.61,1261.83
6833,2255,96,4,24.45,97.8
6834,2255,26,2,20.11,40.22
6835,2255,63,4,380.74,1522.96
6836,2256,13,5,260.92,1304.6
6837,2256,51,5,290.5,1452.5
6838,2257,30,4,193.42,773.68
6839,2257,3,2,275.8,551.6
6840,2257,32,3,100.46,301.38
6841,2258,22,5,271.14,1355.7
6842,2258,61,5,309.79,1548.95
6843,2258,94,3,443.5,1330.5
6844,2258,85,4,65.06,260.24
6845,2259,67,2,319.21,638.42
6846,2260,73,5,446.53,2232.65
6847,2260,20,3,411.46,1234.38
6848,2260,64,5,404.34,2021.7
6849,2261,82,3,327.17,981.51
6850,2261,53,3,105.42,316.26
6851,2262,50,3,58.66,175.98
6852,2262,25,3,392.86,1178.58
6853,2262,81,1,69.38,69.38
6854,2262,35,1,121.6,121.6
6855,2263,74,5,463.46,2317.3
6856,2263,50,2,58.66,117.32
6857,2263,98,1,152.13,152.13
6858,2263,14,2,40.76,81.52
6859,2264,10,2,360.58,721.16
6860,2265,96,1,24.45,24.45
6861,2266,83,5,470.19,2350.95
6862,2266,73,4,446.53,1786.12
6863,2267,93,4,389.08,1556.32
6864,2267,31,4,492.66,1970.64
6865,2267,49,4,168.14,672.56
6866,2267,45,2,184.89,369.78
6867,2268,41,1,71.84,71.84
6868,2268,17,2,375.79,751.58
6869,2268,46,4,455.87,1823.48
6870,2269,57,4,55.56,222.24
6871,2269,64,1,404.34,404.34
6872,2269,73,3,446.53,1339.59
6873,2270,3,4,275.8,1103.2
6874,2270,18,3,111.88,335.64
6875,2270,30,2,193.42,386.84
6876,2270,82,3,327.17,981.51
6877,2271,6,4,386.9,1547.6
6878,2271,54,2,345.07,690.14
6879,2271,98,2,152.13,304.26
6880,2271,49,3,168.14,504.42
6881,2271,55,4,47.97,191.88
6882,2272,12,2,195.25,390.5
6883,2272,92,3,267.01,801.03
6884,2272,30,1,193.42,193.42
6885,2272,49,1,168.14,168.14
6886,2272,31,4,492.66,1970.64
6887,2273,82,3,327.17,981.51
6888,2273,100,2,479.73,959.46
6889,2274,67,5,319.21,1596.05
6890,2274,4,3,217.56,652.68
6891,2274,69,2,64.44,128.88
6892,2274,1,1,263.13,263.13
6893,2275,98,1,152.13,152.13
6894,2275,33,2,99.83,199.66
6895,2275,50,4,58.66,234.64
6896,2275,100,2,479.73,959.46
6897,2275,60,3,317.43,952.29
6898,2276,59,3,132.49,397.47
6899,2276,100,5,479.73,2398.65
6900,2276,17,3,375.79,1127.37
6901,2277,31,5,492.66,2463.3
6902,2278,15,5,31.65,158.25
6903,2278,13,5,260.92,1304.6
6904,2278,19,3,59.16,177.48
6905,2278,87,4,485.79,1943.16
6906,2279,28,2,299.14,598.28
6907,2279,87,4,485.79,1943.16
6908,2280,19,4,59.16,236.64
6909,2281,100,4,479.73,1918.92
6910,2281,82,3,327.17,981.51
6911,2282,58,5,260.13,1300.65
6912,2282,97,5,337.32,1686.6
6913,2282,80,3,135.98,407.94
6914,2282,59,4,132.49,529.96
6915,2283,56,1,208.09,208.09
6916,2284,20,2,411.46,822.92
6917,2284,15,1,31.65,31.65
6918,2285,70,5,380.26,1901.3
6919,2285,18,2,111.88,223.76
6920,2286,75,5,190.13,950.65
6921,2286,76,3,283.55,850.65
6922,2286,26,2,20.11,40.22
6923,2286,41,4,71.84,287.36
6924,2287,79,3,460.63,1381.89
6925,2287,99,5,403.91,2019.55
6926,2287,93,3,389.08,1167.24
6927,2287,34,1,435.95,435.95
6928,2287,34,4,435.95,1743.8
6929,2288,63,1,380.74,380.74
6930,2288,37,2,121.39,242.78
6931,2288,25,5,392.86,1964.3
6932,2288,22,1,271.14,271.14
6933,2288,34,3,435.95,1307.85
6934,2289,91,1,336.75,336.75
6935,2289,20,1,411.46,411.46
6936,2289,11,5,300.33,1501.65
6937,2289,55,2,47.97,95.94
6938,2290,8,4,297.2,1188.8
6939,2290,50,2,58.66,117.32
6940,2291,83,1,470.19,470.19
6941,2291,33,1,99.83,99.83
6942,2292,56,1,208.09,208.09
6943,2292,67,5,319.21,1596.05
6944,2292,75,4,190.13,760.52
6945,2293,27,2,109.12,218.24
6946,2293,90,4,420.61,1682.44
6947,2294,3,2,275.8,551.6
6948,2295,1,4,263.13,1052.52
6949,2295,15,3,31.65,94.95
6950,2295,59,1,132.49,132.49
6951,2295,6,4,386.9,1547.6
6952,2296,10,1,360.58,360.58
6953,2296,53,2,105.42,210.84
6954,2296,18,3,111.88,335.64
6955,2296,53,2,105.42,210.84
6956,2296,32,4,100.46,401.84
6957,2297,76,1,283.55,283.55
6958,2297,97,2,337.32,674.64
6959,2298,93,3,389.08,1167.24
6960,2298,7,1,102.83,102.83
6961,2298,22,2,271.14,542.28
6962,2298,23,2,157.5,315
6963,2298,53,4,105.42,421.68
6964,2299,7,3,102.83,308.49
6965,2299,70,4,380.26,1521.04
6966,2300,45,2,184.89,369.78
6967,2301,87,4,485.79,1943.16
6968,2301,36,5,146.18,730.9
6969,2301,88,5,322.06,1610.3
6970,2302,78,5,441.78,2208.9
6971,2302,46,1,455.87,455.87
6972,2302,2,5,13.76,68.8
6973,2302,10,5,360.58,1802.9
6974,2303,49,2,168.14,336.28
6975,2303,92,1,267.01,267.01
6976,2303,64,2,404.34,808.68
6977,2303,84,3,362.77,1088.31
6978,2304,76,1,283.55,283.55
6979,2304,32,1,100.46,100.46
6980,2305,73,4,446.53,1786.12
6981,2305,63,3,380.74,1142.22
6982,2306,68,4,488.86,1955.44
6983,2307,37,3,121.39,364.17
6984,2307,53,4,105.42,421.68
6985,2307,21,2,360.32,720.64
6986,2308,52,2,134.43,268.86
6987,2308,52,1,134.43,134.43
6988,2308,79,4,460.63,1842.52
6989,2309,79,2,460.63,921.26
6990,2309,63,2,380.74,761.48
6991,2309,41,3,71.84,215.52
6992,2309,30,5,193.42,967.1
6993,2310,60,1,317.43,317.43
6994,2311,20,4,411.46,1645.84
6995,2312,48,2,160.97,321.94
6996,2312,56,1,208.09,208.09
6997,2313,83,2,470.19,940.38
6998,2313,61,4,309.79,1239.16
6999,2313,76,1,283.55,283.55
7000,2314,95,4,397.59,1590.36
7001,2314,88,3,322.06,966.18
7002,2315,63,5,380.74,1903.7
7003,2315,31,2,492.66,985.32
7004,2316,45,2,184.89,369.78
7005,2316,58,2,260.13,520.26
7006,2316,23,4,157.5,630
7007,2316,1,1,263.13,263.13
7008,2317,23,3,157.5,472.5
7009,2317,22,4,271.14,1084.56
7010,2318,18,5,111.88,559.4
7011,2318,29,5,118.85,594.25
7012,2318,78,5,441.78,2208.9
7013,2319,86,4,405.91,1623.64
7014,2320,93,1,389.08,389.08
7015,2321,69,2,64.44,128.88
7016,2321,24,4,386.82,1547.28
7017,2322,35,1,121.6,121.6
7018,2322,42,3,241.8,725.4
7019,2322,50,2,58.66,117.32
7020,2322,60,5,317.43,1587.15
7021,2322,63,3,380.74,1142.22
7022,2323,40,4,225.49,901.96
7023,2323,21,2,360.32,720.64
7024,2323,21,5,360.32,1801.6
7025,2323,52,4,134.43,537.72
7026,2324,5,4,175.97,703.88
7027,2325,41,4,71.84,287.36
7028,2325,75,4,190.13,760.52
7029,2326,15,3,31.65,94.95
7030,2326,92,1,267.01,267.01
7031,2327,78,3,441.78,1325.34
7032,2327,16,4,54.7,218.8
7033,2327,51,5,290.5,1452.5
7034,2327,74,2,463.46,926.92
7035,2327,65,1,103.56,103.56
7036,2328,56,3,208.09,624.27
7037,2328,81,1,69.38,69.38
7038,2328,29,5,118.85,594.25
7039,2329,80,2,135.98,271.96
7040,2329,55,4,47.97,191.88
7041,2329,91,4,336.75,1347
7042,2329,79,3,460.63,1381.89
7043,2330,46,2,455.87,911.74
7044,2330,52,1,134.43,134.43
7045,2331,37,1,121.39,121.39
7046,2331,89,4,133.38,533.52
7047,2331,58,2,260.13,520.26
7048,2332,50,2,58.66,117.32
7049,2332,26,1,20.11,20.11
7050,2332,41,2,71.84,143.68
7051,2332,7,4,102.83,411.32
7052,2333,10,3,360.58,1081.74
7053,2333,41,2,71.84,143.68
7054,2333,2,4,13.76,55.04
7055,2333,65,3,103.56,310.68
7056,2334,9,4,93.48,373.92
7057,2335,29,5,118.85,594.25
7058,2335,29,2,118.85,237.7
7059,2335,91,1,336.75,336.75
7060,2335,59,4,132.49,529.96
7061,2335,60,5,317.43,1587.15
7062,2336,60,5,317.43,1587.15
7063,2336,60,3,317.43,952.29
7064,2336,95,3,397.59,1192.77
7065,2337,84,3,362.77,1088.31
7066,2338,3,2,275.8,551.6
7067,2338,24,4,386.82,1547.28
7068,2339,94,2,443.5,887
7069,2339,54,5,345.07,1725.35
7070,2339,41,1,71.84,71.84
7071,2340,77,3,493.21,1479.63
7072,2340,91,1,336.75,336.75
7073,2340,75,1,190.13,190.13
7074,2340,42,1,241.8,241.8
7075,2340,49,4,168.14,672.56
7076,2341,35,2,121.6,243.2
7077,2341,21,5,360.32,1801.6
7078,2341,88,3,322.06,966.18
7079,2341,65,3,103.56,310.68
7080,2342,59,5,132.49,662.45
7081,2342,34,3,435.95,1307.85
7082,2343,56,3,208.09,624.27
7083,2343,76,2,283.55,567.1
7084,2343,15,1,31.65,31.65
7085,2344,84,5,362.77,1813.85
7086,2344,24,3,386.82,1160.46
7087,2344,58,4,260.13,1040.52
7088,2344,62,3,444.18,1332.54
7089,2345,63,3,380.74,1142.22
7090,2345,39,1,259.68,259.68
7091,2346,86,2,405.91,811.82
7092,2347,41,4,71.84,287.36
7093,2347,46,3,455.87,1367.61
7094,2348,28,4,299.14,1196.56
7095,2348,81,2,69.38,138.76
7096,2348,24,1,386.82,386.82
7097,2349,24,1,386.82,386.82
7098,2349,88,3,322.06,966.18
7099,2349,48,5,160.97,804.85
7100,2349,81,4,69.38,277.52
7101,2349,62,1,444.18,444.18
7102,2350,53,2,105.42,210.84
7103,2351,66,5,102.27,511.35
7104,2352,97,1,337.32,337.32
7105,2352,25,3,392.86,1178.58
7106,2353,53,1,105.42,105.42
7107,2353,51,5,290.5,1452.5
7108,2353,64,2,404.34,808.68
7109,2353,57,4,55.56,222.24
7110,2354,1,4,263.13,1052.52
7111,2355,19,4,59.16,236.64
7112,2355,76,1,283.55,283.55
7113,2355,23,5,157.5,787.5
7114,2355,91,2,336.75,673.5
7115,2355,9,3,93.48,280.44
7116,2356,98,1,152.13,152.13
7117,2357,6,5,386.9,1934.5
7118,2357,6,1,386.9,386.9
7119,2357,25,5,392.86,1964.3
7120,2357,79,1,460.63,460.63
7121,2357,17,2,375.79,751.58
7122,2358,56,2,208.09,416.18
7123,2358,55,3,47.97,143.91
7124,2358,93,3,389.08,1167.24
7125,2359,38,5,293.18,1465.9
7126,2359,30,3,193.42,580.26
7127,2359,77,4,493.21,1972.84
7128,2359,41,2,71.84,143.68
7129,2359,52,4,134.43,537.72
7130,2360,59,1,132.49,132.49
7131,2360,20,2,411.46,822.92
7132,2360,19,1,59.16,59.16
7133,2360,34,3,435.95,1307.85
7134,2360,77,5,493.21,2466.05
7135,2361,9,4,93.48,373.92
7136,2361,74,2,463.46,926.92
7137,2361,25,4,392.86,1571.44
7138,2362,53,4,105.42,421.68
7139,2363,79,2,460.63,921.26
7140,2363,46,1,455.87,455.87
7141,2364,41,3,71.84,215.52
7142,2364,100,5,479.73,2398.65
7143,2364,1,5,263.13,1315.65
7144,2365,53,1,105.42,105.42
7145,2365,80,1,135.98,135.98
7146,2366,38,1,293.18,293.18
7147,2366,8,1,297.2,297.2
7148,2366,34,5,435.95,2179.75
7149,2367,1,2,263.13,526.26
7150,2367,47,4,288.68,1154.72
7151,2367,29,2,118.85,237.7
7152,2367,97,1,337.32,337.32
7153,2368,41,5,71.84,359.2
7154,2368,12,3,195.25,585.75
7155,2368,60,1,317.43,317.43
7156,2368,99,1,403.91,403.91
7157,2369,93,2,389.08,778.16
7158,2369,3,2,275.8,551.6
7159,2369,52,5,134.43,672.15
7160,2369,1,3,263.13,789.39
7161,2369,46,3,455.87,1367.61
7162,2370,4,3,217.56,652.68
7163,2370,66,1,102.27,102.27
7164,2370,29,1,118.85,118.85
7165,2371,100,3,479.73,1439.19
7166,2371,46,2,455.87,911.74
7167,2371,62,2,444.18,888.36
7168,2371,87,5,485.79,2428.95
7169,2371,67,1,319.21,319.21
7170,2372,89,5,133.38,666.9
7171,2372,99,5,403.91,2019.55
7172,2372,1,2,263.13,526.26
7173,2373,54,3,345.07,1035.21
7174,2373,56,4,208.09,832.36
7175,2373,76,2,283.55,567.1
7176,2374,11,5,300.33,1501.65
7177,2374,84,1,362.77,362.77
7178,2374,35,4,121.6,486.4
7179,2374,95,1,397.59,397.59
7180,2375,37,2,121.39,242.78
7181,2376,93,4,389.08,1556.32
7182,2376,89,2,133.38,266.76
7183,2376,30,2,193.42,386.84
7184,2376,15,4,31.65,126.6
7185,2376,95,1,397.59,397.59
7186,2377,58,1,260.13,260.13
7187,2377,61,2,309.79,619.58
7188,2377,46,5,455.87,2279.35
7189,2378,32,5,100.46,502.3
7190,2378,87,1,485.79,485.79
7191,2379,55,4,47.97,191.88
7192,2379,19,3,59.16,177.48
7193,2379,63,5,380.74,1903.7
7194,2379,45,2,184.89,369.78
7195,2380,55,2,47.97,95.94
7196,2380,73,5,446.53,2232.65
7197,2380,56,1,208.09,208.09
7198,2381,16,2,54.7,109.4
7199,2381,34,2,435.95,871.9
7200,2381,22,1,271.14,271.14
7201,2381,74,1,463.46,463.46
7202,2381,12,5,195.25,976.25
7203,2382,56,2,208.09,416.18
7204,2382,16,1,54.7,54.7
7205,2382,42,2,241.8,483.6
7206,2382,45,1,184.89,184.89
7207,2383,15,4,31.65,126.6
7208,2383,90,1,420.61,420.61
7209,2383,16,4,54.7,218.8
7210,2384,34,2,435.95,871.9
7211,2384,90,5,420.61,2103.05
7212,2384,50,1,58.66,58.66
7213,2384,68,4,488.86,1955.44
7214,2385,65,5,103.56,517.8
7215,2385,45,5,184.89,924.45
7216,2385,62,4,444.18,1776.72
7217,2385,60,2,317.43,634.86
7218,2385,99,5,403.91,2019.55
7219,2386,26,2,20.11,40.22
7220,2386,10,3,360.58,1081.74
7221,2386,77,5,493.21,2466.05
7222,2386,83,4,470.19,1880.76
7223,2387,18,2,111.88,223.76
7224,2387,22,3,271.14,813.42
7225,2387,9,4,93.48,373.92
7226,2387,49,1,168.14,168.14
7227,2388,38,2,293.18,586.36
7228,2388,40,5,225.49,1127.45
7229,2389,81,3,69.38,208.14
7230,2389,43,5,365.01,1825.05
7231,2389,88,1,322.06,322.06
7232,2390,57,2,55.56,111.12
7233,2391,88,1,322.06,322.06
7234,2392,51,2,290.5,581
7235,2392,1,2,263.13,526.26
7236,2393,46,2,455.87,911.74
7237,2393,18,1,111.88,111.88
7238,2393,100,2,479.73,959.46
7239,2394,92,5,267.01,1335.05
7240,2394,41,3,71.84,215.52
7241,2394,84,5,362.77,1813.85
7242,2394,42,4,241.8,967.2
7243,2394,50,1,58.66,58.66
7244,2395,28,3,299.14,897.42
7245,2396,2,3,13.76,41.28
7246,2396,21,1,360.32,360.32
7247,2396,18,3,111.88,335.64
7248,2397,88,4,322.06,1288.24
7249,2397,97,3,337.32,1011.96
7250,2398,46,5,455.87,2279.35
7251,2399,72,2,257.72,515.44
7252,2399,92,5,267.01,1335.05
7253,2399,93,4,389.08,1556.32
7254,2400,10,5,360.58,1802.9
7255,2400,49,5,168.14,840.7
7256,2400,99,5,403.91,2019.55
7257,2400,83,3,470.19,1410.57
7258,2401,33,1,99.83,99.83
7259,2401,23,5,157.5,787.5
7260,2401,38,3,293.18,879.54
7261,2401,4,3,217.56,652.68
7262,2401,5,1,175.97,175.97
7263,2402,4,2,217.56,435.12
7264,2402,18,1,111.88,111.88
7265,2402,26,3,20.11,60.33
7266,2402,5,5,175.97,879.85
7267,2402,29,4,118.85,475.4
7268,2403,100,1,479.73,479.73
7269,2403,50,2,58.66,117.32
7270,2403,64,3,404.34,1213.02
7271,2403,32,3,100.46,301.38
7272,2403,1,4,263.13,1052.52
7273,2404,3,5,275.8,1379
7274,2404,78,3,441.78,1325.34
7275,2404,97,4,337.32,1349.28
7276,2404,96,2,24.45,48.9
7277,2405,18,1,111.88,111.88
7278,2405,83,5,470.19,2350.95
7279,2405,16,4,54.7,218.8
7280,2405,87,3,485.79,1457.37
7281,2406,26,2,20.11,40.22
7282,2406,4,3,217.56,652.68
7283,2407,79,3,460.63,1381.89
7284,2407,33,5,99.83,499.15
7285,2407,86,3,405.91,1217.73
7286,2407,97,4,337.32,1349.28
7287,2408,54,1,345.07,345.07
7288,2408,40,5,225.49,1127.45
7289,2408,96,5,24.45,122.25
7290,2409,74,1,463.46,463.46
7291,2409,37,3,121.39,364.17
7292,2410,37,3,121.39,364.17
7293,2411,74,5,463.46,2317.3
7294,2412,19,3,59.16,177.48
7295,2412,57,3,55.56,166.68
7296,2412,70,5,380.26,1901.3
7297,2412,43,3,365.01,1095.03
7298,2412,77,3,493.21,1479.63
7299,2413,55,5,47.97,239.85
7300,2413,88,5,322.06,1610.3
7301,2413,76,4,283.55,1134.2
7302,2414,45,3,184.89,554.67
7303,2414,32,1,100.46,100.46
7304,2414,9,3,93.48,280.44
7305,2414,100,4,479.73,1918.92
7306,2415,60,4,317.43,1269.72
7307,2415,25,2,392.86,785.72
7308,2415,62,1,444.18,444.18
7309,2415,3,3,275.8,827.4
7310,2416,3,5,275.8,1379
7311,2416,36,3,146.18,438.54
7312,2416,99,1,403.91,403.91
7313,2416,72,3,257.72,773.16
7314,2416,17,4,375.79,1503.16
7315,2417,32,2,100.46,200.92
7316,2417,78,2,441.78,883.56
7317,2417,42,3,241.8,725.4
7318,2417,46,3,455.87,1367.61
7319,2417,70,4,380.26,1521.04
7320,2418,84,2,362.77,725.54
7321,2418,32,3,100.46,301.38
7322,2418,47,2,288.68,577.36
7323,2418,65,5,103.56,517.8
7324,2418,85,4,65.06,260.24
7325,2419,29,4,118.85,475.4
7326,2419,31,4,492.66,1970.64
7327,2419,27,3,109.12,327.36
7328,2419,46,5,455.87,2279.35
7329,2420,65,1,103.56,103.56
7330,2420,48,2,160.97,321.94
7331,2420,48,1,160.97,160.97
7332,2420,77,3,493.21,1479.63
7333,2420,47,4,288.68,1154.72
7334,2421,76,4,283.55,1134.2
7335,2421,20,5,411.46,2057.3
7336,2422,76,2,283.55,567.1
7337,2423,20,5,411.46,2057.3
7338,2423,52,5,134.43,672.15
7339,2423,93,4,389.08,1556.32
7340,2423,15,3,31.65,94.95
7341,2423,40,2,225.49,450.98
7342,2424,86,4,405.91,1623.64
7343,2424,44,5,183.81,919.05
7344,2424,61,4,309.79,1239.16
7345,2425,43,5,365.01,1825.05
7346,2425,53,2,105.42,210.84
7347,2426,81,3,69.38,208.14
7348,2426,40,2,225.49,450.98
7349,2426,91,2,336.75,673.5
7350,2427,2,3,13.76,41.28
7351,2427,64,3,404.34,1213.02
7352,2427,38,3,293.18,879.54
7353,2428,60,3,317.43,952.29
7354,2428,57,4,55.56,222.24
7355,2428,96,5,24.45,122.25
7356,2429,28,3,299.14,897.42
7357,2429,32,1,100.46,100.46
7358,2430,83,2,470.19,940.38
7359,2431,84,3,362.77,1088.31
7360,2431,16,3,54.7,164.1
7361,2431,21,4,360.32,1441.28
7362,2432,6,5,386.9,1934.5
7363,2432,47,3,288.68,866.04
7364,2433,47,3,288.68,866.04
7365,2434,17,3,375.79,1127.37
7366,2434,93,2,389.08,778.16
7367,2435,88,5,322.06,1610.3
7368,2435,40,4,225.49,901.96
7369,2435,54,2,345.07,690.14
7370,2435,18,1,111.88,111.88
7371,2436,5,1,175.97,175.97
7372,2436,82,2,327.17,654.34
7373,2436,61,5,309.79,1548.95
7374,2437,50,2,58.66,117.32
7375,2437,46,4,455.87,1823.48
7376,2438,13,3,260.92,782.76
7377,2438,8,3,297.2,891.6
7378,2438,9,2,93.48,186.96
7379,2438,56,2,208.09,416.18
7380,2439,89,5,133.38,666.9
7381,2439,90,3,420.61,1261.83
7382,2439,43,3,365.01,1095.03
7383,2440,48,2,160.97,321.94
7384,2440,44,4,183.81,735.24
7385,2440,28,5,299.14,1495.7
7386,2441,50,3,58.66,175.98
7387,2441,33,1,99.83,99.83
7388,2441,8,1,297.2,297.2
7389,2441,65,4,103.56,414.24
7390,2442,48,3,160.97,482.91
7391,2442,4,4,217.56,870.24
7392,2442,4,3,217.56,652.68
7393,2442,93,3,389.08,1167.24
7394,2442,40,3,225.49,676.47
7395,2443,60,4,317.43,1269.72
7396,2443,92,3,267.01,801.03
7397,2443,74,2,463.46,926.92
7398,2443,89,4,133.38,533.52
7399,2444,19,4,59.16,236.64
7400,2444,91,5,336.75,1683.75
7401,2444,53,3,105.42,316.26
7402,2444,6,4,386.9,1547.6
7403,2445,5,5,175.97,879.85
7404,2445,12,4,195.25,781
7405,2445,23,2,157.5,315
7406,2445,16,5,54.7,273.5
7407,2445,40,1,225.49,225.49
7408,2446,53,5,105.42,527.1
7409,2446,58,3,260.13,780.39
7410,2446,3,2,275.8,551.6
7411,2446,95,1,397.59,397.59
7412,2446,37,3,121.39,364.17
7413,2447,94,1,443.5,443.5
7414,2447,44,2,183.81,367.62
7415,2447,60,1,317.43,317.43
7416,2447,13,4,260.92,1043.68
7417,2448,28,4,299.14,1196.56
7418,2449,2,5,13.76,68.8
7419,2449,8,4,297.2,1188.8
7420,2449,76,4,283.55,1134.2
7421,2449,71,1,234.88,234.88
7422,2450,47,4,288.68,1154.72
7423,2451,90,2,420.61,841.22
7424,2451,15,3,31.65,94.95
7425,2452,6,5,386.9,1934.5
7426,2452,49,5,168.14,840.7
7427,2452,47,1,288.68,288.68
7428,2453,72,3,257.72,773.16
7429,2453,61,5,309.79,1548.95
7430,2453,55,4,47.97,191.88
7431,2453,28,4,299.14,1196.56
7432,2453,31,3,492.66,1477.98
7433,2454,23,2,157.5,315
7434,2454,98,2,152.13,304.26
7435,2455,41,5,71.84,359.2
7436,2455,17,3,375.79,1127.37
7437,2455,79,5,460.63,2303.15
7438,2456,20,4,411.46,1645.84
7439,2456,27,3,109.12,327.36
7440,2456,46,4,455.87,1823.48
7441,2456,13,4,260.92,1043.68
7442,2457,12,4,195.25,781
7443,2458,95,1,397.59,397.59
7444,2459,17,1,375.79,375.79
7445,2459,87,5,485.79,2428.95
7446,2460,97,4,337.32,1349.28
7447,2461,47,5,288.68,1443.4
7448,2461,43,3,365.01,1095.03
7449,2461,53,2,105.42,210.84
7450,2461,13,1,260.92,260.92
7451,2461,15,2,31.65,63.3
7452,2462,99,1,403.91,403.91
7453,2462,33,1,99.83,99.83
7454,2463,90,5,420.61,2103.05
7455,2464,8,5,297.2,1486
7456,2465,9,4,93.48,373.92
7457,2465,54,4,345.07,1380.28
7458,2465,59,5,132.49,662.45
7459,2466,99,1,403.91,403.91
7460,2466,13,2,260.92,521.84
7461,2467,27,5,109.12,545.6
7462,2468,17,2,375.79,751.58
7463,2469,38,5,293.18,1465.9
7464,2469,58,4,260.13,1040.52
7465,2469,62,2,444.18,888.36
7466,2469,97,4,337.32,1349.28
7467,2469,40,3,225.49,676.47
7468,2470,3,4,275.8,1103.2
7469,2470,38,1,293.18,293.18
7470,2470,92,1,267.01,267.01
7471,2470,52,1,134.43,134.43
7472,2471,23,5,157.5,787.5
7473,2472,74,2,463.46,926.92
7474,2472,71,4,234.88,939.52
7475,2473,6,3,386.9,1160.7
7476,2473,93,2,389.08,778.16
7477,2473,7,3,102.83,308.49
7478,2474,35,2,121.6,243.2
7479,2474,73,1,446.53,446.53
7480,2474,28,5,299.14,1495.7
7481,2474,43,4,365.01,1460.04
7482,2474,63,5,380.74,1903.7
7483,2475,13,3,260.92,782.76
7484,2475,45,2,184.89,369.78
7485,2476,56,3,208.09,624.27
7486,2476,3,2,275.8,551.6
7487,2477,47,5,288.68,1443.4
7488,2478,19,1,59.16,59.16
7489,2478,12,4,195.25,781
7490,2478,34,5,435.95,2179.75
7491,2478,24,2,386.82,773.64
7492,2478,51,2,290.5,581
7493,2479,14,1,40.76,40.76
7494,2479,84,5,362.77,1813.85
7495,2480,69,2,64.44,128.88
7496,2480,50,2,58.66,117.32
7497,2480,73,5,446.53,2232.65
7498,2480,12,3,195.25,585.75
7499,2480,39,2,259.68,519.36
7500,2481,10,4,360.58,1442.32
7501,2481,68,4,488.86,1955.44
7502,2481,86,5,405.91,2029.55
7503,2481,12,2,195.25,390.5
7504,2481,25,3,392.86,1178.58
7505,2482,61,4,309.79,1239.16
7506,2483,76,4,283.55,1134.2
7507,2483,25,4,392.86,1571.44
7508,2483,37,2,121.39,242.78
7509,2483,29,1,118.85,118.85
7510,2483,96,2,24.45,48.9
7511,2484,88,5,322.06,1610.3
7512,2485,1,5,263.13,1315.65
7513,2486,67,5,319.21,1596.05
7514,2487,100,3,479.73,1439.19
7515,2487,79,4,460.63,1842.52
7516,2487,15,4,31.65,126.6
7517,2487,94,3,443.5,1330.5
7518,2487,68,2,488.86,977.72
7519,2488,74,1,463.46,463.46
7520,2488,88,3,322.06,966.18
7521,2488,42,2,241.8,483.6
7522,2488,13,4,260.92,1043.68
7523,2488,84,3,362.77,1088.31
7524,2489,8,1,297.2,297.2
7525,2489,20,4,411.46,1645.84
7526,2489,15,4,31.65,126.6
7527,2490,51,1,290.5,290.5
7528,2490,72,2,257.72,515.44
7529,2491,1,3,263.13,789.39
7530,2492,52,4,134.43,537.72
7531,2492,84,4,362.77,1451.08
7532,2492,60,3,317.43,952.29
7533,2492,23,5,157.5,787.5
7534,2492,25,2,392.86,785.72
7535,2493,6,1,386.9,386.9
7536,2493,34,1,435.95,435.95
7537,2493,18,3,111.88,335.64
7538,2493,22,2,271.14,542.28
7539,2493,63,1,380.74,380.74
7540,2494,72,4,257.72,1030.88
7541,2494,47,1,288.68,288.68
7542,2494,64,3,404.34,1213.02
7543,2494,78,1,441.78,441.78
7544,2495,53,3,105.42,316.26
7545,2495,34,1,435.95,435.95
7546,2495,37,5,121.39,606.95
7547,2495,58,3,260.13,780.39
7548,2496,93,4,389.08,1556.32
7549,2496,72,5,257.72,1288.6
7550,2496,50,4,58.66,234.64
7551,2496,70,1,380.26,380.26
7552,2496,17,1,375.79,375.79
7553,2497,8,3,297.2,891.6
7554,2497,99,1,403.91,403.91
7555,2497,81,2,69.38,138.76
7556,2498,96,4,24.45,97.8
7557,2498,43,2,365.01,730.02
7558,2499,39,3,259.68,779.04
7559,2499,9,5,93.48,467.4
7560,2499,74,1,463.46,463.46
7561,2499,1,2,263.13,526.26
7562,2499,24,3,386.82,1160.46
7563,2500,46,1,455.87,455.87
7564,2501,98,1,152.13,152.13
7565,2501,13,1,260.92,260.92
7566,2502,89,5,133.38,666.9
7567,2502,5,4,175.97,703.88
7568,2502,54,2,345.07,690.14
7569,2502,68,3,488.86,1466.58
7570,2502,66,3,102.27,306.81
7571,2503,79,1,460.63,460.63
7572,2503,94,4,443.5,1774
7573,2503,78,1,441.78,441.78
7574,2503,39,1,259.68,259.68
7575,2504,7,4,102.83,411.32
7576,2504,35,4,121.6,486.4
7577,2504,21,5,360.32,1801.6
7578,2505,58,4,260.13,1040.52
7579,2506,24,4,386.82,1547.28
7580,2506,91,4,336.75,1347
7581,2506,10,1,360.58,360.58
7582,2507,88,1,322.06,322.06
7583,2507,56,1,208.09,208.09
7584,2507,31,2,492.66,985.32
7585,2507,54,1,345.07,345.07
7586,2507,71,1,234.88,234.88
7587,2508,77,3,493.21,1479.63
7588,2508,61,1,309.79,309.79
7589,2509,61,4,309.79,1239.16
7590,2509,50,2,58.66,117.32
7591,2509,45,3,184.89,554.67
7592,2509,18,2,111.88,223.76
7593,2509,56,3,208.09,624.27
7594,2510,67,3,319.21,957.63
7595,2510,100,3,479.73,1439.19
7596,2511,62,5,444.18,2220.9
7597,2511,86,5,405.91,2029.55
7598,2511,90,2,420.61,841.22
7599,2512,91,3,336.75,1010.25
7600,2513,17,5,375.79,1878.95
7601,2513,82,2,327.17,654.34
7602,2513,83,5,470.19,2350.95
7603,2513,98,5,152.13,760.65
7604,2514,48,5,160.97,804.85
7605,2514,75,5,190.13,950.65
7606,2514,68,1,488.86,488.86
7607,2514,91,3,336.75,1010.25
7608,2515,55,2,47.97,95.94
7609,2516,75,3,190.13,570.39
7610,2516,87,1,485.79,485.79
7611,2516,71,1,234.88,234.88
7612,2517,77,3,493.21,1479.63
7613,2517,45,5,184.89,924.45
7614,2517,38,3,293.18,879.54
7615,2517,29,2,118.85,237.7
7616,2517,88,2,322.06,644.12
7617,2518,75,4,190.13,760.52
7618,2519,49,2,168.14,336.28
7619,2520,35,5,121.6,608
7620,2521,76,4,283.55,1134.2
7621,2521,33,2,99.83,199.66
7622,2521,3,4,275.8,1103.2
7623,2521,19,1,59.16,59.16
7624,2522,45,3,184.89,554.67
7625,2522,93,5,389.08,1945.4
7626,2522,88,1,322.06,322.06
7627,2523,35,1,121.6,121.6
7628,2523,82,2,327.17,654.34
7629,2523,27,5,109.12,545.6
7630,2523,34,4,435.95,1743.8
7631,2523,11,3,300.33,900.99
7632,2524,47,1,288.68,288.68
7633,2524,76,3,283.55,850.65
7634,2524,71,4,234.88,939.52
7635,2524,1,5,263.13,1315.65
7636,2524,29,5,118.85,594.25
7637,2525,91,1,336.75,336.75
7638,2526,31,2,492.66,985.32
7639,2527,47,4,288.68,1154.72
7640,2527,60,2,317.43,634.86
7641,2528,73,1,446.53,446.53
7642,2529,34,5,435.95,2179.75
7643,2529,75,4,190.13,760.52
7644,2529,43,2,365.01,730.02
7645,2529,25,4,392.86,1571.44
7646,2529,29,3,118.85,356.55
7647,2530,100,3,479.73,1439.19
7648,2530,89,3,133.38,400.14
7649,2530,81,3,69.38,208.14
7650,2530,50,1,58.66,58.66
7651,2530,6,2,386.9,773.8
7652,2531,77,3,493.21,1479.63
7653,2531,19,1,59.16,59.16
7654,2532,53,1,105.42,105.42
7655,2532,87,4,485.79,1943.16
7656,2532,59,5,132.49,662.45
7657,2533,78,3,441.78,1325.34
7658,2534,95,5,397.59,1987.95
7659,2535,40,1,225.49,225.49
7660,2535,9,4,93.48,373.92
7661,2535,95,4,397.59,1590.36
7662,2535,5,3,175.97,527.91
7663,2535,90,2,420.61,841.22
7664,2536,23,2,157.5,315
7665,2536,42,5,241.8,1209
7666,2536,67,5,319.21,1596.05
7667,2536,96,3,24.45,73.35
7668,2536,30,4,193.42,773.68
7669,2537,39,1,259.68,259.68
7670,2538,9,3,93.48,280.44
7671,2538,25,3,392.86,1178.58
7672,2538,29,4,118.85,475.4
7673,2538,8,3,297.2,891.6
7674,2538,19,3,59.16,177.48
7675,2539,74,2,463.46,926.92
7676,2539,1,1,263.13,263.13
7677,2539,72,3,257.72,773.16
7678,2540,69,4,64.44,257.76
7679,2541,27,2,109.12,218.24
7680,2541,72,5,257.72,1288.6
7681,2541,14,4,40.76,163.04
7682,2541,1,3,263.13,789.39
7683,2542,51,4,290.5,1162
7684,2542,88,1,322.06,322.06
7685,2542,15,4,31.65,126.6
7686,2542,71,5,234.88,1174.4
7687,2542,30,2,193.42,386.84
7688,2543,35,2,121.6,243.2
7689,2543,17,3,375.79,1127.37
7690,2544,8,1,297.2,297.2
7691,2544,51,2,290.5,581
7692,2544,18,5,111.88,559.4
7693,2544,89,5,133.38,666.9
7694,2544,85,4,65.06,260.24
7695,2545,44,1,183.81,183.81
7696,2545,37,2,121.39,242.78
7697,2546,6,4,386.9,1547.6
7698,2546,27,4,109.12,436.48
7699,2546,4,3,217.56,652.68
7700,2546,40,3,225.49,676.47
7701,2547,37,2,121.39,242.78
7702,2547,76,4,283.55,1134.2
7703,2548,53,4,105.42,421.68
7704,2548,43,4,365.01,1460.04
7705,2548,97,3,337.32,1011.96
7706,2548,88,4,322.06,1288.24
7707,2548,69,4,64.44,257.76
7708,2549,34,1,435.95,435.95
7709,2549,3,5,275.8,1379
7710,2549,84,4,362.77,1451.08
7711,2549,69,1,64.44,64.44
7712,2549,88,4,322.06,1288.24
7713,2550,57,1,55.56,55.56
7714,2550,19,3,59.16,177.48
7715,2550,99,4,403.91,1615.64
7716,2551,56,3,208.09,624.27
7717,2551,22,4,271.14,1084.56
7718,2551,75,5,190.13,950.65
7719,2551,22,2,271.14,542.28
7720,2552,45,4,184.89,739.56
7721,2552,24,5,386.82,1934.1
7722,2552,47,1,288.68,288.68
7723,2552,51,3,290.5,871.5
7724,2553,46,3,455.87,1367.61
7725,2553,17,5,375.79,1878.95
7726,2553,77,5,493.21,2466.05
7727,2553,18,2,111.88,223.76
7728,2554,66,3,102.27,306.81
7729,2554,80,1,135.98,135.98
7730,2554,26,2,20.11,40.22
7731,2554,42,3,241.8,725.4
7732,2555,47,4,288.68,1154.72
7733,2555,62,1,444.18,444.18
7734,2555,43,3,365.01,1095.03
7735,2556,89,2,133.38,266.76
7736,2557,58,2,260.13,520.26
7737,2557,7,2,102.83,205.66
7738,2557,44,3,183.81,551.43
7739,2558,67,5,319.21,1596.05
7740,2558,39,5,259.68,1298.4
7741,2559,71,5,234.88,1174.4
7742,2559,80,5,135.98,679.9
7743,2559,27,1,109.12,109.12
7744,2560,38,1,293.18,293.18
7745,2560,41,2,71.84,143.68
7746,2561,39,1,259.68,259.68
7747,2561,46,3,455.87,1367.61
7748,2561,46,5,455.87,2279.35
7749,2562,69,3,64.44,193.32
7750,2563,55,4,47.97,191.88
7751,2564,76,1,283.55,283.55
7752,2564,74,4,463.46,1853.84
7753,2565,80,4,135.98,543.92
7754,2565,10,5,360.58,1802.9
7755,2565,33,5,99.83,499.15
7756,2565,1,5,263.13,1315.65
7757,2566,4,5,217.56,1087.8
7758,2566,76,1,283.55,283.55
7759,2566,63,5,380.74,1903.7
7760,2566,22,3,271.14,813.42
7761,2566,44,4,183.81,735.24
7762,2567,77,1,493.21,493.21
7763,2567,53,3,105.42,316.26
7764,2567,18,1,111.88,111.88
7765,2568,22,4,271.14,1084.56
7766,2568,81,4,69.38,277.52
7767,2568,41,3,71.84,215.52
7768,2568,89,3,133.38,400.14
7769,2568,5,1,175.97,175.97
7770,2569,97,1,337.32,337.32
7771,2569,70,2,380.26,760.52
7772,2569,57,3,55.56,166.68
7773,2570,69,3,64.44,193.32
7774,2570,73,1,446.53,446.53
7775,2570,4,3,217.56,652.68
7776,2570,21,3,360.32,1080.96
7777,2571,4,1,217.56,217.56
7778,2572,63,3,380.74,1142.22
7779,2572,81,1,69.38,69.38
7780,2572,57,4,55.56,222.24
7781,2573,15,3,31.65,94.95
7782,2574,80,5,135.98,679.9
7783,2575,46,2,455.87,911.74
7784,2575,45,5,184.89,924.45
7785,2576,90,3,420.61,1261.83
7786,2576,43,4,365.01,1460.04
7787,2577,9,3,93.48,280.44
7788,2577,41,4,71.84,287.36
7789,2577,49,2,168.14,336.28
7790,2577,93,4,389.08,1556.32
7791,2578,66,5,102.27,511.35
7792,2578,43,4,365.01,1460.04
7793,2578,30,5,193.42,967.1
7794,2578,14,5,40.76,203.8
7795,2579,94,3,443.5,1330.5
7796,2579,69,2,64.44,128.88
7797,2580,90,4,420.61,1682.44
7798,2580,64,1,404.34,404.34
7799,2580,64,4,404.34,1617.36
7800,2581,56,2,208.09,416.18
7801,2581,47,5,288.68,1443.4
7802,2581,19,4,59.16,236.64
7803,2581,73,1,446.53,446.53
7804,2582,30,2,193.42,386.84
7805,2582,83,5,470.19,2350.95
7806,2582,88,5,322.06,1610.3
7807,2583,60,5,317.43,1587.15
7808,2584,34,1,435.95,435.95
7809,2584,33,5,99.83,499.15
7810,2584,73,1,446.53,446.53
7811,2584,36,4,146.18,584.72
7812,2584,48,1,160.97,160.97
7813,2585,93,1,389.08,389.08
7814,2585,1,5,263.13,1315.65
7815,2585,88,1,322.06,322.06
7816,2585,10,1,360.58,360.58
7817,2585,29,1,118.85,118.85
7818,2586,12,5,195.25,976.25
7819,2586,90,5,420.61,2103.05
7820,2587,82,5,327.17,1635.85
7821,2587,100,5,479.73,2398.65
7822,2587,29,4,118.85,475.4
7823,2588,43,2,365.01,730.02
7824,2588,54,5,345.07,1725.35
7825,2589,52,1,134.43,134.43
7826,2589,75,2,190.13,380.26
7827,2589,74,4,463.46,1853.84
7828,2590,61,1,309.79,309.79
7829,2590,100,2,479.73,959.46
7830,2590,96,4,24.45,97.8
7831,2590,67,4,319.21,1276.84
7832,2590,82,2,327.17,654.34
7833,2591,92,5,267.01,1335.05
7834,2591,45,4,184.89,739.56
7835,2592,97,1,337.32,337.32
7836,2592,87,3,485.79,1457.37
7837,2592,92,4,267.01,1068.04
7838,2592,85,2,65.06,130.12
7839,2592,31,3,492.66,1477.98
7840,2593,67,4,319.21,1276.84
7841,2593,17,3,375.79,1127.37
7842,2593,54,4,345.07,1380.28
7843,2594,60,5,317.43,1587.15
7844,2595,42,1,241.8,241.8
7845,2595,40,4,225.49,901.96
7846,2595,19,2,59.16,118.32
7847,2595,40,5,225.49,1127.45
7848,2595,17,2,375.79,751.58
7849,2596,97,4,337.32,1349.28
7850,2597,45,4,184.89,739.56
7851,2597,3,2,275.8,551.6
7852,2598,25,1,392.86,392.86
7853,2598,64,2,404.34,808.68
7854,2599,69,2,64.44,128.88
7855,2600,53,1,105.42,105.42
7856,2600,17,1,375.79,375.79
7857,2601,87,2,485.79,971.58
7858,2602,39,5,259.68,1298.4
7859,2602,49,1,168.14,168.14
7860,2603,22,5,271.14,1355.7
7861,2603,55,5,47.97,239.85
7862,2604,62,5,444.18,2220.9
7863,2604,30,3,193.42,580.26
7864,2604,37,2,121.39,242.78
7865,2604,20,4,411.46,1645.84
7866,2604,35,1,121.6,121.6
7867,2605,4,1,217.56,217.56
7868,2605,6,3,386.9,1160.7
7869,2605,65,2,103.56,207.12
7870,2605,20,4,411.46,1645.84
7871,2606,92,3,267.01,801.03
7872,2607,72,4,257.72,1030.88
7873,2607,78,4,441.78,1767.12
7874,2608,9,4,93.48,373.92
7875,2608,17,1,375.79,375.79
7876,2608,94,5,443.5,2217.5
7877,2608,10,4,360.58,1442.32
7878,2608,37,2,121.39,242.78
7879,2609,28,2,299.14,598.28
7880,2609,56,3,208.09,624.27
7881,2609,91,3,336.75,1010.25
7882,2610,53,3,105.42,316.26
7883,2610,42,2,241.8,483.6
7884,2610,58,4,260.13,1040.52
7885,2611,75,4,190.13,760.52
7886,2612,49,2,168.14,336.28
7887,2612,8,3,297.2,891.6
7888,2612,34,5,435.95,2179.75
7889,2612,63,4,380.74,1522.96
7890,2612,91,5,336.75,1683.75
7891,2613,49,1,168.14,168.14
7892,2613,73,3,446.53,1339.59
7893,2613,55,5,47.97,239.85
7894,2614,62,1,444.18,444.18
7895,2614,26,3,20.11,60.33
7896,2614,21,4,360.32,1441.28
7897,2614,54,2,345.07,690.14
7898,2614,71,1,234.88,234.88
7899,2615,83,4,470.19,1880.76
7900,2615,15,3,31.65,94.95
7901,2615,8,1,297.2,297.2
7902,2615,72,3,257.72,773.16
7903,2616,32,5,100.46,502.3
7904,2616,7,1,102.83,102.83
7905,2616,77,4,493.21,1972.84
7906,2616,16,3,54.7,164.1
7907,2616,58,3,260.13,780.39
7908,2617,8,1,297.2,297.2
7909,2617,40,5,225.49,1127.45
7910,2617,31,4,492.66,1970.64
7911,2617,99,5,403.91,2019.55
7912,2618,72,2,257.72,515.44
7913,2618,38,4,293.18,1172.72
7914,2618,91,4,336.75,1347
7915,2618,35,1,121.6,121.6
7916,2619,89,5,133.38,666.9
7917,2619,80,2,135.98,271.96
7918,2620,58,1,260.13,260.13
7919,2620,62,3,444.18,1332.54
7920,2620,53,4,105.42,421.68
7921,2620,22,5,271.14,1355.7
7922,2621,64,5,404.34,2021.7
7923,2622,15,3,31.65,94.95
7924,2623,54,4,345.07,1380.28
7925,2624,26,1,20.11,20.11
7926,2624,33,5,99.83,499.15
7927,2624,25,4,392.86,1571.44
7928,2624,7,3,102.83,308.49
7929,2624,3,1,275.8,275.8
7930,2625,52,5,134.43,672.15
7931,2625,45,2,184.89,369.78
7932,2625,20,4,411.46,1645.84
7933,2625,87,3,485.79,1457.37
7934,2625,38,4,293.18,1172.72
7935,2626,12,4,195.25,781
7936,2626,32,1,100.46,100.46
7937,2626,3,1,275.8,275.8
7938,2627,50,2,58.66,117.32
7939,2627,82,1,327.17,327.17
7940,2628,81,3,69.38,208.14
7941,2628,49,4,168.14,672.56
7942,2628,69,1,64.44,64.44
7943,2629,51,3,290.5,871.5
7944,2629,96,4,24.45,97.8
7945,2629,27,5,109.12,545.6
7946,2629,66,5,102.27,511.35
7947,2629,25,1,392.86,392.86
7948,2630,4,4,217.56,870.24
7949,2630,7,3,102.83,308.49
7950,2630,92,2,267.01,534.02
7951,2630,12,2,195.25,390.5
7952,2631,11,5,300.33,1501.65
7953,2631,55,1,47.97,47.97
7954,2631,42,3,241.8,725.4
7955,2631,37,1,121.39,121.39
7956,2632,3,1,275.8,275.8
7957,2633,6,3,386.9,1160.7
7958,2634,77,3,493.21,1479.63
7959,2635,87,2,485.79,971.58
7960,2635,40,2,225.49,450.98
7961,2635,65,3,103.56,310.68
7962,2635,90,1,420.61,420.61
7963,2635,48,4,160.97,643.88
7964,2636,6,1,386.9,386.9
7965,2636,30,3,193.42,580.26
7966,2636,23,3,157.5,472.5
7967,2636,25,4,392.86,1571.44
7968,2636,59,3,132.49,397.47
7969,2637,93,5,389.08,1945.4
7970,2637,80,5,135.98,679.9
7971,2638,11,3,300.33,900.99
7972,2638,28,2,299.14,598.28
7973,2639,89,3,133.38,400.14
7974,2639,18,2,111.88,223.76
7975,2640,1,2,263.13,526.26
7976,2640,98,3,152.13,456.39
7977,2640,30,2,193.42,386.84
7978,2640,54,3,345.07,1035.21
7979,2640,97,1,337.32,337.32
7980,2641,30,4,193.42,773.68
7981,2642,77,5,493.21,2466.05
7982,2642,16,3,54.7,164.1
7983,2642,73,2,446.53,893.06
7984,2643,99,4,403.91,1615.64
7985,2643,21,3,360.32,1080.96
7986,2643,30,1,193.42,193.42
7987,2643,41,3,71.84,215.52
7988,2643,63,4,380.74,1522.96
7989,2644,87,3,485.79,1457.37
7990,2644,45,3,184.89,554.67
7991,2645,9,3,93.48,280.44
7992,2645,67,5,319.21,1596.05
7993,2645,17,2,375.79,751.58
7994,2645,98,4,152.13,608.52
7995,2645,54,1,345.07,345.07
7996,2646,58,4,260.13,1040.52
7997,2646,88,4,322.06,1288.24
7998,2647,82,5,327.17,1635.85
7999,2647,85,2,65.06,130.12
8000,2647,52,5,134.43,672.15
8001,2647,8,2,297.2,594.4
8002,2647,72,4,257.72,1030.88
8003,2648,25,5,392.86,1964.3
8004,2648,49,4,168.14,672.56
8005,2649,93,1,389.08,389.08
8006,2649,48,5,160.97,804.85
8007,2650,52,4,134.43,537.72
8008,2651,82,1,327.17,327.17
8009,2651,94,4,443.5,1774
8010,2651,35,1,121.6,121.6
8011,2651,15,4,31.65,126.6
8012,2652,33,2,99.83,199.66
8013,2652,100,5,479.73,2398.65
8014,2652,99,5,403.91,2019.55
8015,2652,53,5,105.42,527.1
8016,2653,72,5,257.72,1288.6
8017,2653,77,1,493.21,493.21
8018,2654,17,4,375.79,1503.16
8019,2654,12,3,195.25,585.75
8020,2654,80,5,135.98,679.9
8021,2654,15,3,31.65,94.95
8022,2655,83,1,470.19,470.19
8023,2656,34,5,435.95,2179.75
8024,2656,74,5,463.46,2317.3
8025,2656,5,1,175.97,175.97
8026,2657,9,4,93.48,373.92
8027,2657,63,1,380.74,380.74
8028,2657,9,5,93.48,467.4
8029,2658,71,3,234.88,704.64
8030,2658,43,4,365.01,1460.04
8031,2658,6,4,386.9,1547.6
8032,2659,32,1,100.46,100.46
8033,2659,55,2,47.97,95.94
8034,2659,68,3,488.86,1466.58
8035,2659,94,3,443.5,1330.5
8036,2659,98,3,152.13,456.39
8037,2660,81,3,69.38,208.14
8038,2660,42,4,241.8,967.2
8039,2660,30,1,193.42,193.42
8040,2660,56,2,208.09,416.18
8041,2661,9,1,93.48,93.48
8042,2661,7,5,102.83,514.15
8043,2661,42,4,241.8,967.2
8044,2662,67,3,319.21,957.63
8045,2662,26,4,20.11,80.44
8046,2662,15,3,31.65,94.95
8047,2662,22,4,271.14,1084.56
8048,2663,17,5,375.79,1878.95
8049,2664,54,4,345.07,1380.28
8050,2664,27,1,109.12,109.12
8051,2665,27,4,109.12,436.48
8052,2665,75,5,190.13,950.65
8053,2665,11,1,300.33,300.33
8054,2665,93,5,389.08,1945.4
8055,2665,99,5,403.91,2019.55
8056,2666,76,5,283.55,1417.75
8057,2666,77,4,493.21,1972.84
8058,2667,89,1,133.38,133.38
8059,2667,8,5,297.2,1486
8060,2668,81,3,69.38,208.14
8061,2669,2,2,13.76,27.52
8062,2669,99,3,403.91,1211.73
8063,2669,43,2,365.01,730.02
8064,2669,91,5,336.75,1683.75
8065,2669,65,4,103.56,414.24
8066,2670,59,1,132.49,132.49
8067,2670,44,3,183.81,551.43
8068,2670,29,4,118.85,475.4
8069,2670,71,1,234.88,234.88
8070,2670,65,3,103.56,310.68
8071,2671,8,5,297.2,1486
8072,2672,83,3,470.19,1410.57
8073,2672,83,1,470.19,470.19
8074,2672,98,4,152.13,608.52
8075,2673,77,1,493.21,493.21
8076,2673,70,2,380.26,760.52
8077,2673,34,2,435.95,871.9
8078,2673,54,1,345.07,345.07
8079,2674,71,4,234.88,939.52
8080,2674,51,4,290.5,1162
8081,2674,14,1,40.76,40.76
8082,2675,66,1,102.27,102.27
8083,2675,65,5,103.56,517.8
8084,2676,8,5,297.2,1486
8085,2676,42,4,241.8,967.2
8086,2676,47,5,288.68,1443.4
8087,2677,24,2,386.82,773.64
8088,2677,90,5,420.61,2103.05
8089,2677,86,3,405.91,1217.73
8090,2677,25,4,392.86,1571.44
8091,2677,8,2,297.2,594.4
8092,2678,50,1,58.66,58.66
8093,2678,55,1,47.97,47.97
8094,2678,28,1,299.14,299.14
8095,2678,76,2,283.55,567.1
8096,2678,68,1,488.86,488.86
8097,2679,13,1,260.92,260.92
8098,2679,24,2,386.82,773.64
8099,2680,87,3,485.79,1457.37
8100,2680,65,2,103.56,207.12
8101,2680,80,1,135.98,135.98
8102,2680,27,2,109.12,218.24
8103,2680,55,5,47.97,239.85
8104,2681,34,1,435.95,435.95
8105,2681,31,4,492.66,1970.64
8106,2681,30,1,193.42,193.42
8107,2682,54,5,345.07,1725.35
8108,2682,56,2,208.09,416.18
8109,2683,2,1,13.76,13.76
8110,2683,53,3,105.42,316.26
8111,2683,36,1,146.18,146.18
8112,2683,5,1,175.97,175.97
8113,2683,90,5,420.61,2103.05
8114,2684,4,2,217.56,435.12
8115,2684,11,3,300.33,900.99
8116,2684,46,3,455.87,1367.61
8117,2684,74,4,463.46,1853.84
8118,2684,33,1,99.83,99.83
8119,2685,98,1,152.13,152.13
8120,2685,4,5,217.56,1087.8
8121,2685,92,5,267.01,1335.05
8122,2685,66,2,102.27,204.54
8123,2686,93,2,389.08,778.16
8124,2686,41,1,71.84,71.84
8125,2687,7,1,102.83,102.83
8126,2687,86,1,405.91,405.91
8127,2688,44,2,183.81,367.62
8128,2689,30,3,193.42,580.26
8129,2689,82,3,327.17,981.51
8130,2689,34,2,435.95,871.9
8131,2689,34,5,435.95,2179.75
8132,2690,53,2,105.42,210.84
8133,2690,14,4,40.76,163.04
8134,2690,68,3,488.86,1466.58
8135,2690,87,1,485.79,485.79
8136,2690,4,2,217.56,435.12
8137,2691,44,5,183.81,919.05
8138,2691,70,3,380.26,1140.78
8139,2691,70,2,380.26,760.52
8140,2691,88,1,322.06,322.06
8141,2692,75,1,190.13,190.13
8142,2692,27,5,109.12,545.6
8143,2692,26,2,20.11,40.22
8144,2692,66,5,102.27,511.35
8145,2693,3,3,275.8,827.4
8146,2693,91,2,336.75,673.5
8147,2693,71,3,234.88,704.64
8148,2694,33,2,99.83,199.66
8149,2694,21,3,360.32,1080.96
8150,2694,35,1,121.6,121.6
8151,2695,79,5,460.63,2303.15
8152,2695,48,5,160.97,804.85
8153,2696,29,2,118.85,237.7
8154,2696,13,4,260.92,1043.68
8155,2696,6,3,386.9,1160.7
8156,2696,99,2,403.91,807.82
8157,2697,78,1,441.78,441.78
8158,2697,98,5,152.13,760.65
8159,2698,73,5,446.53,2232.65
8160,2698,38,1,293.18,293.18
8161,2698,73,2,446.53,893.06
8162,2698,27,4,109.12,436.48
8163,2698,23,4,157.5,630
8164,2699,1,3,263.13,789.39
8165,2699,87,4,485.79,1943.16
8166,2699,18,4,111.88,447.52
8167,2699,12,5,195.25,976.25
8168,2700,36,4,146.18,584.72
8169,2700,74,1,463.46,463.46
8170,2700,9,5,93.48,467.4
8171,2700,100,2,479.73,959.46
8172,2701,89,1,133.38,133.38
8173,2701,48,5,160.97,804.85
8174,2701,58,1,260.13,260.13
8175,2701,34,3,435.95,1307.85
8176,2701,83,4,470.19,1880.76
8177,2702,53,5,105.42,527.1
8178,2702,4,5,217.56,1087.8
8179,2702,60,5,317.43,1587.15
8180,2703,11,1,300.33,300.33
8181,2703,73,4,446.53,1786.12
8182,2703,86,5,405.91,2029.55
8183,2704,28,2,299.14,598.28
8184,2704,5,1,175.97,175.97
8185,2704,17,1,375.79,375.79
8186,2705,15,3,31.65,94.95
8187,2705,84,4,362.77,1451.08
8188,2706,11,2,300.33,600.66
8189,2706,84,3,362.77,1088.31
8190,2706,61,3,309.79,929.37
8191,2706,63,2,380.74,761.48
8192,2706,48,1,160.97,160.97
8193,2707,82,5,327.17,1635.85
8194,2708,88,4,322.06,1288.24
8195,2708,20,1,411.46,411.46
8196,2709,5,3,175.97,527.91
8197,2709,25,2,392.86,785.72
8198,2709,53,4,105.42,421.68
8199,2710,36,5,146.18,730.9
8200,2710,84,2,362.77,725.54
8201,2710,44,4,183.81,735.24
8202,2711,26,4,20.11,80.44
8203,2711,95,4,397.59,1590.36
8204,2712,46,1,455.87,455.87
8205,2712,51,1,290.5,290.5
8206,2713,81,2,69.38,138.76
8207,2713,71,5,234.88,1174.4
8208,2714,17,1,375.79,375.79
8209,2714,48,4,160.97,643.88
8210,2715,75,1,190.13,190.13
8211,2715,21,1,360.32,360.32
8212,2715,43,4,365.01,1460.04
8213,2715,78,2,441.78,883.56
8214,2715,56,1,208.09,208.09
8215,2716,100,5,479.73,2398.65
8216,2716,63,4,380.74,1522.96
8217,2716,59,4,132.49,529.96
8218,2716,100,4,479.73,1918.92
8219,2716,61,3,309.79,929.37
8220,2717,13,4,260.92,1043.68
8221,2717,45,5,184.89,924.45
8222,2717,18,2,111.88,223.76
8223,2718,21,3,360.32,1080.96
8224,2718,42,2,241.8,483.6
8225,2718,58,3,260.13,780.39
8226,2719,55,2,47.97,95.94
8227,2719,11,4,300.33,1201.32
8228,2719,57,5,55.56,277.8
8229,2719,42,1,241.8,241.8
8230,2719,69,4,64.44,257.76
8231,2720,53,1,105.42,105.42
8232,2720,4,4,217.56,870.24
8233,2720,76,1,283.55,283.55
8234,2720,86,2,405.91,811.82
8235,2720,61,2,309.79,619.58
8236,2721,21,3,360.32,1080.96
8237,2722,64,1,404.34,404.34
8238,2723,74,5,463.46,2317.3
8239,2723,57,5,55.56,277.8
8240,2724,19,4,59.16,236.64
8241,2724,38,3,293.18,879.54
8242,2725,73,5,446.53,2232.65
8243,2725,60,1,317.43,317.43
8244,2726,90,1,420.61,420.61
8245,2726,91,3,336.75,1010.25
8246,2726,14,2,40.76,81.52
8247,2726,96,5,24.45,122.25
8248,2726,40,2,225.49,450.98
8249,2727,47,4,288.68,1154.72
8250,2727,16,3,54.7,164.1
8251,2727,93,1,389.08,389.08
8252,2728,24,2,386.82,773.64
8253,2728,28,3,299.14,897.42
8254,2728,35,5,121.6,608
8255,2729,64,4,404.34,1617.36
8256,2730,1,1,263.13,263.13
8257,2730,51,1,290.5,290.5
8258,2730,84,2,362.77,725.54
8259,2731,51,1,290.5,290.5
8260,2731,21,2,360.32,720.64
8261,2732,11,5,300.33,1501.65
8262,2732,11,5,300.33,1501.65
8263,2732,92,5,267.01,1335.05
8264,2732,58,4,260.13,1040.52
8265,2733,72,2,257.72,515.44
8266,2734,23,3,157.5,472.5
8267,2734,81,1,69.38,69.38
8268,2734,18,4,111.88,447.52
8269,2734,22,2,271.14,542.28
8270,2735,26,2,20.11,40.22
8271,2735,37,1,121.39,121.39
8272,2735,83,2,470.19,940.38
8273,2736,67,2,319.21,638.42
8274,2736,81,5,69.38,346.9
8275,2736,44,4,183.81,735.24
8276,2736,47,3,288.68,866.04
8277,2737,57,5,55.56,277.8
8278,2737,72,2,257.72,515.44
8279,2737,31,3,492.66,1477.98
8280,2737,17,4,375.79,1503.16
8281,2738,84,4,362.77,1451.08
8282,2738,44,4,183.81,735.24
8283,2738,20,1,411.46,411.46
8284,2739,4,1,217.56,217.56
8285,2740,41,2,71.84,143.68
8286,2740,8,3,297.2,891.6
8287,2741,36,3,146.18,438.54
8288,2741,78,1,441.78,441.78
8289,2741,60,2,317.43,634.86
8290,2741,86,2,405.91,811.82
8291,2741,85,2,65.06,130.12
8292,2742,31,3,492.66,1477.98
8293,2743,11,4,300.33,1201.32
8294,2743,12,4,195.25,781
8295,2744,7,1,102.83,102.83
8296,2744,89,1,133.38,133.38
8297,2744,15,2,31.65,63.3
8298,2745,51,2,290.5,581
8299,2745,95,5,397.59,1987.95
8300,2745,53,3,105.42,316.26
8301,2745,87,1,485.79,485.79
8302,2746,62,3,444.18,1332.54
8303,2746,53,3,105.42,316.26
8304,2746,58,4,260.13,1040.52
8305,2746,68,4,488.86,1955.44
8306,2746,90,4,420.61,1682.44
8307,2747,31,4,492.66,1970.64
8308,2747,88,1,322.06,322.06
8309,2748,100,1,479.73,479.73
8310,2748,64,1,404.34,404.34
8311,2748,34,1,435.95,435.95
8312,2749,15,4,31.65,126.6
8313,2749,80,2,135.98,271.96
8314,2749,40,4,225.49,901.96
8315,2749,18,3,111.88,335.64
8316,2749,41,1,71.84,71.84
8317,2750,85,5,65.06,325.3
8318,2751,9,1,93.48,93.48
8319,2751,22,4,271.14,1084.56
8320,2751,31,2,492.66,985.32
8321,2751,34,3,435.95,1307.85
8322,2752,72,2,257.72,515.44
8323,2753,75,5,190.13,950.65
8324,2754,40,4,225.49,901.96
8325,2754,78,3,441.78,1325.34
8326,2754,30,2,193.42,386.84
8327,2754,64,1,404.34,404.34
8328,2754,68,4,488.86,1955.44
8329,2755,53,4,105.42,421.68
8330,2755,7,2,102.83,205.66
8331,2756,70,1,380.26,380.26
8332,2756,53,2,105.42,210.84
8333,2756,57,3,55.56,166.68
8334,2756,6,1,386.9,386.9
8335,2756,71,5,234.88,1174.4
8336,2757,69,5,64.44,322.2
8337,2757,88,5,322.06,1610.3
8338,2757,85,4,65.06,260.24
8339,2757,34,3,435.95,1307.85
8340,2757,41,2,71.84,143.68
8341,2758,49,5,168.14,840.7
8342,2758,92,2,267.01,534.02
8343,2759,66,1,102.27,102.27
8344,2759,64,4,404.34,1617.36
8345,2759,18,1,111.88,111.88
8346,2759,8,4,297.2,1188.8
8347,2759,1,1,263.13,263.13
8348,2760,98,3,152.13,456.39
8349,2760,85,4,65.06,260.24
8350,2760,34,2,435.95,871.9
8351,2761,10,2,360.58,721.16
8352,2761,79,4,460.63,1842.52
8353,2761,99,5,403.91,2019.55
8354,2761,85,3,65.06,195.18
8355,2761,72,4,257.72,1030.88
8356,2762,21,5,360.32,1801.6
8357,2762,59,3,132.49,397.47
8358,2763,86,4,405.91,1623.64
8359,2763,44,2,183.81,367.62
8360,2763,51,4,290.5,1162
8361,2763,83,3,470.19,1410.57
8362,2764,75,3,190.13,570.39
8363,2764,73,4,446.53,1786.12
8364,2765,63,4,380.74,1522.96
8365,2766,28,4,299.14,1196.56
8366,2766,76,2,283.55,567.1
8367,2766,68,5,488.86,2444.3
8368,2767,23,4,157.5,630
8369,2767,29,4,118.85,475.4
8370,2767,94,3,443.5,1330.5
8371,2768,11,3,300.33,900.99
8372,2768,7,5,102.83,514.15
8373,2768,15,4,31.65,126.6
8374,2768,29,2,118.85,237.7
8375,2768,14,2,40.76,81.52
8376,2769,39,1,259.68,259.68
8377,2769,55,5,47.97,239.85
8378,2769,6,5,386.9,1934.5
8379,2770,99,5,403.91,2019.55
8380,2770,80,1,135.98,135.98
8381,2770,9,5,93.48,467.4
8382,2771,13,5,260.92,1304.6
8383,2771,69,3,64.44,193.32
8384,2771,98,1,152.13,152.13
8385,2772,5,5,175.97,879.85
8386,2772,12,3,195.25,585.75
8387,2773,72,3,257.72,773.16
8388,2774,7,5,102.83,514.15
8389,2774,97,1,337.32,337.32
8390,2774,99,2,403.91,807.82
8391,2775,98,2,152.13,304.26
8392,2775,35,1,121.6,121.6
8393,2775,90,1,420.61,420.61
8394,2775,74,2,463.46,926.92
8395,2775,52,3,134.43,403.29
8396,2776,58,1,260.13,260.13
8397,2776,3,4,275.8,1103.2
8398,2776,80,5,135.98,679.9
8399,2776,71,1,234.88,234.88
8400,2776,32,1,100.46,100.46
8401,2777,68,1,488.86,488.86
8402,2777,92,3,267.01,801.03
8403,2777,61,5,309.79,1548.95
8404,2777,19,3,59.16,177.48
8405,2777,60,1,317.43,317.43
8406,2778,81,3,69.38,208.14
8407,2778,20,3,411.46,1234.38
8408,2778,61,5,309.79,1548.95
8409,2778,72,4,257.72,1030.88
8410,2778,26,2,20.11,40.22
8411,2779,28,3,299.14,897.42
8412,2780,63,2,380.74,761.48
8413,2780,30,4,193.42,773.68
8414,2780,5,1,175.97,175.97
8415,2780,2,2,13.76,27.52
8416,2781,22,2,271.14,542.28
8417,2781,69,3,64.44,193.32
8418,2781,51,4,290.5,1162
8419,2781,44,4,183.81,735.24
8420,2782,69,2,64.44,128.88
8421,2782,72,2,257.72,515.44
8422,2783,33,1,99.83,99.83
8423,2783,63,2,380.74,761.48
8424,2783,36,4,146.18,584.72
8425,2783,38,2,293.18,586.36
8426,2784,57,3,55.56,166.68
8427,2784,78,4,441.78,1767.12
8428,2784,14,3,40.76,122.28
8429,2785,49,1,168.14,168.14
8430,2785,88,1,322.06,322.06
8431,2785,60,5,317.43,1587.15
8432,2785,95,2,397.59,795.18
8433,2786,91,5,336.75,1683.75
8434,2786,50,3,58.66,175.98
8435,2787,65,4,103.56,414.24
8436,2787,4,3,217.56,652.68
8437,2788,16,4,54.7,218.8
8438,2788,96,3,24.45,73.35
8439,2788,47,4,288.68,1154.72
8440,2788,53,3,105.42,316.26
8441,2788,1,4,263.13,1052.52
8442,2789,9,2,93.48,186.96
8443,2789,61,1,309.79,309.79
8444,2790,86,2,405.91,811.82
8445,2790,32,4,100.46,401.84
8446,2790,58,4,260.13,1040.52
8447,2790,62,2,444.18,888.36
8448,2790,2,2,13.76,27.52
8449,2791,17,4,375.79,1503.16
8450,2791,60,4,317.43,1269.72
8451,2792,42,3,241.8,725.4
8452,2792,4,5,217.56,1087.8
8453,2792,58,1,260.13,260.13
8454,2792,26,3,20.11,60.33
8455,2792,18,2,111.88,223.76
8456,2793,57,5,55.56,277.8
8457,2793,61,5,309.79,1548.95
8458,2794,16,4,54.7,218.8
8459,2794,4,1,217.56,217.56
8460,2794,38,3,293.18,879.54
8461,2795,85,4,65.06,260.24
8462,2795,44,4,183.81,735.24
8463,2795,78,5,441.78,2208.9
8464,2795,81,4,69.38,277.52
8465,2796,9,2,93.48,186.96
8466,2796,55,1,47.97,47.97
8467,2796,30,2,193.42,386.84
8468,2797,94,5,443.5,2217.5
8469,2797,14,4,40.76,163.04
8470,2797,75,3,190.13,570.39
8471,2798,23,1,157.5,157.5
8472,2798,79,1,460.63,460.63
8473,2799,19,4,59.16,236.64
8474,2799,52,2,134.43,268.86
8475,2799,79,2,460.63,921.26
8476,2799,84,4,362.77,1451.08
8477,2800,10,2,360.58,721.16
8478,2800,52,5,134.43,672.15
8479,2800,58,3,260.13,780.39
8480,2800,67,1,319.21,319.21
8481,2801,72,3,257.72,773.16
8482,2801,90,5,420.61,2103.05
8483,2801,51,2,290.5,581
8484,2801,27,4,109.12,436.48
8485,2802,66,4,102.27,409.08
8486,2803,52,2,134.43,268.86
8487,2803,38,4,293.18,1172.72
8488,2803,86,2,405.91,811.82
8489,2804,29,3,118.85,356.55
8490,2804,17,5,375.79,1878.95
8491,2804,92,2,267.01,534.02
8492,2804,47,3,288.68,866.04
8493,2804,85,5,65.06,325.3
8494,2805,26,5,20.11,100.55
8495,2806,79,2,460.63,921.26
8496,2806,45,5,184.89,924.45
8497,2807,47,5,288.68,1443.4
8498,2807,88,1,322.06,322.06
8499,2807,11,2,300.33,600.66
8500,2807,24,1,386.82,386.82
8501,2808,58,1,260.13,260.13
8502,2808,50,5,58.66,293.3
8503,2808,37,2,121.39,242.78
8504,2808,72,3,257.72,773.16
8505,2808,5,2,175.97,351.94
8506,2809,31,2,492.66,985.32
8507,2810,7,3,102.83,308.49
8508,2810,58,2,260.13,520.26
8509,2811,100,3,479.73,1439.19
8510,2811,94,5,443.5,2217.5
8511,2811,96,2,24.45,48.9
8512,2811,68,4,488.86,1955.44
8513,2812,73,3,446.53,1339.59
8514,2812,77,4,493.21,1972.84
8515,2812,4,3,217.56,652.68
8516,2813,34,2,435.95,871.9
8517,2813,68,1,488.86,488.86
8518,2813,19,1,59.16,59.16
8519,2813,76,2,283.55,567.1
8520,2814,12,5,195.25,976.25
8521,2814,12,5,195.25,976.25
8522,2814,24,2,386.82,773.64
8523,2814,15,3,31.65,94.95
8524,2815,70,1,380.26,380.26
8525,2815,32,2,100.46,200.92
8526,2815,39,5,259.68,1298.4
8527,2815,34,4,435.95,1743.8
8528,2815,79,5,460.63,2303.15
8529,2816,92,2,267.01,534.02
8530,2816,68,3,488.86,1466.58
8531,2817,22,2,271.14,542.28
8532,2817,57,4,55.56,222.24
8533,2817,87,5,485.79,2428.95
8534,2817,90,5,420.61,2103.05
8535,2817,2,3,13.76,41.28
8536,2818,15,1,31.65,31.65
8537,2818,62,4,444.18,1776.72
8538,2818,58,2,260.13,520.26
8539,2818,49,5,168.14,840.7
8540,2819,62,2,444.18,888.36
8541,2819,69,5,64.44,322.2
8542,2819,21,5,360.32,1801.6
8543,2820,92,1,267.01,267.01
8544,2821,71,5,234.88,1174.4
8545,2821,73,1,446.53,446.53
8546,2821,59,5,132.49,662.45
8547,2821,27,3,109.12,327.36
8548,2821,74,5,463.46,2317.3
8549,2822,48,4,160.97,643.88
8550,2822,35,2,121.6,243.2
8551,2823,51,1,290.5,290.5
8552,2824,88,2,322.06,644.12
8553,2824,97,4,337.32,1349.28
8554,2825,39,3,259.68,779.04
8555,2825,64,3,404.34,1213.02
8556,2825,2,1,13.76,13.76
8557,2825,29,3,118.85,356.55
8558,2826,24,5,386.82,1934.1
8559,2826,64,3,404.34,1213.02
8560,2826,14,3,40.76,122.28
8561,2827,57,5,55.56,277.8
8562,2827,65,3,103.56,310.68
8563,2828,77,3,493.21,1479.63
8564,2828,34,3,435.95,1307.85
8565,2828,57,5,55.56,277.8
8566,2828,40,2,225.49,450.98
8567,2828,50,2,58.66,117.32
8568,2829,25,2,392.86,785.72
8569,2829,72,3,257.72,773.16
8570,2830,60,5,317.43,1587.15
8571,2830,1,1,263.13,263.13
8572,2830,4,4,217.56,870.24
8573,2830,16,4,54.7,218.8
8574,2830,50,1,58.66,58.66
8575,2831,23,5,157.5,787.5
8576,2832,21,1,360.32,360.32
8577,2832,90,1,420.61,420.61
8578,2832,50,1,58.66,58.66
8579,2832,15,5,31.65,158.25
8580,2832,35,3,121.6,364.8
8581,2833,15,5,31.65,158.25
8582,2833,77,2,493.21,986.42
8583,2833,77,2,493.21,986.42
8584,2833,9,1,93.48,93.48
8585,2833,81,3,69.38,208.14
8586,2834,86,1,405.91,405.91
8587,2834,53,3,105.42,316.26
8588,2834,56,3,208.09,624.27
8589,2834,20,4,411.46,1645.84
8590,2835,22,1,271.14,271.14
8591,2835,90,4,420.61,1682.44
8592,2836,72,5,257.72,1288.6
8593,2836,86,4,405.91,1623.64
8594,2836,21,5,360.32,1801.6
8595,2837,70,2,380.26,760.52
8596,2838,52,2,134.43,268.86
8597,2838,1,3,263.13,789.39
8598,2839,92,2,267.01,534.02
8599,2839,37,1,121.39,121.39
8600,2840,25,2,392.86,785.72
8601,2840,94,5,443.5,2217.5
8602,2840,20,4,411.46,1645.84
8603,2840,93,1,389.08,389.08
8604,2840,44,4,183.81,735.24
8605,2841,65,4,103.56,414.24
8606,2841,77,4,493.21,1972.84
8607,2842,23,1,157.5,157.5
8608,2842,11,2,300.33,600.66
8609,2842,62,3,444.18,1332.54
8610,2842,6,3,386.9,1160.7
8611,2842,60,1,317.43,317.43
8612,2843,20,4,411.46,1645.84
8613,2843,81,2,69.38,138.76
8614,2843,50,2,58.66,117.32
8615,2843,83,5,470.19,2350.95
8616,2844,60,2,317.43,634.86
8617,2844,36,3,146.18,438.54
8618,2844,92,2,267.01,534.02
8619,2845,65,3,103.56,310.68
8620,2845,79,3,460.63,1381.89
8621,2845,42,2,241.8,483.6
8622,2846,66,4,102.27,409.08
8623,2846,66,1,102.27,102.27
8624,2846,6,5,386.9,1934.5
8625,2846,94,4,443.5,1774
8626,2847,56,3,208.09,624.27
8627,2847,39,3,259.68,779.04
8628,2847,66,1,102.27,102.27
8629,2847,91,4,336.75,1347
8630,2847,89,2,133.38,266.76
8631,2848,35,3,121.6,364.8
8632,2848,61,2,309.79,619.58
8633,2848,21,1,360.32,360.32
8634,2848,61,5,309.79,1548.95
8635,2849,83,1,470.19,470.19
8636,2850,19,3,59.16,177.48
8637,2850,56,3,208.09,624.27
8638,2850,32,1,100.46,100.46
8639,2850,93,5,389.08,1945.4
8640,2850,65,2,103.56,207.12
8641,2851,73,3,446.53,1339.59
8642,2851,99,3,403.91,1211.73
8643,2852,41,2,71.84,143.68
8644,2852,14,2,40.76,81.52
8645,2853,90,2,420.61,841.22
8646,2853,75,2,190.13,380.26
8647,2853,60,4,317.43,1269.72
8648,2853,3,5,275.8,1379
8649,2854,1,4,263.13,1052.52
8650,2854,18,1,111.88,111.88
8651,2854,30,3,193.42,580.26
8652,2854,85,2,65.06,130.12
8653,2854,21,1,360.32,360.32
8654,2855,34,2,435.95,871.9
8655,2855,32,3,100.46,301.38
8656,2855,91,2,336.75,673.5
8657,2856,21,4,360.32,1441.28
8658,2856,72,5,257.72,1288.6
8659,2856,31,5,492.66,2463.3
8660,2856,27,2,109.12,218.24
8661,2856,25,2,392.86,785.72
8662,2857,79,2,460.63,921.26
8663,2857,67,5,319.21,1596.05
8664,2857,95,5,397.59,1987.95
8665,2858,3,4,275.8,1103.2
8666,2858,89,5,133.38,666.9
8667,2858,52,3,134.43,403.29
8668,2858,2,5,13.76,68.8
8669,2859,93,3,389.08,1167.24
8670,2859,78,5,441.78,2208.9
8671,2859,28,3,299.14,897.42
8672,2859,23,3,157.5,472.5
8673,2860,68,4,488.86,1955.44
8674,2860,70,4,380.26,1521.04
8675,2861,61,1,309.79,309.79
8676,2861,75,3,190.13,570.39
8677,2861,87,1,485.79,485.79
8678,2862,89,4,133.38,533.52
8679,2862,73,4,446.53,1786.12
8680,2862,82,4,327.17,1308.68
8681,2863,64,2,404.34,808.68
8682,2863,25,4,392.86,1571.44
8683,2863,30,2,193.42,386.84
8684,2863,16,1,54.7,54.7
8685,2864,7,1,102.83,102.83
8686,2864,52,2,134.43,268.86
8687,2864,44,2,183.81,367.62
8688,2864,21,2,360.32,720.64
8689,2864,92,2,267.01,534.02
8690,2865,19,5,59.16,295.8
8691,2865,100,5,479.73,2398.65
8692,2865,42,5,241.8,1209
8693,2866,56,2,208.09,416.18
8694,2867,40,1,225.49,225.49
8695,2867,100,5,479.73,2398.65
8696,2867,93,4,389.08,1556.32
8697,2867,17,5,375.79,1878.95
8698,2868,3,1,275.8,275.8
8699,2868,85,4,65.06,260.24
8700,2868,74,5,463.46,2317.3
8701,2869,6,2,386.9,773.8
8702,2870,17,4,375.79,1503.16
8703,2871,49,5,168.14,840.7
8704,2871,73,3,446.53,1339.59
8705,2871,26,3,20.11,60.33
8706,2871,18,5,111.88,559.4
8707,2871,76,5,283.55,1417.75
8708,2872,41,3,71.84,215.52
8709,2872,4,1,217.56,217.56
8710,2872,20,5,411.46,2057.3
8711,2872,29,5,118.85,594.25
8712,2873,36,1,146.18,146.18
8713,2873,1,4,263.13,1052.52
8714,2874,76,4,283.55,1134.2
8715,2874,8,1,297.2,297.2
8716,2874,74,5,463.46,2317.3
8717,2875,86,5,405.91,2029.55
8718,2876,13,4,260.92,1043.68
8719,2877,49,3,168.14,504.42
8720,2877,95,2,397.59,795.18
8721,2878,24,3,386.82,1160.46
8722,2878,88,3,322.06,966.18
8723,2878,1,4,263.13,1052.52
8724,2878,41,2,71.84,143.68
8725,2879,68,1,488.86,488.86
8726,2880,57,1,55.56,55.56
8727,2880,92,2,267.01,534.02
8728,2880,68,4,488.86,1955.44
8729,2880,8,1,297.2,297.2
8730,2881,19,3,59.16,177.48
8731,2881,87,2,485.79,971.58
8732,2881,68,3,488.86,1466.58
8733,2882,72,5,257.72,1288.6
8734,2883,4,2,217.56,435.12
8735,2883,49,2,168.14,336.28
8736,2883,21,4,360.32,1441.28
8737,2883,74,4,463.46,1853.84
8738,2883,26,2,20.11,40.22
8739,2884,69,3,64.44,193.32
8740,2884,87,3,485.79,1457.37
8741,2884,98,2,152.13,304.26
8742,2884,1,4,263.13,1052.52
8743,2885,18,3,111.88,335.64
8744,2885,91,2,336.75,673.5
8745,2885,90,4,420.61,1682.44
8746,2885,73,5,446.53,2232.65
8747,2886,14,2,40.76,81.52
8748,2886,72,3,257.72,773.16
8749,2887,8,5,297.2,1486
8750,2887,10,1,360.58,360.58
8751,2888,100,4,479.73,1918.92
8752,2888,84,2,362.77,725.54
8753,2888,76,4,283.55,1134.2
8754,2888,58,1,260.13,260.13
8755,2889,77,3,493.21,1479.63
8756,2889,17,2,375.79,751.58
8757,2889,91,4,336.75,1347
8758,2889,84,4,362.77,1451.08
8759,2889,65,3,103.56,310.68
8760,2890,51,5,290.5,1452.5
8761,2890,61,3,309.79,929.37
8762,2890,90,5,420.61,2103.05
8763,2890,66,3,102.27,306.81
8764,2891,94,3,443.5,1330.5
8765,2891,25,1,392.86,392.86
8766,2891,69,3,64.44,193.32
8767,2892,79,5,460.63,2303.15
8768,2892,17,1,375.79,375.79
8769,2892,63,5,380.74,1903.7
8770,2892,87,1,485.79,485.79
8771,2893,42,5,241.8,1209
8772,2893,52,2,134.43,268.86
8773,2894,35,1,121.6,121.6
8774,2894,10,3,360.58,1081.74
8775,2895,38,1,293.18,293.18
8776,2895,31,1,492.66,492.66
8777,2895,32,1,100.46,100.46
8778,2895,56,3,208.09,624.27
8779,2895,88,1,322.06,322.06
8780,2896,26,3,20.11,60.33
8781,2896,6,3,386.9,1160.7
8782,2896,97,4,337.32,1349.28
8783,2896,52,4,134.43,537.72
8784,2896,65,2,103.56,207.12
8785,2897,82,1,327.17,327.17
8786,2897,52,1,134.43,134.43
8787,2897,27,4,109.12,436.48
8788,2897,83,1,470.19,470.19
8789,2897,22,1,271.14,271.14
8790,2898,13,5,260.92,1304.6
8791,2898,22,4,271.14,1084.56
8792,2898,36,2,146.18,292.36
8793,2899,18,4,111.88,447.52
8794,2900,54,5,345.07,1725.35
8795,2900,59,2,132.49,264.98
8796,2901,72,5,257.72,1288.6
8797,2901,58,5,260.13,1300.65
8798,2901,47,3,288.68,866.04
8799,2902,91,1,336.75,336.75
8800,2902,87,2,485.79,971.58
8801,2902,20,1,411.46,411.46
8802,2902,37,3,121.39,364.17
8803,2902,74,4,463.46,1853.84
8804,2903,52,4,134.43,537.72
8805,2903,30,4,193.42,773.68
8806,2903,25,5,392.86,1964.3
8807,2904,12,5,195.25,976.25
8808,2904,80,1,135.98,135.98
8809,2904,59,4,132.49,529.96
8810,2904,35,2,121.6,243.2
8811,2905,73,1,446.53,446.53
8812,2906,87,1,485.79,485.79
8813,2907,30,2,193.42,386.84
8814,2907,28,2,299.14,598.28
8815,2907,32,5,100.46,502.3
8816,2907,52,5,134.43,672.15
8817,2908,93,3,389.08,1167.24
8818,2908,7,2,102.83,205.66
8819,2908,45,1,184.89,184.89
8820,2909,100,4,479.73,1918.92
8821,2909,36,4,146.18,584.72
8822,2910,63,4,380.74,1522.96
8823,2910,72,2,257.72,515.44
8824,2910,47,3,288.68,866.04
8825,2910,35,1,121.6,121.6
8826,2910,22,4,271.14,1084.56
8827,2911,9,4,93.48,373.92
8828,2911,88,2,322.06,644.12
8829,2911,86,5,405.91,2029.55
8830,2911,17,4,375.79,1503.16
8831,2912,5,5,175.97,879.85
8832,2913,34,2,435.95,871.9
8833,2913,30,5,193.42,967.1
8834,2914,78,3,441.78,1325.34
8835,2914,19,1,59.16,59.16
8836,2914,11,5,300.33,1501.65
8837,2915,78,1,441.78,441.78
8838,2916,35,2,121.6,243.2
8839,2916,9,4,93.48,373.92
8840,2916,34,1,435.95,435.95
8841,2916,92,5,267.01,1335.05
8842,2916,87,4,485.79,1943.16
8843,2917,52,4,134.43,537.72
8844,2917,77,2,493.21,986.42
8845,2917,35,5,121.6,608
8846,2917,72,2,257.72,515.44
8847,2917,56,4,208.09,832.36
8848,2918,3,4,275.8,1103.2
8849,2918,96,3,24.45,73.35
8850,2919,53,5,105.42,527.1
8851,2919,64,5,404.34,2021.7
8852,2919,15,1,31.65,31.65
8853,2920,33,3,99.83,299.49
8854,2921,27,4,109.12,436.48
8855,2921,67,1,319.21,319.21
8856,2921,53,1,105.42,105.42
8857,2921,37,4,121.39,485.56
8858,2922,66,4,102.27,409.08
8859,2922,48,4,160.97,643.88
8860,2922,80,5,135.98,679.9
8861,2923,72,5,257.72,1288.6
8862,2923,59,2,132.49,264.98
8863,2923,25,3,392.86,1178.58
8864,2924,23,5,157.5,787.5
8865,2925,27,2,109.12,218.24
8866,2925,83,1,470.19,470.19
8867,2925,44,3,183.81,551.43
8868,2926,55,5,47.97,239.85
8869,2926,28,4,299.14,1196.56
8870,2926,1,1,263.13,263.13
8871,2927,44,5,183.81,919.05
8872,2927,41,4,71.84,287.36
8873,2928,8,3,297.2,891.6
8874,2928,56,3,208.09,624.27
8875,2929,23,3,157.5,472.5
8876,2929,25,4,392.86,1571.44
8877,2930,41,3,71.84,215.52
8878,2930,93,2,389.08,778.16
8879,2931,86,3,405.91,1217.73
8880,2931,9,1,93.48,93.48
8881,2931,89,1,133.38,133.38
8882,2931,36,4,146.18,584.72
8883,2932,38,5,293.18,1465.9
8884,2932,64,5,404.34,2021.7
8885,2932,90,2,420.61,841.22
8886,2933,41,5,71.84,359.2
8887,2933,70,4,380.26,1521.04
8888,2934,4,1,217.56,217.56
8889,2934,2,2,13.76,27.52
8890,2934,93,3,389.08,1167.24
8891,2934,94,5,443.5,2217.5
8892,2935,61,3,309.79,929.37
8893,2935,90,5,420.61,2103.05
8894,2936,37,3,121.39,364.17
8895,2936,83,3,470.19,1410.57
8896,2936,99,5,403.91,2019.55
8897,2937,16,2,54.7,109.4
8898,2938,13,3,260.92,782.76
8899,2938,14,1,40.76,40.76
8900,2938,41,3,71.84,215.52
8901,2938,81,1,69.38,69.38
8902,2938,4,4,217.56,870.24
8903,2939,87,2,485.79,971.58
8904,2940,6,1,386.9,386.9
8905,2940,86,1,405.91,405.91
8906,2940,100,3,479.73,1439.19
8907,2940,92,2,267.01,534.02
8908,2940,18,1,111.88,111.88
8909,2941,73,2,446.53,893.06
8910,2941,22,5,271.14,1355.7
8911,2941,6,5,386.9,1934.5
8912,2942,3,2,275.8,551.6
8913,2942,48,3,160.97,482.91
8914,2942,5,5,175.97,879.85
8915,2942,65,2,103.56,207.12
8916,2943,71,3,234.88,704.64
8917,2943,80,3,135.98,407.94
8918,2943,72,1,257.72,257.72
8919,2943,95,4,397.59,1590.36
8920,2943,37,1,121.39,121.39
8921,2944,36,5,146.18,730.9
8922,2944,20,4,411.46,1645.84
8923,2944,56,4,208.09,832.36
8924,2944,51,4,290.5,1162
8925,2945,100,5,479.73,2398.65
8926,2945,56,4,208.09,832.36
8927,2945,86,1,405.91,405.91
8928,2945,99,2,403.91,807.82
8929,2945,87,2,485.79,971.58
8930,2946,30,3,193.42,580.26
8931,2946,81,1,69.38,69.38
8932,2947,13,4,260.92,1043.68
8933,2947,16,5,54.7,273.5
8934,2948,45,2,184.89,369.78
8935,2948,54,5,345.07,1725.35
8936,2949,28,4,299.14,1196.56
8937,2949,70,3,380.26,1140.78
8938,2949,38,2,293.18,586.36
8939,2949,36,5,146.18,730.9
8940,2950,92,2,267.01,534.02
8941,2950,65,2,103.56,207.12
8942,2950,50,3,58.66,175.98
8943,2950,42,1,241.8,241.8
8944,2951,94,3,443.5,1330.5
8945,2951,82,5,327.17,1635.85
8946,2952,83,5,470.19,2350.95
8947,2952,75,3,190.13,570.39
8948,2953,18,4,111.88,447.52
8949,2953,54,1,345.07,345.07
8950,2953,54,4,345.07,1380.28
8951,2953,53,3,105.42,316.26
8952,2954,60,5,317.43,1587.15
8953,2954,46,5,455.87,2279.35
8954,2954,1,2,263.13,526.26
8955,2955,92,2,267.01,534.02
8956,2955,89,5,133.38,666.9
8957,2955,65,5,103.56,517.8
8958,2955,98,3,152.13,456.39
8959,2956,41,2,71.84,143.68
8960,2957,88,5,322.06,1610.3
8961,2957,25,3,392.86,1178.58
8962,2958,58,2,260.13,520.26
8963,2959,40,4,225.49,901.96
8964,2959,43,5,365.01,1825.05
8965,2959,29,3,118.85,356.55
8966,2960,86,2,405.91,811.82
8967,2960,85,2,65.06,130.12
8968,2960,94,1,443.5,443.5
8969,2961,76,2,283.55,567.1
8970,2962,79,4,460.63,1842.52
8971,2962,90,1,420.61,420.61
8972,2963,99,4,403.91,1615.64
8973,2963,53,5,105.42,527.1
8974,2964,26,1,20.11,20.11
8975,2964,2,5,13.76,68.8
8976,2965,60,5,317.43,1587.15
8977,2965,39,5,259.68,1298.4
8978,2965,30,4,193.42,773.68
8979,2965,90,4,420.61,1682.44
8980,2966,27,4,109.12,436.48
8981,2967,3,3,275.8,827.4
8982,2968,9,2,93.48,186.96
8983,2968,51,3,290.5,871.5
8984,2968,9,5,93.48,467.4
8985,2968,93,4,389.08,1556.32
8986,2968,66,1,102.27,102.27
8987,2969,54,4,345.07,1380.28
8988,2970,89,3,133.38,400.14
8989,2970,65,5,103.56,517.8
8990,2970,78,2,441.78,883.56
8991,2970,79,4,460.63,1842.52
8992,2970,12,3,195.25,585.75
8993,2971,19,3,59.16,177.48
8994,2971,37,4,121.39,485.56
8995,2971,55,4,47.97,191.88
8996,2972,9,1,93.48,93.48
8997,2972,89,1,133.38,133.38
8998,2973,3,2,275.8,551.6
8999,2974,99,4,403.91,1615.64
9000,2974,7,5,102.83,514.15
9001,2975,10,5,360.58,1802.9
9002,2975,66,4,102.27,409.08
9003,2976,5,4,175.97,703.88
9004,2976,64,4,404.34,1617.36
9005,2977,74,1,463.46,463.46
9006,2977,28,3,299.14,897.42
9007,2977,51,5,290.5,1452.5
9008,2977,28,2,299.14,598.28
9009,2978,82,2,327.17,654.34
9010,2978,32,5,100.46,502.3
9011,2978,46,1,455.87,455.87
9012,2979,60,4,317.43,1269.72
9013,2979,97,1,337.32,337.32
9014,2979,25,5,392.86,1964.3
9015,2979,67,3,319.21,957.63
9016,2980,86,3,405.91,1217.73
9017,2980,26,4,20.11,80.44
9018,2980,62,5,444.18,2220.9
9019,2980,68,3,488.86,1466.58
9020,2980,73,2,446.53,893.06
9021,2981,86,4,405.91,1623.64
9022,2981,31,1,492.66,492.66
9023,2981,92,1,267.01,267.01
9024,2982,78,2,441.78,883.56
9025,2983,29,5,118.85,594.25
9026,2983,43,4,365.01,1460.04
9027,2983,73,3,446.53,1339.59
9028,2983,4,1,217.56,217.56
9029,2984,80,1,135.98,135.98
9030,2984,20,2,411.46,822.92
9031,2984,46,4,455.87,1823.48
9032,2984,100,4,479.73,1918.92
9033,2984,40,2,225.49,450.98
9034,2985,98,4,152.13,608.52
9035,2986,34,3,435.95,1307.85
9036,2986,65,1,103.56,103.56
9037,2986,71,1,234.88,234.88
9038,2986,39,1,259.68,259.68
9039,2986,73,1,446.53,446.53
9040,2987,15,2,31.65,63.3
9041,2987,70,4,380.26,1521.04
9042,2987,80,2,135.98,271.96
9043,2987,56,4,208.09,832.36
9044,2988,99,4,403.91,1615.64
9045,2989,26,4,20.11,80.44
9046,2989,64,2,404.34,808.68
9047,2989,12,5,195.25,976.25
9048,2989,93,5,389.08,1945.4
9049,2990,2,2,13.76,27.52
9050,2990,22,2,271.14,542.28
9051,2990,68,2,488.86,977.72
9052,2990,7,1,102.83,102.83
9053,2991,17,5,375.79,1878.95
9054,2992,82,3,327.17,981.51
9055,2992,56,4,208.09,832.36
9056,2993,87,5,485.79,2428.95
9057,2993,87,1,485.79,485.79
9058,2993,81,2,69.38,138.76
9059,2994,58,5,260.13,1300.65
9060,2994,55,2,47.97,95.94
9061,2994,61,1,309.79,309.79
9062,2994,87,5,485.79,2428.95
9063,2994,85,2,65.06,130.12
9064,2995,61,5,309.79,1548.95
9065,2996,17,5,375.79,1878.95
9066,2996,25,4,392.86,1571.44
9067,2996,56,5,208.09,1040.45
9068,2996,12,3,195.25,585.75
9069,2996,6,4,386.9,1547.6
9070,2997,54,2,345.07,690.14
9071,2997,63,2,380.74,761.48
9072,2997,97,4,337.32,1349.28
9073,2998,41,1,71.84,71.84
9074,2999,100,3,479.73,1439.19
9075,2999,42,5,241.8,1209
9076,2999,80,3,135.98,407.94
9077,3000,69,5,64.44,322.2
9078,3000,59,2,132.49,264.98
9079,3001,74,2,463.46,926.92
9080,3002,69,4,64.44,257.76
9081,3002,59,1,132.49,132.49
9082,3002,28,1,299.14,299.14
9083,3002,46,2,455.87,911.74
9084,3002,100,2,479.73,959.46
9085,3003,61,5,309.79,1548.95
9086,3003,20,2,411.46,822.92
9087,3003,71,3,234.88,704.64
9088,3004,18,3,111.88,335.64
9089,3004,11,5,300.33,1501.65
9090,3004,78,2,441.78,883.56
9091,3005,92,3,267.01,801.03
9092,3005,90,4,420.61,1682.44
9093,3006,60,3,317.43,952.29
9094,3006,72,3,257.72,773.16
9095,3006,2,1,13.76,13.76
9096,3006,72,3,257.72,773.16
9097,3007,2,3,13.76,41.28
9098,3008,62,5,444.18,2220.9
9099,3008,28,3,299.14,897.42
9100,3008,2,5,13.76,68.8
9101,3008,21,3,360.32,1080.96
9102,3008,98,2,152.13,304.26
9103,3009,42,4,241.8,967.2
9104,3009,69,3,64.44,193.32
9105,3009,16,3,54.7,164.1
9106,3009,4,5,217.56,1087.8
9107,3009,49,2,168.14,336.28
9108,3010,24,5,386.82,1934.1
9109,3011,46,5,455.87,2279.35
9110,3012,40,5,225.49,1127.45
9111,3012,83,5,470.19,2350.95
9112,3012,65,4,103.56,414.24
9113,3012,91,2,336.75,673.5
9114,3013,79,2,460.63,921.26
9115,3013,85,5,65.06,325.3
9116,3013,30,3,193.42,580.26
9117,3013,76,3,283.55,850.65
9118,3014,81,5,69.38,346.9
9119,3014,1,5,263.13,1315.65
9120,3014,49,4,168.14,672.56
9121,3014,88,1,322.06,322.06
9122,3014,3,3,275.8,827.4
9123,3015,57,1,55.56,55.56
9124,3015,12,1,195.25,195.25
9125,3016,89,1,133.38,133.38
9126,3017,98,1,152.13,152.13
9127,3017,12,3,195.25,585.75
9128,3017,50,3,58.66,175.98
9129,3018,90,2,420.61,841.22
9130,3019,88,2,322.06,644.12
9131,3019,77,5,493.21,2466.05
9132,3019,82,1,327.17,327.17
9133,3020,64,5,404.34,2021.7
9134,3020,91,1,336.75,336.75
9135,3020,57,1,55.56,55.56
9136,3020,91,2,336.75,673.5
9137,3020,6,5,386.9,1934.5
9138,3021,61,3,309.79,929.37
9139,3021,5,1,175.97,175.97
9140,3022,9,5,93.48,467.4
9141,3022,42,4,241.8,967.2
9142,3023,11,5,300.33,1501.65
9143,3023,24,4,386.82,1547.28
9144,3023,20,1,411.46,411.46
9145,3023,53,5,105.42,527.1
9146,3023,46,1,455.87,455.87
9147,3024,53,1,105.42,105.42
9148,3024,8,2,297.2,594.4
9149,3024,94,4,443.5,1774
9150,3024,3,5,275.8,1379
9151,3024,54,5,345.07,1725.35
9152,3025,94,5,443.5,2217.5
9153,3025,80,4,135.98,543.92
9154,3025,45,5,184.89,924.45
9155,3026,48,2,160.97,321.94
9156,3026,94,5,443.5,2217.5
9157,3026,64,3,404.34,1213.02
9158,3027,15,4,31.65,126.6
9159,3027,72,4,257.72,1030.88
9160,3027,51,5,290.5,1452.5
9161,3027,93,5,389.08,1945.4
9162,3028,78,5,441.78,2208.9
9163,3028,18,1,111.88,111.88
9164,3029,30,3,193.42,580.26
9165,3029,9,4,93.48,373.92
9166,3029,87,3,485.79,1457.37
9167,3030,100,3,479.73,1439.19
9168,3031,96,2,24.45,48.9
9169,3032,95,1,397.59,397.59
9170,3032,66,5,102.27,511.35
9171,3032,29,5,118.85,594.25
9172,3033,50,5,58.66,293.3
9173,3034,97,5,337.32,1686.6
9174,3034,22,2,271.14,542.28
9175,3034,97,4,337.32,1349.28
9176,3035,4,1,217.56,217.56
9177,3036,70,5,380.26,1901.3
9178,3036,93,4,389.08,1556.32
9179,3037,14,3,40.76,122.28
9180,3037,81,1,69.38,69.38
9181,3038,17,3,375.79,1127.37
9182,3039,73,4,446.53,1786.12
9183,3039,53,2,105.42,210.84
9184,3039,12,1,195.25,195.25
9185,3039,27,4,109.12,436.48
9186,3040,30,1,193.42,193.42
9187,3040,77,1,493.21,493.21
9188,3040,38,4,293.18,1172.72
9189,3040,8,5,297.2,1486
9190,3040,92,2,267.01,534.02
9191,3041,64,4,404.34,1617.36
9192,3041,2,1,13.76,13.76
9193,3041,22,1,271.14,271.14
9194,3041,33,4,99.83,399.32
9195,3041,90,2,420.61,841.22
9196,3042,6,4,386.9,1547.6
9197,3042,50,2,58.66,117.32
9198,3042,46,3,455.87,1367.61
9199,3042,89,1,133.38,133.38
9200,3043,15,1,31.65,31.65
9201,3043,30,3,193.42,580.26
9202,3043,40,3,225.49,676.47
9203,3043,80,1,135.98,135.98
9204,3044,27,3,109.12,327.36
9205,3044,71,4,234.88,939.52
9206,3044,70,4,380.26,1521.04
9207,3045,15,4,31.65,126.6
9208,3045,1,3,263.13,789.39
9209,3045,23,2,157.5,315
9210,3046,86,4,405.91,1623.64
9211,3046,49,1,168.14,168.14
9212,3046,60,2,317.43,634.86
9213,3047,35,2,121.6,243.2
9214,3048,42,4,241.8,967.2
9215,3048,93,1,389.08,389.08
9216,3048,27,2,109.12,218.24
9217,3049,96,4,24.45,97.8
9218,3049,100,3,479.73,1439.19
9219,3049,23,4,157.5,630
9220,3050,48,3,160.97,482.91
9221,3050,23,4,157.5,630
9222,3051,94,1,443.5,443.5
9223,3051,79,3,460.63,1381.89
9224,3051,11,1,300.33,300.33
9225,3051,79,3,460.63,1381.89
9226,3052,82,1,327.17,327.17
9227,3052,28,1,299.14,299.14
9228,3053,16,1,54.7,54.7
9229,3053,57,1,55.56,55.56
9230,3054,42,1,241.8,241.8
9231,3054,8,5,297.2,1486
9232,3054,7,5,102.83,514.15
9233,3055,70,3,380.26,1140.78
9234,3055,84,1,362.77,362.77
9235,3055,51,4,290.5,1162
9236,3055,6,1,386.9,386.9
9237,3056,33,2,99.83,199.66
9238,3056,22,2,271.14,542.28
9239,3056,66,4,102.27,409.08
9240,3057,26,2,20.11,40.22
9241,3057,47,2,288.68,577.36
9242,3057,3,4,275.8,1103.2
9243,3057,20,5,411.46,2057.3
9244,3057,21,5,360.32,1801.6
9245,3058,96,2,24.45,48.9
9246,3058,68,1,488.86,488.86
9247,3058,73,4,446.53,1786.12
9248,3059,51,3,290.5,871.5
9249,3059,55,2,47.97,95.94
9250,3059,24,1,386.82,386.82
9251,3059,63,4,380.74,1522.96
9252,3060,1,3,263.13,789.39
9253,3060,51,1,290.5,290.5
9254,3061,67,3,319.21,957.63
9255,3061,95,5,397.59,1987.95
9256,3061,2,1,13.76,13.76
9257,3062,62,3,444.18,1332.54
9258,3062,37,4,121.39,485.56
9259,3063,99,5,403.91,2019.55
9260,3064,62,4,444.18,1776.72
9261,3064,13,4,260.92,1043.68
9262,3065,23,3,157.5,472.5
9263,3065,37,2,121.39,242.78
9264,3066,32,4,100.46,401.84
9265,3066,61,1,309.79,309.79
9266,3066,37,2,121.39,242.78
9267,3066,86,2,405.91,811.82
9268,3067,84,5,362.77,1813.85
9269,3067,31,1,492.66,492.66
9270,3067,65,2,103.56,207.12
9271,3067,53,1,105.42,105.42
9272,3068,20,4,411.46,1645.84
9273,3068,46,3,455.87,1367.61
9274,3068,40,5,225.49,1127.45
9275,3069,84,4,362.77,1451.08
9276,3069,45,4,184.89,739.56
9277,3069,76,2,283.55,567.1
9278,3069,61,1,309.79,309.79
9279,3069,9,3,93.48,280.44
9280,3070,87,4,485.79,1943.16
9281,3070,75,3,190.13,570.39
9282,3070,85,2,65.06,130.12
9283,3070,98,1,152.13,152.13
9284,3071,57,2,55.56,111.12
9285,3072,32,1,100.46,100.46
9286,3072,98,4,152.13,608.52
9287,3072,67,5,319.21,1596.05
9288,3072,8,1,297.2,297.2
9289,3072,44,1,183.81,183.81
9290,3073,32,2,100.46,200.92
9291,3074,13,4,260.92,1043.68
9292,3074,42,3,241.8,725.4
9293,3075,17,4,375.79,1503.16
9294,3076,39,4,259.68,1038.72
9295,3076,17,2,375.79,751.58
9296,3076,27,3,109.12,327.36
9297,3077,19,5,59.16,295.8
9298,3077,61,2,309.79,619.58
9299,3078,8,1,297.2,297.2
9300,3078,32,2,100.46,200.92
9301,3078,92,1,267.01,267.01
9302,3079,54,1,345.07,345.07
9303,3079,70,3,380.26,1140.78
9304,3079,11,1,300.33,300.33
9305,3080,54,1,345.07,345.07
9306,3080,22,1,271.14,271.14
9307,3080,99,4,403.91,1615.64
9308,3081,52,3,134.43,403.29
9309,3081,28,3,299.14,897.42
9310,3081,48,2,160.97,321.94
9311,3082,41,1,71.84,71.84
9312,3083,96,4,24.45,97.8
9313,3083,58,4,260.13,1040.52
9314,3084,86,1,405.91,405.91
9315,3084,77,2,493.21,986.42
9316,3085,77,5,493.21,2466.05
9317,3085,19,3,59.16,177.48
9318,3085,95,5,397.59,1987.95
9319,3085,59,2,132.49,264.98
9320,3086,86,4,405.91,1623.64
9321,3086,44,4,183.81,735.24
9322,3086,72,5,257.72,1288.6
9323,3086,74,1,463.46,463.46
9324,3087,20,4,411.46,1645.84
9325,3087,25,5,392.86,1964.3
9326,3088,21,3,360.32,1080.96
9327,3088,2,2,13.76,27.52
9328,3088,59,2,132.49,264.98
9329,3089,5,1,175.97,175.97
9330,3089,37,2,121.39,242.78
9331,3090,44,5,183.81,919.05
9332,3090,4,4,217.56,870.24
9333,3090,25,4,392.86,1571.44
9334,3091,61,3,309.79,929.37
9335,3091,60,1,317.43,317.43
9336,3091,42,4,241.8,967.2
9337,3092,88,3,322.06,966.18
9338,3093,28,4,299.14,1196.56
9339,3093,81,3,69.38,208.14
9340,3094,7,3,102.83,308.49
9341,3094,57,2,55.56,111.12
9342,3094,53,4,105.42,421.68
9343,3094,58,2,260.13,520.26
9344,3095,95,2,397.59,795.18
9345,3095,19,2,59.16,118.32
9346,3095,79,5,460.63,2303.15
9347,3095,37,4,121.39,485.56
9348,3095,74,5,463.46,2317.3
9349,3096,76,4,283.55,1134.2
9350,3097,46,4,455.87,1823.48
9351,3097,10,3,360.58,1081.74
9352,3097,19,1,59.16,59.16
9353,3098,82,2,327.17,654.34
9354,3098,55,3,47.97,143.91
9355,3098,77,3,493.21,1479.63
9356,3099,64,4,404.34,1617.36
9357,3099,32,2,100.46,200.92
9358,3099,84,5,362.77,1813.85
9359,3099,57,1,55.56,55.56
9360,3100,43,1,365.01,365.01
9361,3100,71,1,234.88,234.88
9362,3100,8,3,297.2,891.6
9363,3100,80,5,135.98,679.9
9364,3100,8,2,297.2,594.4
9365,3101,98,5,152.13,760.65
9366,3101,6,1,386.9,386.9
9367,3101,100,5,479.73,2398.65
9368,3101,19,5,59.16,295.8
9369,3101,99,4,403.91,1615.64
9370,3102,94,5,443.5,2217.5
9371,3102,98,2,152.13,304.26
9372,3103,78,3,441.78,1325.34
9373,3103,65,5,103.56,517.8
9374,3103,28,3,299.14,897.42
9375,3103,88,5,322.06,1610.3
9376,3104,6,2,386.9,773.8
9377,3104,25,3,392.86,1178.58
9378,3105,64,1,404.34,404.34
9379,3105,14,3,40.76,122.28
9380,3105,38,2,293.18,586.36
9381,3105,50,1,58.66,58.66
9382,3106,31,3,492.66,1477.98
9383,3106,61,1,309.79,309.79
9384,3106,45,5,184.89,924.45
9385,3107,83,1,470.19,470.19
9386,3107,71,3,234.88,704.64
9387,3108,63,5,380.74,1903.7
9388,3108,2,4,13.76,55.04
9389,3108,40,1,225.49,225.49
9390,3108,22,4,271.14,1084.56
9391,3109,46,4,455.87,1823.48
9392,3109,50,3,58.66,175.98
9393,3110,43,5,365.01,1825.05
9394,3111,54,5,345.07,1725.35
9395,3111,64,5,404.34,2021.7
9396,3112,25,2,392.86,785.72
9397,3112,91,4,336.75,1347
9398,3112,31,5,492.66,2463.3
9399,3112,28,1,299.14,299.14
9400,3113,14,1,40.76,40.76
9401,3114,24,3,386.82,1160.46
9402,3114,72,1,257.72,257.72
9403,3114,92,3,267.01,801.03
9404,3114,49,4,168.14,672.56
9405,3114,39,1,259.68,259.68
9406,3115,76,5,283.55,1417.75
9407,3115,95,3,397.59,1192.77
9408,3115,6,3,386.9,1160.7
9409,3116,24,5,386.82,1934.1
9410,3116,69,1,64.44,64.44
9411,3116,53,2,105.42,210.84
9412,3116,37,2,121.39,242.78
9413,3116,48,3,160.97,482.91
9414,3117,51,3,290.5,871.5
9415,3117,99,2,403.91,807.82
9416,3117,77,4,493.21,1972.84
9417,3117,73,2,446.53,893.06
9418,3117,95,4,397.59,1590.36
9419,3118,14,5,40.76,203.8
9420,3118,60,4,317.43,1269.72
9421,3118,28,1,299.14,299.14
9422,3119,92,4,267.01,1068.04
9423,3119,30,5,193.42,967.1
9424,3119,60,5,317.43,1587.15
9425,3119,46,5,455.87,2279.35
9426,3120,25,5,392.86,1964.3
9427,3120,19,4,59.16,236.64
9428,3120,41,1,71.84,71.84
9429,3120,69,3,64.44,193.32
9430,3120,13,1,260.92,260.92
9431,3121,59,1,132.49,132.49
9432,3121,13,4,260.92,1043.68
9433,3121,90,3,420.61,1261.83
9434,3121,79,4,460.63,1842.52
9435,3122,60,1,317.43,317.43
9436,3122,77,5,493.21,2466.05
9437,3122,23,5,157.5,787.5
9438,3123,66,3,102.27,306.81
9439,3123,64,2,404.34,808.68
9440,3123,6,1,386.9,386.9
9441,3123,62,2,444.18,888.36
9442,3123,11,4,300.33,1201.32
9443,3124,28,2,299.14,598.28
9444,3124,68,4,488.86,1955.44
9445,3124,95,4,397.59,1590.36
9446,3125,23,2,157.5,315
9447,3126,64,1,404.34,404.34
9448,3126,28,4,299.14,1196.56
9449,3126,18,2,111.88,223.76
9450,3127,79,1,460.63,460.63
9451,3127,52,3,134.43,403.29
9452,3127,78,5,441.78,2208.9
9453,3128,9,2,93.48,186.96
9454,3128,54,4,345.07,1380.28
9455,3128,61,3,309.79,929.37
9456,3129,15,3,31.65,94.95
9457,3129,63,2,380.74,761.48
9458,3129,64,1,404.34,404.34
9459,3129,27,5,109.12,545.6
9460,3129,14,1,40.76,40.76
9461,3130,72,4,257.72,1030.88
9462,3130,40,3,225.49,676.47
9463,3131,91,5,336.75,1683.75
9464,3132,97,2,337.32,674.64
9465,3132,63,1,380.74,380.74
9466,3132,27,2,109.12,218.24
9467,3133,92,2,267.01,534.02
9468,3133,57,2,55.56,111.12
9469,3134,84,5,362.77,1813.85
9470,3135,42,2,241.8,483.6
9471,3136,65,2,103.56,207.12
9472,3136,45,4,184.89,739.56
9473,3136,58,3,260.13,780.39
9474,3136,81,1,69.38,69.38
9475,3137,35,2,121.6,243.2
9476,3137,90,3,420.61,1261.83
9477,3137,12,1,195.25,195.25
9478,3137,77,1,493.21,493.21
9479,3138,97,4,337.32,1349.28
9480,3139,12,3,195.25,585.75
9481,3139,5,1,175.97,175.97
9482,3140,50,3,58.66,175.98
9483,3140,8,2,297.2,594.4
9484,3140,9,2,93.48,186.96
9485,3140,60,3,317.43,952.29
9486,3140,92,1,267.01,267.01
9487,3141,22,2,271.14,542.28
9488,3141,22,5,271.14,1355.7
9489,3142,83,1,470.19,470.19
9490,3142,48,1,160.97,160.97
9491,3142,76,5,283.55,1417.75
9492,3142,19,5,59.16,295.8
9493,3142,15,3,31.65,94.95
9494,3143,24,5,386.82,1934.1
9495,3143,68,3,488.86,1466.58
9496,3143,36,4,146.18,584.72
9497,3143,7,2,102.83,205.66
9498,3144,31,1,492.66,492.66
9499,3145,65,3,103.56,310.68
9500,3146,97,1,337.32,337.32
9501,3146,85,3,65.06,195.18
9502,3146,31,1,492.66,492.66
9503,3146,94,4,443.5,1774
9504,3146,48,3,160.97,482.91
9505,3147,36,1,146.18,146.18
9506,3148,59,4,132.49,529.96
9507,3149,65,2,103.56,207.12
9508,3149,74,4,463.46,1853.84
9509,3149,48,1,160.97,160.97
9510,3150,56,5,208.09,1040.45
9511,3150,92,4,267.01,1068.04
9512,3150,58,5,260.13,1300.65
9513,3150,32,4,100.46,401.84
9514,3151,2,3,13.76,41.28
9515,3151,43,5,365.01,1825.05
9516,3151,27,5,109.12,545.6
9517,3151,85,3,65.06,195.18
9518,3151,99,4,403.91,1615.64
9519,3152,52,2,134.43,268.86
9520,3153,77,1,493.21,493.21
9521,3153,73,3,446.53,1339.59
9522,3153,46,5,455.87,2279.35
9523,3153,85,5,65.06,325.3
9524,3153,89,2,133.38,266.76
9525,3154,27,5,109.12,545.6
9526,3155,31,5,492.66,2463.3
9527,3155,30,4,193.42,773.68
9528,3155,52,5,134.43,672.15
9529,3156,1,1,263.13,263.13
9530,3157,51,1,290.5,290.5
9531,3157,97,1,337.32,337.32
9532,3157,61,5,309.79,1548.95
9533,3157,37,2,121.39,242.78
9534,3158,52,2,134.43,268.86
9535,3158,37,2,121.39,242.78
9536,3158,71,4,234.88,939.52
9537,3158,11,2,300.33,600.66
9538,3158,18,1,111.88,111.88
9539,3159,42,5,241.8,1209
9540,3159,78,3,441.78,1325.34
9541,3159,51,2,290.5,581
9542,3159,96,5,24.45,122.25
9543,3160,10,1,360.58,360.58
9544,3160,100,2,479.73,959.46
9545,3161,15,2,31.65,63.3
9546,3161,74,3,463.46,1390.38
9547,3162,39,1,259.68,259.68
9548,3163,68,4,488.86,1955.44
9549,3163,33,4,99.83,399.32
9550,3164,69,3,64.44,193.32
9551,3164,2,4,13.76,55.04
9552,3164,54,3,345.07,1035.21
9553,3164,63,3,380.74,1142.22
9554,3164,41,5,71.84,359.2
9555,3165,71,3,234.88,704.64
9556,3166,62,4,444.18,1776.72
9557,3166,91,5,336.75,1683.75
9558,3166,41,1,71.84,71.84
9559,3167,46,3,455.87,1367.61
9560,3167,29,1,118.85,118.85
9561,3167,67,2,319.21,638.42
9562,3168,76,1,283.55,283.55
9563,3168,4,5,217.56,1087.8
9564,3168,15,3,31.65,94.95
9565,3168,34,2,435.95,871.9
9566,3169,65,2,103.56,207.12
9567,3169,96,5,24.45,122.25
9568,3169,36,5,146.18,730.9
9569,3169,35,1,121.6,121.6
9570,3170,81,2,69.38,138.76
9571,3170,37,2,121.39,242.78
9572,3171,76,1,283.55,283.55
9573,3171,16,2,54.7,109.4
9574,3171,89,3,133.38,400.14
9575,3171,29,1,118.85,118.85
9576,3171,68,5,488.86,2444.3
9577,3172,38,2,293.18,586.36
9578,3172,19,5,59.16,295.8
9579,3173,3,2,275.8,551.6
9580,3174,4,2,217.56,435.12
9581,3174,75,3,190.13,570.39
9582,3175,46,5,455.87,2279.35
9583,3175,24,5,386.82,1934.1
9584,3175,61,5,309.79,1548.95
9585,3176,63,2,380.74,761.48
9586,3177,50,1,58.66,58.66
9587,3177,63,2,380.74,761.48
9588,3177,56,1,208.09,208.09
9589,3178,58,2,260.13,520.26
9590,3178,86,3,405.91,1217.73
9591,3179,66,5,102.27,511.35
9592,3179,98,3,152.13,456.39
9593,3180,32,3,100.46,301.38
9594,3180,46,2,455.87,911.74
9595,3181,65,5,103.56,517.8
9596,3182,55,5,47.97,239.85
9597,3182,62,3,444.18,1332.54
9598,3182,62,5,444.18,2220.9
9599,3182,48,4,160.97,643.88
9600,3183,2,5,13.76,68.8
9601,3183,96,2,24.45,48.9
9602,3183,33,5,99.83,499.15
9603,3183,38,4,293.18,1172.72
9604,3184,38,3,293.18,879.54
9605,3184,81,1,69.38,69.38
9606,3184,24,5,386.82,1934.1
9607,3184,66,4,102.27,409.08
9608,3184,100,2,479.73,959.46
9609,3185,58,4,260.13,1040.52
9610,3186,17,1,375.79,375.79
9611,3186,89,5,133.38,666.9
9612,3186,44,1,183.81,183.81
9613,3186,84,4,362.77,1451.08
9614,3186,100,5,479.73,2398.65
9615,3187,71,3,234.88,704.64
9616,3187,98,1,152.13,152.13
9617,3188,68,5,488.86,2444.3
9618,3188,8,3,297.2,891.6
9619,3188,13,2,260.92,521.84
9620,3188,94,1,443.5,443.5
9621,3188,33,5,99.83,499.15
9622,3189,4,2,217.56,435.12
9623,3190,37,3,121.39,364.17
9624,3190,61,3,309.79,929.37
9625,3191,93,2,389.08,778.16
9626,3192,90,4,420.61,1682.44
9627,3192,26,2,20.11,40.22
9628,3193,69,1,64.44,64.44
9629,3194,11,4,300.33,1201.32
9630,3195,31,2,492.66,985.32
9631,3196,91,3,336.75,1010.25
9632,3197,80,5,135.98,679.9
9633,3197,57,5,55.56,277.8
9634,3197,23,3,157.5,472.5
9635,3198,81,3,69.38,208.14
9636,3198,4,4,217.56,870.24
9637,3198,21,3,360.32,1080.96
9638,3198,60,4,317.43,1269.72
9639,3198,47,3,288.68,866.04
9640,3199,35,2,121.6,243.2
9641,3199,20,1,411.46,411.46
9642,3200,63,3,380.74,1142.22
9643,3200,68,4,488.86,1955.44
9644,3201,15,1,31.65,31.65
9645,3202,25,1,392.86,392.86
9646,3202,53,4,105.42,421.68
9647,3203,81,5,69.38,346.9
9648,3203,5,5,175.97,879.85
9649,3203,61,4,309.79,1239.16
9650,3204,21,2,360.32,720.64
9651,3204,96,2,24.45,48.9
9652,3204,54,5,345.07,1725.35
9653,3204,40,1,225.49,225.49
9654,3205,8,2,297.2,594.4
9655,3205,43,5,365.01,1825.05
9656,3205,57,1,55.56,55.56
9657,3205,63,3,380.74,1142.22
9658,3205,20,4,411.46,1645.84
9659,3206,77,2,493.21,986.42
9660,3206,86,3,405.91,1217.73
9661,3206,28,2,299.14,598.28
9662,3207,29,2,118.85,237.7
9663,3207,64,3,404.34,1213.02
9664,3207,13,5,260.92,1304.6
9665,3207,40,4,225.49,901.96
9666,3207,60,5,317.43,1587.15
9667,3208,100,2,479.73,959.46
9668,3208,35,3,121.6,364.8
9669,3209,95,2,397.59,795.18
9670,3209,40,5,225.49,1127.45
9671,3210,15,1,31.65,31.65
9672,3210,40,5,225.49,1127.45
9673,3211,29,4,118.85,475.4
9674,3212,72,4,257.72,1030.88
9675,3212,71,4,234.88,939.52
9676,3212,75,2,190.13,380.26
9677,3212,29,1,118.85,118.85
9678,3213,3,2,275.8,551.6
9679,3213,86,4,405.91,1623.64
9680,3213,27,1,109.12,109.12
9681,3214,70,5,380.26,1901.3
9682,3215,91,5,336.75,1683.75
9683,3215,98,4,152.13,608.52
9684,3215,93,4,389.08,1556.32
9685,3215,100,2,479.73,959.46
9686,3215,50,4,58.66,234.64
9687,3216,78,5,441.78,2208.9
9688,3216,36,5,146.18,730.9
9689,3217,76,4,283.55,1134.2
9690,3217,62,4,444.18,1776.72
9691,3217,14,2,40.76,81.52
9692,3217,34,5,435.95,2179.75
9693,3217,13,3,260.92,782.76
9694,3218,70,4,380.26,1521.04
9695,3218,36,4,146.18,584.72
9696,3218,97,3,337.32,1011.96
9697,3218,1,4,263.13,1052.52
9698,3219,37,4,121.39,485.56
9699,3219,41,4,71.84,287.36
9700,3219,43,1,365.01,365.01
9701,3220,88,5,322.06,1610.3
9702,3220,8,3,297.2,891.6
9703,3220,20,5,411.46,2057.3
9704,3220,73,1,446.53,446.53
9705,3221,79,3,460.63,1381.89
9706,3222,77,3,493.21,1479.63
9707,3222,41,1,71.84,71.84
9708,3222,24,1,386.82,386.82
9709,3222,92,5,267.01,1335.05
9710,3222,16,1,54.7,54.7
9711,3223,63,5,380.74,1903.7
9712,3223,31,4,492.66,1970.64
9713,3223,48,5,160.97,804.85
9714,3223,42,3,241.8,725.4
9715,3223,99,2,403.91,807.82
9716,3224,59,2,132.49,264.98
9717,3224,12,3,195.25,585.75
9718,3225,75,3,190.13,570.39
9719,3225,13,1,260.92,260.92
9720,3225,7,4,102.83,411.32
9721,3226,25,5,392.86,1964.3
9722,3226,35,2,121.6,243.2
9723,3226,32,1,100.46,100.46
9724,3226,3,5,275.8,1379
9725,3226,67,1,319.21,319.21
9726,3227,16,3,54.7,164.1
9727,3228,34,3,435.95,1307.85
9728,3229,31,2,492.66,985.32
9729,3229,73,2,446.53,893.06
9730,3229,90,4,420.61,1682.44
9731,3230,18,2,111.88,223.76
9732,3230,51,2,290.5,581
9733,3230,75,3,190.13,570.39
9734,3230,27,4,109.12,436.48
9735,3230,35,1,121.6,121.6
9736,3231,67,3,319.21,957.63
9737,3231,24,4,386.82,1547.28
9738,3231,59,5,132.49,662.45
9739,3231,71,2,234.88,469.76
9740,3231,42,1,241.8,241.8
9741,3232,4,3,217.56,652.68
9742,3232,15,3,31.65,94.95
9743,3232,62,4,444.18,1776.72
9744,3232,66,4,102.27,409.08
9745,3233,57,2,55.56,111.12
9746,3233,26,4,20.11,80.44
9747,3234,43,2,365.01,730.02
9748,3234,99,1,403.91,403.91
9749,3235,73,1,446.53,446.53
9750,3236,37,2,121.39,242.78
9751,3236,65,4,103.56,414.24
9752,3236,20,5,411.46,2057.3
9753,3236,27,1,109.12,109.12
9754,3236,41,5,71.84,359.2
9755,3237,1,2,263.13,526.26
9756,3237,13,4,260.92,1043.68
9757,3237,61,1,309.79,309.79
9758,3237,55,5,47.97,239.85
9759,3238,99,4,403.91,1615.64
9760,3238,42,2,241.8,483.6
9761,3239,34,3,435.95,1307.85
9762,3239,58,5,260.13,1300.65
9763,3240,92,2,267.01,534.02
9764,3240,1,4,263.13,1052.52
9765,3240,5,2,175.97,351.94
9766,3240,24,3,386.82,1160.46
9767,3241,64,1,404.34,404.34
9768,3242,26,1,20.11,20.11
9769,3242,7,4,102.83,411.32
9770,3242,30,4,193.42,773.68
9771,3242,84,3,362.77,1088.31
9772,3243,8,1,297.2,297.2
9773,3243,61,2,309.79,619.58
9774,3243,87,5,485.79,2428.95
9775,3244,76,1,283.55,283.55
9776,3244,70,1,380.26,380.26
9777,3244,98,4,152.13,608.52
9778,3245,9,3,93.48,280.44
9779,3245,82,5,327.17,1635.85
9780,3245,62,3,444.18,1332.54
9781,3245,100,2,479.73,959.46
9782,3245,31,3,492.66,1477.98
9783,3246,23,2,157.5,315
9784,3246,19,2,59.16,118.32
9785,3246,28,5,299.14,1495.7
9786,3246,15,3,31.65,94.95
9787,3246,86,5,405.91,2029.55
9788,3247,26,3,20.11,60.33
9789,3247,37,1,121.39,121.39
9790,3247,27,5,109.12,545.6
9791,3248,18,5,111.88,559.4
9792,3249,37,3,121.39,364.17
9793,3250,39,5,259.68,1298.4
9794,3250,96,5,24.45,122.25
9795,3251,2,5,13.76,68.8
9796,3251,33,4,99.83,399.32
9797,3251,94,3,443.5,1330.5
9798,3252,33,3,99.83,299.49
9799,3252,47,3,288.68,866.04
9800,3252,97,5,337.32,1686.6
9801,3252,35,4,121.6,486.4
9802,3253,90,1,420.61,420.61
9803,3253,58,4,260.13,1040.52
9804,3253,84,5,362.77,1813.85
9805,3254,85,4,65.06,260.24
9806,3254,99,3,403.91,1211.73
9807,3254,95,2,397.59,795.18
9808,3254,78,5,441.78,2208.9
9809,3254,86,2,405.91,811.82
9810,3255,53,2,105.42,210.84
9811,3255,68,3,488.86,1466.58
9812,3256,12,5,195.25,976.25
9813,3257,81,2,69.38,138.76
9814,3257,4,2,217.56,435.12
9815,3257,10,1,360.58,360.58
9816,3257,26,5,20.11,100.55
9817,3258,41,3,71.84,215.52
9818,3259,92,1,267.01,267.01
9819,3259,42,5,241.8,1209
9820,3259,56,1,208.09,208.09
9821,3259,29,3,118.85,356.55
9822,3260,56,5,208.09,1040.45
9823,3260,43,4,365.01,1460.04
9824,3261,83,5,470.19,2350.95
9825,3261,58,5,260.13,1300.65
9826,3262,40,4,225.49,901.96
9827,3263,55,5,47.97,239.85
9828,3263,77,3,493.21,1479.63
9829,3263,53,1,105.42,105.42
9830,3263,28,3,299.14,897.42
9831,3263,63,3,380.74,1142.22
9832,3264,84,1,362.77,362.77
9833,3265,87,5,485.79,2428.95
9834,3266,39,2,259.68,519.36
9835,3266,33,5,99.83,499.15
9836,3266,35,4,121.6,486.4
9837,3266,2,3,13.76,41.28
9838,3267,86,2,405.91,811.82
9839,3267,79,4,460.63,1842.52
9840,3267,68,5,488.86,2444.3
9841,3268,74,2,463.46,926.92
9842,3268,50,2,58.66,117.32
9843,3268,38,2,293.18,586.36
9844,3268,93,1,389.08,389.08
9845,3269,13,3,260.92,782.76
9846,3269,22,1,271.14,271.14
9847,3270,51,5,290.5,1452.5
9848,3270,28,4,299.14,1196.56
9849,3270,35,1,121.6,121.6
9850,3270,88,1,322.06,322.06
9851,3270,90,4,420.61,1682.44
9852,3271,73,5,446.53,2232.65
9853,3271,33,3,99.83,299.49
9854,3271,75,1,190.13,190.13
9855,3271,7,2,102.83,205.66
9856,3271,62,1,444.18,444.18
9857,3272,100,5,479.73,2398.65
9858,3272,50,3,58.66,175.98
9859,3272,81,3,69.38,208.14
9860,3272,91,2,336.75,673.5
9861,3272,55,3,47.97,143.91
9862,3273,18,4,111.88,447.52
9863,3273,97,1,337.32,337.32
9864,3274,12,1,195.25,195.25
9865,3274,86,2,405.91,811.82
9866,3275,41,5,71.84,359.2
9867,3275,1,5,263.13,1315.65
9868,3275,77,4,493.21,1972.84
9869,3275,74,3,463.46,1390.38
9870,3275,61,2,309.79,619.58
9871,3276,78,3,441.78,1325.34
9872,3276,16,2,54.7,109.4
9873,3277,38,3,293.18,879.54
9874,3277,84,1,362.77,362.77
9875,3277,19,1,59.16,59.16
9876,3278,65,1,103.56,103.56
9877,3278,95,5,397.59,1987.95
9878,3279,99,5,403.91,2019.55
9879,3279,82,2,327.17,654.34
9880,3279,95,1,397.59,397.59
9881,3279,17,5,375.79,1878.95
9882,3279,64,4,404.34,1617.36
9883,3280,49,2,168.14,336.28
9884,3280,91,5,336.75,1683.75
9885,3281,9,1,93.48,93.48
9886,3281,48,5,160.97,804.85
9887,3281,76,3,283.55,850.65
9888,3282,42,2,241.8,483.6
9889,3282,7,1,102.83,102.83
9890,3283,75,2,190.13,380.26
9891,3283,12,3,195.25,585.75
9892,3283,29,2,118.85,237.7
9893,3283,72,3,257.72,773.16
9894,3284,21,1,360.32,360.32
9895,3284,70,1,380.26,380.26
9896,3285,4,5,217.56,1087.8
9897,3285,2,1,13.76,13.76
9898,3285,83,1,470.19,470.19
9899,3286,90,1,420.61,420.61
9900,3286,26,3,20.11,60.33
9901,3286,39,4,259.68,1038.72
9902,3287,95,1,397.59,397.59
9903,3287,50,1,58.66,58.66
9904,3287,97,4,337.32,1349.28
9905,3287,86,4,405.91,1623.64
9906,3288,94,3,443.5,1330.5
9907,3288,79,5,460.63,2303.15
9908,3289,46,1,455.87,455.87
9909,3289,40,3,225.49,676.47
9910,3290,39,2,259.68,519.36
9911,3291,43,5,365.01,1825.05
9912,3291,29,2,118.85,237.7
9913,3291,6,2,386.9,773.8
9914,3291,81,4,69.38,277.52
9915,3291,81,1,69.38,69.38
9916,3292,65,5,103.56,517.8
9917,3292,71,2,234.88,469.76
9918,3292,30,3,193.42,580.26
9919,3292,98,1,152.13,152.13
9920,3292,48,3,160.97,482.91
9921,3293,86,4,405.91,1623.64
9922,3293,81,5,69.38,346.9
9923,3293,2,4,13.76,55.04
9924,3294,48,1,160.97,160.97
9925,3294,69,1,64.44,64.44
9926,3295,1,3,263.13,789.39
9927,3295,49,3,168.14,504.42
9928,3296,78,4,441.78,1767.12
9929,3296,65,5,103.56,517.8
9930,3296,32,2,100.46,200.92
9931,3297,61,1,309.79,309.79
9932,3297,33,1,99.83,99.83
9933,3298,20,5,411.46,2057.3
9934,3299,5,3,175.97,527.91
9935,3299,100,3,479.73,1439.19
9936,3299,49,4,168.14,672.56
9937,3299,21,2,360.32,720.64
9938,3300,34,1,435.95,435.95
9939,3300,72,5,257.72,1288.6
9940,3300,67,4,319.21,1276.84
9941,3300,8,3,297.2,891.6
9942,3300,63,2,380.74,761.48
9943,3301,28,3,299.14,897.42
9944,3301,57,1,55.56,55.56
9945,3301,38,1,293.18,293.18
9946,3301,48,5,160.97,804.85
9947,3301,58,5,260.13,1300.65
9948,3302,27,1,109.12,109.12
9949,3302,44,1,183.81,183.81
9950,3302,3,1,275.8,275.8
9951,3302,80,2,135.98,271.96
9952,3302,83,5,470.19,2350.95
9953,3303,38,1,293.18,293.18
9954,3303,23,1,157.5,157.5
9955,3303,31,4,492.66,1970.64
9956,3304,56,2,208.09,416.18
9957,3305,14,4,40.76,163.04
9958,3305,72,4,257.72,1030.88
9959,3306,85,4,65.06,260.24
9960,3307,84,4,362.77,1451.08
9961,3307,8,5,297.2,1486
9962,3307,79,4,460.63,1842.52
9963,3307,27,3,109.12,327.36
9964,3308,63,5,380.74,1903.7
9965,3308,68,4,488.86,1955.44
9966,3308,65,2,103.56,207.12
9967,3309,12,5,195.25,976.25
9968,3310,8,4,297.2,1188.8
9969,3310,29,1,118.85,118.85
9970,3310,91,5,336.75,1683.75
9971,3311,77,5,493.21,2466.05
9972,3311,25,5,392.86,1964.3
9973,3311,62,2,444.18,888.36
9974,3312,13,2,260.92,521.84
9975,3312,56,4,208.09,832.36
9976,3312,94,5,443.5,2217.5
9977,3312,49,1,168.14,168.14
9978,3313,71,3,234.88,704.64
9979,3314,87,3,485.79,1457.37
9980,3314,95,5,397.59,1987.95
9981,3314,32,1,100.46,100.46
9982,3314,95,2,397.59,795.18
9983,3314,69,2,64.44,128.88
9984,3315,60,5,317.43,1587.15
9985,3315,10,1,360.58,360.58
9986,3315,51,4,290.5,1162
9987,3315,44,2,183.81,367.62
9988,3316,15,2,31.65,63.3
9989,3316,86,3,405.91,1217.73
9990,3316,72,5,257.72,1288.6
9991,3317,16,4,54.7,218.8
9992,3317,89,2,133.38,266.76
9993,3317,80,5,135.98,679.9
9994,3318,66,4,102.27,409.08
9995,3318,81,3,69.38,208.14
9996,3318,38,1,293.18,293.18
9997,3319,73,3,446.53,1339.59
9998,3319,5,2,175.97,351.94
9999,3319,62,5,444.18,2220.9
10000,3319,7,2,102.83,205.66
10001,3319,65,1,103.56,103.56
10002,3320,12,4,195.25,781
10003,3320,12,3,195.25,585.75
10004,3321,72,5,257.72,1288.6
10005,3321,53,2,105.42,210.84
10006,3321,1,3,263.13,789.39
10007,3322,14,1,40.76,40.76
10008,3322,49,2,168.14,336.28
10009,3322,26,3,20.11,60.33
10010,3323,65,4,103.56,414.24
10011,3323,29,5,118.85,594.25
10012,3324,76,4,283.55,1134.2
10013,3324,39,3,259.68,779.04
10014,3324,92,1,267.01,267.01
10015,3324,51,5,290.5,1452.5
10016,3324,29,4,118.85,475.4
10017,3325,88,3,322.06,966.18
10018,3325,6,4,386.9,1547.6
10019,3325,96,5,24.45,122.25
10020,3325,56,2,208.09,416.18
10021,3326,76,1,283.55,283.55
10022,3326,61,1,309.79,309.79
10023,3326,68,3,488.86,1466.58
10024,3327,34,2,435.95,871.9
10025,3327,6,3,386.9,1160.7
10026,3327,1,5,263.13,1315.65
10027,3327,83,2,470.19,940.38
10028,3327,90,1,420.61,420.61
10029,3328,9,3,93.48,280.44
10030,3328,76,5,283.55,1417.75
10031,3328,11,4,300.33,1201.32
10032,3328,24,4,386.82,1547.28
10033,3329,79,4,460.63,1842.52
10034,3330,14,1,40.76,40.76
10035,3330,62,1,444.18,444.18
10036,3331,79,2,460.63,921.26
10037,3332,64,4,404.34,1617.36
10038,3332,100,4,479.73,1918.92
10039,3332,94,4,443.5,1774
10040,3332,74,5,463.46,2317.3
10041,3333,98,2,152.13,304.26
10042,3333,93,3,389.08,1167.24
10043,3333,21,3,360.32,1080.96
10044,3333,98,4,152.13,608.52
10045,3334,40,2,225.49,450.98
10046,3334,60,4,317.43,1269.72
10047,3335,88,3,322.06,966.18
10048,3335,45,2,184.89,369.78
10049,3335,26,1,20.11,20.11
10050,3335,90,5,420.61,2103.05
10051,3336,33,4,99.83,399.32
10052,3336,67,4,319.21,1276.84
10053,3337,79,1,460.63,460.63
10054,3337,59,2,132.49,264.98
10055,3337,45,3,184.89,554.67
10056,3337,81,1,69.38,69.38
10057,3338,64,5,404.34,2021.7
10058,3338,14,5,40.76,203.8
10059,3339,48,4,160.97,643.88
10060,3339,20,1,411.46,411.46
10061,3339,10,5,360.58,1802.9
10062,3339,70,4,380.26,1521.04
10063,3340,15,3,31.65,94.95
10064,3340,79,4,460.63,1842.52
10065,3340,81,3,69.38,208.14
10066,3340,39,4,259.68,1038.72
10067,3341,56,4,208.09,832.36
10068,3341,19,4,59.16,236.64
10069,3341,92,1,267.01,267.01
10070,3341,68,3,488.86,1466.58
10071,3342,41,5,71.84,359.2
10072,3342,10,4,360.58,1442.32
10073,3343,62,5,444.18,2220.9
10074,3343,33,2,99.83,199.66
10075,3343,33,1,99.83,99.83
10076,3343,93,5,389.08,1945.4
10077,3343,85,2,65.06,130.12
10078,3344,54,4,345.07,1380.28
10079,3344,1,1,263.13,263.13
10080,3344,95,1,397.59,397.59
10081,3344,43,4,365.01,1460.04
10082,3345,17,4,375.79,1503.16
10083,3345,42,5,241.8,1209
10084,3346,12,5,195.25,976.25
10085,3346,35,2,121.6,243.2
10086,3346,72,1,257.72,257.72
10087,3346,34,2,435.95,871.9
10088,3347,12,1,195.25,195.25
10089,3348,88,1,322.06,322.06
10090,3348,100,4,479.73,1918.92
10091,3348,76,1,283.55,283.55
10092,3348,74,1,463.46,463.46
10093,3349,28,4,299.14,1196.56
10094,3349,59,1,132.49,132.49
10095,3350,22,4,271.14,1084.56
10096,3350,17,3,375.79,1127.37
10097,3350,78,2,441.78,883.56
10098,3351,98,4,152.13,608.52
10099,3351,80,2,135.98,271.96
10100,3352,31,1,492.66,492.66
10101,3352,19,1,59.16,59.16
10102,3352,96,3,24.45,73.35
10103,3352,6,3,386.9,1160.7
10104,3353,26,2,20.11,40.22
10105,3353,45,3,184.89,554.67
10106,3353,47,2,288.68,577.36
10107,3353,64,4,404.34,1617.36
10108,3354,30,5,193.42,967.1
10109,3354,68,4,488.86,1955.44
10110,3354,52,4,134.43,537.72
10111,3355,59,3,132.49,397.47
10112,3356,27,5,109.12,545.6
10113,3357,57,3,55.56,166.68
10114,3358,73,1,446.53,446.53
10115,3358,53,3,105.42,316.26
10116,3358,94,3,443.5,1330.5
10117,3358,44,1,183.81,183.81
10118,3359,56,2,208.09,416.18
10119,3359,22,1,271.14,271.14
10120,3359,10,4,360.58,1442.32
10121,3360,88,2,322.06,644.12
10122,3360,40,1,225.49,225.49
10123,3361,100,5,479.73,2398.65
10124,3361,26,3,20.11,60.33
10125,3361,61,4,309.79,1239.16
10126,3361,4,2,217.56,435.12
10127,3362,95,1,397.59,397.59
10128,3362,81,2,69.38,138.76
10129,3363,19,4,59.16,236.64
10130,3363,5,1,175.97,175.97
10131,3363,25,4,392.86,1571.44
10132,3363,67,3,319.21,957.63
10133,3364,52,4,134.43,537.72
10134,3364,48,4,160.97,643.88
10135,3364,58,1,260.13,260.13
10136,3364,72,4,257.72,1030.88
10137,3364,22,1,271.14,271.14
10138,3365,98,2,152.13,304.26
10139,3366,36,2,146.18,292.36
10140,3366,79,1,460.63,460.63
10141,3367,67,2,319.21,638.42
10142,3368,4,2,217.56,435.12
10143,3368,79,4,460.63,1842.52
10144,3368,98,3,152.13,456.39
10145,3368,58,4,260.13,1040.52
10146,3369,22,3,271.14,813.42
10147,3369,32,5,100.46,502.3
10148,3369,85,4,65.06,260.24
10149,3369,44,4,183.81,735.24
10150,3370,65,1,103.56,103.56
10151,3370,83,4,470.19,1880.76
10152,3370,100,2,479.73,959.46
10153,3370,60,3,317.43,952.29
10154,3371,92,5,267.01,1335.05
10155,3371,7,2,102.83,205.66
10156,3371,42,1,241.8,241.8
10157,3372,46,1,455.87,455.87
10158,3372,91,4,336.75,1347
10159,3372,18,2,111.88,223.76
10160,3372,72,3,257.72,773.16
10161,3372,58,1,260.13,260.13
10162,3373,63,1,380.74,380.74
10163,3374,96,1,24.45,24.45
10164,3374,37,2,121.39,242.78
10165,3375,17,4,375.79,1503.16
10166,3376,59,5,132.49,662.45
10167,3376,52,1,134.43,134.43
10168,3376,37,1,121.39,121.39
10169,3376,37,1,121.39,121.39
10170,3376,79,2,460.63,921.26
10171,3377,37,3,121.39,364.17
10172,3377,11,2,300.33,600.66
10173,3377,52,3,134.43,403.29
10174,3377,90,4,420.61,1682.44
10175,3378,78,2,441.78,883.56
10176,3378,83,1,470.19,470.19
10177,3379,65,1,103.56,103.56
10178,3380,60,5,317.43,1587.15
10179,3380,77,4,493.21,1972.84
10180,3380,57,1,55.56,55.56
10181,3381,69,3,64.44,193.32
10182,3381,86,1,405.91,405.91
10183,3381,58,3,260.13,780.39
10184,3381,32,5,100.46,502.3
10185,3381,98,5,152.13,760.65
10186,3382,89,5,133.38,666.9
10187,3382,65,2,103.56,207.12
10188,3383,44,3,183.81,551.43
10189,3383,69,2,64.44,128.88
10190,3384,94,5,443.5,2217.5
10191,3384,80,2,135.98,271.96
10192,3384,54,3,345.07,1035.21
10193,3384,99,1,403.91,403.91
10194,3384,61,2,309.79,619.58
10195,3385,38,5,293.18,1465.9
10196,3385,54,2,345.07,690.14
10197,3385,42,5,241.8,1209
10198,3386,90,4,420.61,1682.44
10199,3387,93,1,389.08,389.08
10200,3387,65,3,103.56,310.68
10201,3387,78,1,441.78,441.78
10202,3388,12,4,195.25,781
10203,3389,31,1,492.66,492.66
10204,3389,87,1,485.79,485.79
10205,3389,1,1,263.13,263.13
10206,3389,4,1,217.56,217.56
10207,3390,63,1,380.74,380.74
10208,3390,6,4,386.9,1547.6
10209,3391,18,5,111.88,559.4
10210,3391,42,2,241.8,483.6
10211,3391,38,4,293.18,1172.72
10212,3391,77,3,493.21,1479.63
10213,3392,20,1,411.46,411.46
10214,3393,16,5,54.7,273.5
10215,3393,49,5,168.14,840.7
10216,3394,19,5,59.16,295.8
10217,3395,41,4,71.84,287.36
10218,3395,13,3,260.92,782.76
10219,3395,64,2,404.34,808.68
10220,3396,91,3,336.75,1010.25
10221,3396,76,3,283.55,850.65
10222,3397,40,4,225.49,901.96
10223,3397,71,4,234.88,939.52
10224,3397,54,1,345.07,345.07
10225,3398,2,1,13.76,13.76
10226,3398,75,5,190.13,950.65
10227,3398,27,5,109.12,545.6
10228,3398,39,1,259.68,259.68
10229,3399,35,5,121.6,608
10230,3399,30,4,193.42,773.68
10231,3399,51,3,290.5,871.5
10232,3400,53,5,105.42,527.1
10233,3401,81,2,69.38,138.76
10234,3401,23,1,157.5,157.5
10235,3401,26,3,20.11,60.33
10236,3401,10,1,360.58,360.58
10237,3401,44,5,183.81,919.05
10238,3402,80,1,135.98,135.98
10239,3402,94,2,443.5,887
10240,3402,44,1,183.81,183.81
10241,3402,66,1,102.27,102.27
10242,3403,68,5,488.86,2444.3
10243,3404,78,1,441.78,441.78
10244,3404,12,2,195.25,390.5
10245,3404,6,4,386.9,1547.6
10246,3404,65,3,103.56,310.68
10247,3405,99,1,403.91,403.91
10248,3405,9,2,93.48,186.96
10249,3405,45,5,184.89,924.45
10250,3405,29,3,118.85,356.55
10251,3406,3,4,275.8,1103.2
10252,3407,70,1,380.26,380.26
10253,3407,4,2,217.56,435.12
10254,3407,49,5,168.14,840.7
10255,3407,84,2,362.77,725.54
10256,3408,9,3,93.48,280.44
10257,3408,54,2,345.07,690.14
10258,3409,19,3,59.16,177.48
10259,3409,29,4,118.85,475.4
10260,3409,28,5,299.14,1495.7
10261,3409,93,2,389.08,778.16
10262,3409,24,5,386.82,1934.1
10263,3410,13,3,260.92,782.76
10264,3410,75,2,190.13,380.26
10265,3410,3,4,275.8,1103.2
10266,3410,40,2,225.49,450.98
10267,3410,18,2,111.88,223.76
10268,3411,19,3,59.16,177.48
10269,3412,34,2,435.95,871.9
10270,3412,93,3,389.08,1167.24
10271,3413,28,4,299.14,1196.56
10272,3413,2,2,13.76,27.52
10273,3413,94,1,443.5,443.5
10274,3414,26,1,20.11,20.11
10275,3414,73,4,446.53,1786.12
10276,3415,55,5,47.97,239.85
10277,3415,89,3,133.38,400.14
10278,3415,95,5,397.59,1987.95
10279,3415,30,5,193.42,967.1
10280,3416,84,1,362.77,362.77
10281,3416,100,4,479.73,1918.92
10282,3416,69,3,64.44,193.32
10283,3416,91,4,336.75,1347
10284,3416,43,5,365.01,1825.05
10285,3417,49,3,168.14,504.42
10286,3417,76,3,283.55,850.65
10287,3417,99,2,403.91,807.82
10288,3417,7,1,102.83,102.83
10289,3417,85,1,65.06,65.06
10290,3418,6,5,386.9,1934.5
10291,3418,69,5,64.44,322.2
10292,3419,48,1,160.97,160.97
10293,3419,6,5,386.9,1934.5
10294,3419,49,3,168.14,504.42
10295,3419,77,1,493.21,493.21
10296,3419,21,3,360.32,1080.96
10297,3420,62,2,444.18,888.36
10298,3421,4,2,217.56,435.12
10299,3421,89,5,133.38,666.9
10300,3422,16,1,54.7,54.7
10301,3423,31,1,492.66,492.66
10302,3423,77,2,493.21,986.42
10303,3423,20,1,411.46,411.46
10304,3423,5,1,175.97,175.97
10305,3424,48,4,160.97,643.88
10306,3424,6,3,386.9,1160.7
10307,3424,21,2,360.32,720.64
10308,3424,94,1,443.5,443.5
10309,3424,83,2,470.19,940.38
10310,3425,29,3,118.85,356.55
10311,3425,11,2,300.33,600.66
10312,3425,47,4,288.68,1154.72
10313,3426,80,3,135.98,407.94
10314,3426,32,1,100.46,100.46
10315,3426,85,2,65.06,130.12
10316,3426,43,3,365.01,1095.03
10317,3427,65,3,103.56,310.68
10318,3427,52,1,134.43,134.43
10319,3427,60,2,317.43,634.86
10320,3428,75,2,190.13,380.26
10321,3428,25,1,392.86,392.86
10322,3428,26,3,20.11,60.33
10323,3428,90,3,420.61,1261.83
10324,3429,35,4,121.6,486.4
10325,3430,18,3,111.88,335.64
10326,3431,3,3,275.8,827.4
10327,3432,32,2,100.46,200.92
10328,3433,73,5,446.53,2232.65
10329,3433,67,2,319.21,638.42
10330,3433,14,3,40.76,122.28
10331,3433,7,3,102.83,308.49
10332,3433,9,1,93.48,93.48
10333,3434,85,3,65.06,195.18
10334,3434,72,1,257.72,257.72
10335,3435,16,5,54.7,273.5
10336,3435,26,1,20.11,20.11
10337,3435,63,2,380.74,761.48
10338,3435,2,3,13.76,41.28
10339,3435,40,4,225.49,901.96
10340,3436,73,2,446.53,893.06
10341,3436,32,3,100.46,301.38
10342,3436,83,1,470.19,470.19
10343,3437,24,2,386.82,773.64
10344,3438,5,5,175.97,879.85
10345,3438,30,2,193.42,386.84
10346,3439,31,3,492.66,1477.98
10347,3439,31,3,492.66,1477.98
10348,3440,39,5,259.68,1298.4
10349,3440,32,5,100.46,502.3
10350,3440,42,3,241.8,725.4
10351,3440,17,1,375.79,375.79
10352,3441,74,5,463.46,2317.3
10353,3441,69,3,64.44,193.32
10354,3441,52,5,134.43,672.15
10355,3442,7,5,102.83,514.15
10356,3442,61,4,309.79,1239.16
10357,3442,88,5,322.06,1610.3
10358,3442,41,5,71.84,359.2
10359,3442,72,4,257.72,1030.88
10360,3443,17,4,375.79,1503.16
10361,3443,78,5,441.78,2208.9
10362,3443,98,5,152.13,760.65
10363,3443,83,2,470.19,940.38
10364,3443,51,4,290.5,1162
10365,3444,84,2,362.77,725.54
10366,3444,18,5,111.88,559.4
10367,3444,25,5,392.86,1964.3
10368,3444,83,5,470.19,2350.95
10369,3444,84,5,362.77,1813.85
10370,3445,32,3,100.46,301.38
10371,3446,45,1,184.89,184.89
10372,3446,35,1,121.6,121.6
10373,3447,90,4,420.61,1682.44
10374,3448,72,5,257.72,1288.6
10375,3448,51,4,290.5,1162
10376,3448,29,4,118.85,475.4
10377,3448,87,2,485.79,971.58
10378,3449,38,4,293.18,1172.72
10379,3449,7,1,102.83,102.83
10380,3449,66,3,102.27,306.81
10381,3450,86,1,405.91,405.91
10382,3450,78,5,441.78,2208.9
10383,3450,25,1,392.86,392.86
10384,3450,31,5,492.66,2463.3
10385,3451,95,4,397.59,1590.36
10386,3452,58,4,260.13,1040.52
10387,3452,34,3,435.95,1307.85
10388,3452,59,5,132.49,662.45
10389,3452,46,1,455.87,455.87
10390,3452,76,5,283.55,1417.75
10391,3453,3,1,275.8,275.8
10392,3453,13,4,260.92,1043.68
10393,3453,18,5,111.88,559.4
10394,3453,24,1,386.82,386.82
10395,3453,1,2,263.13,526.26
10396,3454,45,1,184.89,184.89
10397,3455,22,3,271.14,813.42
10398,3455,84,5,362.77,1813.85
10399,3456,25,4,392.86,1571.44
10400,3456,89,1,133.38,133.38
10401,3456,52,4,134.43,537.72
10402,3456,83,1,470.19,470.19
10403,3457,7,1,102.83,102.83
10404,3457,44,2,183.81,367.62
10405,3458,58,4,260.13,1040.52
10406,3458,16,1,54.7,54.7
10407,3459,17,5,375.79,1878.95
10408,3459,39,2,259.68,519.36
10409,3459,66,1,102.27,102.27
10410,3460,98,5,152.13,760.65
10411,3460,61,1,309.79,309.79
10412,3460,24,3,386.82,1160.46
10413,3460,70,1,380.26,380.26
10414,3460,91,2,336.75,673.5
10415,3461,63,3,380.74,1142.22
10416,3461,10,2,360.58,721.16
10417,3462,21,2,360.32,720.64
10418,3462,8,1,297.2,297.2
10419,3463,8,4,297.2,1188.8
10420,3464,85,3,65.06,195.18
10421,3464,17,4,375.79,1503.16
10422,3464,51,4,290.5,1162
10423,3465,38,1,293.18,293.18
10424,3465,26,1,20.11,20.11
10425,3465,64,3,404.34,1213.02
10426,3465,95,4,397.59,1590.36
10427,3465,84,3,362.77,1088.31
10428,3466,46,5,455.87,2279.35
10429,3466,2,4,13.76,55.04
10430,3466,91,4,336.75,1347
10431,3467,57,3,55.56,166.68
10432,3467,81,2,69.38,138.76
10433,3468,40,5,225.49,1127.45
10434,3468,48,5,160.97,804.85
10435,3468,87,5,485.79,2428.95
10436,3468,99,1,403.91,403.91
10437,3469,97,3,337.32,1011.96
10438,3469,65,4,103.56,414.24
10439,3469,47,1,288.68,288.68
10440,3469,6,2,386.9,773.8
10441,3470,81,4,69.38,277.52
10442,3470,62,3,444.18,1332.54
10443,3470,44,3,183.81,551.43
10444,3470,90,1,420.61,420.61
10445,3471,58,2,260.13,520.26
10446,3471,53,5,105.42,527.1
10447,3471,4,4,217.56,870.24
10448,3472,42,2,241.8,483.6
10449,3472,33,3,99.83,299.49
10450,3472,28,4,299.14,1196.56
10451,3472,9,2,93.48,186.96
10452,3473,6,1,386.9,386.9
10453,3473,99,5,403.91,2019.55
10454,3474,57,5,55.56,277.8
10455,3474,37,3,121.39,364.17
10456,3474,59,3,132.49,397.47
10457,3474,33,4,99.83,399.32
10458,3475,99,5,403.91,2019.55
10459,3475,48,4,160.97,643.88
10460,3475,65,5,103.56,517.8
10461,3475,38,2,293.18,586.36
10462,3476,63,1,380.74,380.74
10463,3476,68,4,488.86,1955.44
10464,3476,39,3,259.68,779.04
10465,3476,50,5,58.66,293.3
10466,3476,81,3,69.38,208.14
10467,3477,49,5,168.14,840.7
10468,3478,98,3,152.13,456.39
10469,3478,67,1,319.21,319.21
10470,3479,99,4,403.91,1615.64
10471,3479,41,3,71.84,215.52
10472,3479,13,5,260.92,1304.6
10473,3479,85,2,65.06,130.12
10474,3479,63,3,380.74,1142.22
10475,3480,37,4,121.39,485.56
10476,3480,68,3,488.86,1466.58
10477,3480,24,2,386.82,773.64
10478,3481,87,3,485.79,1457.37
10479,3481,49,2,168.14,336.28
10480,3481,46,3,455.87,1367.61
10481,3482,19,5,59.16,295.8
10482,3482,27,3,109.12,327.36
10483,3482,72,3,257.72,773.16
10484,3482,7,2,102.83,205.66
10485,3482,47,4,288.68,1154.72
10486,3483,78,1,441.78,441.78
10487,3483,24,4,386.82,1547.28
10488,3483,64,5,404.34,2021.7
10489,3484,97,1,337.32,337.32
10490,3484,79,3,460.63,1381.89
10491,3485,6,1,386.9,386.9
10492,3485,76,1,283.55,283.55
10493,3486,53,5,105.42,527.1
10494,3487,70,1,380.26,380.26
10495,3488,31,1,492.66,492.66
10496,3488,78,1,441.78,441.78
10497,3488,7,2,102.83,205.66
10498,3488,15,4,31.65,126.6
10499,3488,30,3,193.42,580.26
10500,3489,85,4,65.06,260.24
10501,3489,11,5,300.33,1501.65
10502,3490,43,1,365.01,365.01
10503,3491,77,2,493.21,986.42
10504,3491,60,2,317.43,634.86
10505,3491,39,4,259.68,1038.72
10506,3491,50,5,58.66,293.3
10507,3491,33,2,99.83,199.66
10508,3492,53,3,105.42,316.26
10509,3492,59,4,132.49,529.96
10510,3492,89,2,133.38,266.76
10511,3492,96,3,24.45,73.35
10512,3492,78,3,441.78,1325.34
10513,3493,63,1,380.74,380.74
10514,3493,15,1,31.65,31.65
10515,3494,52,1,134.43,134.43
10516,3494,73,4,446.53,1786.12
10517,3495,13,5,260.92,1304.6
10518,3495,91,5,336.75,1683.75
10519,3495,30,4,193.42,773.68
10520,3495,63,5,380.74,1903.7
10521,3495,85,4,65.06,260.24
10522,3496,86,5,405.91,2029.55
10523,3496,12,4,195.25,781
10524,3497,100,1,479.73,479.73
10525,3497,63,3,380.74,1142.22
10526,3497,85,2,65.06,130.12
10527,3498,68,4,488.86,1955.44
10528,3499,8,3,297.2,891.6
10529,3499,83,1,470.19,470.19
10530,3500,75,4,190.13,760.52
10531,3500,100,1,479.73,479.73
10532,3500,9,2,93.48,186.96
10533,3500,31,2,492.66,985.32
10534,3500,83,5,470.19,2350.95
10535,3501,92,4,267.01,1068.04
10536,3501,30,5,193.42,967.1
10537,3501,3,3,275.8,827.4
10538,3502,92,3,267.01,801.03
10539,3502,42,1,241.8,241.8
10540,3502,59,5,132.49,662.45
10541,3503,64,1,404.34,404.34
10542,3504,15,4,31.65,126.6
10543,3505,8,2,297.2,594.4
10544,3505,4,4,217.56,870.24
10545,3506,19,4,59.16,236.64
10546,3506,48,1,160.97,160.97
10547,3506,64,2,404.34,808.68
10548,3507,51,3,290.5,871.5
10549,3507,69,1,64.44,64.44
10550,3507,18,1,111.88,111.88
10551,3508,77,4,493.21,1972.84
10552,3508,80,2,135.98,271.96
10553,3508,88,5,322.06,1610.3
10554,3508,72,5,257.72,1288.6
10555,3508,16,4,54.7,218.8
10556,3509,75,2,190.13,380.26
10557,3509,71,4,234.88,939.52
10558,3510,34,3,435.95,1307.85
10559,3510,77,2,493.21,986.42
10560,3510,42,3,241.8,725.4
10561,3510,44,3,183.81,551.43
10562,3511,49,4,168.14,672.56
10563,3511,97,5,337.32,1686.6
10564,3511,40,4,225.49,901.96
10565,3511,26,3,20.11,60.33
10566,3512,9,5,93.48,467.4
10567,3512,34,2,435.95,871.9
10568,3513,35,3,121.6,364.8
10569,3513,100,2,479.73,959.46
10570,3513,46,2,455.87,911.74
10571,3513,34,4,435.95,1743.8
10572,3513,45,1,184.89,184.89
10573,3514,19,2,59.16,118.32
10574,3515,43,2,365.01,730.02
10575,3515,47,4,288.68,1154.72
10576,3515,35,4,121.6,486.4
10577,3516,7,5,102.83,514.15
10578,3516,98,1,152.13,152.13
10579,3516,9,1,93.48,93.48
10580,3517,81,4,69.38,277.52
10581,3518,23,3,157.5,472.5
10582,3519,17,4,375.79,1503.16
10583,3519,31,3,492.66,1477.98
10584,3519,62,4,444.18,1776.72
10585,3519,75,1,190.13,190.13
10586,3520,41,4,71.84,287.36
10587,3520,70,3,380.26,1140.78
10588,3520,84,3,362.77,1088.31
10589,3520,4,2,217.56,435.12
10590,3520,13,2,260.92,521.84
10591,3521,74,3,463.46,1390.38
10592,3522,22,2,271.14,542.28
10593,3523,65,3,103.56,310.68
10594,3524,24,5,386.82,1934.1
10595,3524,58,4,260.13,1040.52
10596,3524,53,3,105.42,316.26
10597,3524,95,1,397.59,397.59
10598,3525,11,5,300.33,1501.65
10599,3525,58,5,260.13,1300.65
10600,3526,24,1,386.82,386.82
10601,3526,7,4,102.83,411.32
10602,3526,68,3,488.86,1466.58
10603,3527,88,3,322.06,966.18
10604,3527,62,1,444.18,444.18
10605,3527,40,4,225.49,901.96
10606,3527,47,3,288.68,866.04
10607,3527,9,5,93.48,467.4
10608,3528,59,4,132.49,529.96
10609,3529,55,1,47.97,47.97
10610,3530,62,2,444.18,888.36
10611,3531,24,1,386.82,386.82
10612,3532,54,5,345.07,1725.35
10613,3533,48,5,160.97,804.85
10614,3533,33,3,99.83,299.49
10615,3534,49,1,168.14,168.14
10616,3534,94,2,443.5,887
10617,3534,14,1,40.76,40.76
10618,3534,36,5,146.18,730.9
10619,3534,61,1,309.79,309.79
10620,3535,37,2,121.39,242.78
10621,3536,63,2,380.74,761.48
10622,3536,64,4,404.34,1617.36
10623,3536,87,4,485.79,1943.16
10624,3537,79,4,460.63,1842.52
10625,3537,62,3,444.18,1332.54
10626,3537,76,3,283.55,850.65
10627,3538,35,3,121.6,364.8
10628,3538,69,5,64.44,322.2
10629,3538,26,4,20.11,80.44
10630,3538,13,1,260.92,260.92
10631,3538,4,4,217.56,870.24
10632,3539,41,1,71.84,71.84
10633,3539,97,5,337.32,1686.6
10634,3540,65,2,103.56,207.12
10635,3540,6,4,386.9,1547.6
10636,3540,51,1,290.5,290.5
10637,3540,13,4,260.92,1043.68
10638,3540,84,4,362.77,1451.08
10639,3541,47,5,288.68,1443.4
10640,3541,26,3,20.11,60.33
10641,3541,40,5,225.49,1127.45
10642,3542,9,4,93.48,373.92
10643,3542,20,1,411.46,411.46
10644,3542,2,2,13.76,27.52
10645,3542,8,3,297.2,891.6
10646,3542,55,4,47.97,191.88
10647,3543,72,1,257.72,257.72
10648,3544,71,4,234.88,939.52
10649,3544,19,3,59.16,177.48
10650,3544,30,5,193.42,967.1
10651,3544,41,2,71.84,143.68
10652,3545,94,4,443.5,1774
10653,3545,48,3,160.97,482.91
10654,3545,98,2,152.13,304.26
10655,3545,62,1,444.18,444.18
10656,3546,43,5,365.01,1825.05
10657,3546,39,5,259.68,1298.4
10658,3546,4,4,217.56,870.24
10659,3546,93,2,389.08,778.16
10660,3547,42,1,241.8,241.8
10661,3547,69,4,64.44,257.76
10662,3548,65,1,103.56,103.56
10663,3549,40,2,225.49,450.98
10664,3549,44,3,183.81,551.43
10665,3549,23,2,157.5,315
10666,3550,50,3,58.66,175.98
10667,3550,3,2,275.8,551.6
10668,3551,14,3,40.76,122.28
10669,3551,13,1,260.92,260.92
10670,3551,9,3,93.48,280.44
10671,3551,82,3,327.17,981.51
10672,3552,98,1,152.13,152.13
10673,3552,34,1,435.95,435.95
10674,3552,15,2,31.65,63.3
10675,3553,28,4,299.14,1196.56
10676,3553,56,5,208.09,1040.45
10677,3553,79,5,460.63,2303.15
10678,3553,28,2,299.14,598.28
10679,3554,69,1,64.44,64.44
10680,3554,23,5,157.5,787.5
10681,3555,86,3,405.91,1217.73
10682,3555,93,3,389.08,1167.24
10683,3555,48,5,160.97,804.85
10684,3555,19,5,59.16,295.8
10685,3556,74,2,463.46,926.92
10686,3556,51,5,290.5,1452.5
10687,3556,78,1,441.78,441.78
10688,3556,42,3,241.8,725.4
10689,3557,71,4,234.88,939.52
10690,3558,52,3,134.43,403.29
10691,3558,29,2,118.85,237.7
10692,3558,29,5,118.85,594.25
10693,3558,19,1,59.16,59.16
10694,3559,81,5,69.38,346.9
10695,3560,74,3,463.46,1390.38
10696,3560,65,5,103.56,517.8
10697,3561,14,4,40.76,163.04
10698,3561,63,2,380.74,761.48
10699,3562,24,4,386.82,1547.28
10700,3562,49,3,168.14,504.42
10701,3562,28,3,299.14,897.42
10702,3563,55,5,47.97,239.85
10703,3563,36,4,146.18,584.72
10704,3563,80,5,135.98,679.9
10705,3564,49,3,168.14,504.42
10706,3564,52,4,134.43,537.72
10707,3564,6,1,386.9,386.9
10708,3564,39,3,259.68,779.04
10709,3565,76,4,283.55,1134.2
10710,3566,77,4,493.21,1972.84
10711,3566,96,1,24.45,24.45
10712,3566,79,2,460.63,921.26
10713,3566,22,4,271.14,1084.56
10714,3567,47,5,288.68,1443.4
10715,3567,28,1,299.14,299.14
10716,3568,79,4,460.63,1842.52
10717,3568,10,4,360.58,1442.32
10718,3568,42,5,241.8,1209
10719,3569,98,4,152.13,608.52
10720,3569,55,1,47.97,47.97
10721,3569,50,3,58.66,175.98
10722,3569,60,5,317.43,1587.15
10723,3569,45,4,184.89,739.56
10724,3570,61,2,309.79,619.58
10725,3570,89,3,133.38,400.14
10726,3570,5,5,175.97,879.85
10727,3571,100,1,479.73,479.73
10728,3571,58,2,260.13,520.26
10729,3571,68,3,488.86,1466.58
10730,3571,11,3,300.33,900.99
10731,3572,19,3,59.16,177.48
10732,3572,7,3,102.83,308.49
10733,3573,93,3,389.08,1167.24
10734,3574,78,5,441.78,2208.9
10735,3574,35,5,121.6,608
10736,3574,50,4,58.66,234.64
10737,3574,57,3,55.56,166.68
10738,3574,91,1,336.75,336.75
10739,3575,66,3,102.27,306.81
10740,3575,5,2,175.97,351.94
10741,3576,53,2,105.42,210.84
10742,3576,82,5,327.17,1635.85
10743,3576,76,1,283.55,283.55
10744,3577,94,3,443.5,1330.5
10745,3577,82,1,327.17,327.17
10746,3577,100,2,479.73,959.46
10747,3577,43,2,365.01,730.02
10748,3577,19,1,59.16,59.16
10749,3578,14,1,40.76,40.76
10750,3578,27,4,109.12,436.48
10751,3578,93,4,389.08,1556.32
10752,3578,33,1,99.83,99.83
10753,3579,87,2,485.79,971.58
10754,3579,12,4,195.25,781
10755,3579,9,2,93.48,186.96
10756,3579,30,2,193.42,386.84
10757,3579,20,4,411.46,1645.84
10758,3580,3,5,275.8,1379
10759,3580,54,1,345.07,345.07
10760,3580,89,4,133.38,533.52
10761,3580,68,5,488.86,2444.3
10762,3581,83,1,470.19,470.19
10763,3582,83,4,470.19,1880.76
10764,3582,5,3,175.97,527.91
10765,3582,40,3,225.49,676.47
10766,3583,24,2,386.82,773.64
10767,3584,12,5,195.25,976.25
10768,3584,55,4,47.97,191.88
10769,3584,64,1,404.34,404.34
10770,3585,95,4,397.59,1590.36
10771,3585,31,1,492.66,492.66
10772,3585,30,4,193.42,773.68
10773,3585,47,3,288.68,866.04
10774,3586,92,1,267.01,267.01
10775,3586,58,1,260.13,260.13
10776,3586,49,3,168.14,504.42
10777,3587,81,2,69.38,138.76
10778,3587,16,1,54.7,54.7
10779,3588,66,3,102.27,306.81
10780,3588,78,2,441.78,883.56
10781,3588,14,5,40.76,203.8
10782,3588,51,4,290.5,1162
10783,3589,65,2,103.56,207.12
10784,3589,27,4,109.12,436.48
10785,3589,78,4,441.78,1767.12
10786,3590,89,4,133.38,533.52
10787,3591,85,3,65.06,195.18
10788,3591,40,1,225.49,225.49
10789,3591,66,1,102.27,102.27
10790,3591,80,2,135.98,271.96
10791,3592,1,5,263.13,1315.65
10792,3592,97,2,337.32,674.64
10793,3592,35,2,121.6,243.2
10794,3592,52,4,134.43,537.72
10795,3593,48,5,160.97,804.85
10796,3593,4,5,217.56,1087.8
10797,3593,63,3,380.74,1142.22
10798,3594,9,5,93.48,467.4
10799,3594,15,4,31.65,126.6
10800,3595,10,2,360.58,721.16
10801,3596,75,3,190.13,570.39
10802,3596,5,3,175.97,527.91
10803,3596,63,1,380.74,380.74
10804,3597,52,1,134.43,134.43
10805,3597,76,5,283.55,1417.75
10806,3597,56,5,208.09,1040.45
10807,3597,47,4,288.68,1154.72
10808,3598,38,5,293.18,1465.9
10809,3598,8,4,297.2,1188.8
10810,3598,98,2,152.13,304.26
10811,3598,53,5,105.42,527.1
10812,3598,19,3,59.16,177.48
10813,3599,15,5,31.65,158.25
10814,3599,15,2,31.65,63.3
10815,3599,26,3,20.11,60.33
10816,3599,24,4,386.82,1547.28
10817,3599,61,2,309.79,619.58
10818,3600,29,4,118.85,475.4
10819,3600,33,1,99.83,99.83
10820,3600,29,3,118.85,356.55
10821,3601,69,2,64.44,128.88
10822,3601,66,4,102.27,409.08
10823,3602,14,5,40.76,203.8
10824,3602,98,5,152.13,760.65
10825,3602,17,5,375.79,1878.95
10826,3602,86,2,405.91,811.82
10827,3603,5,3,175.97,527.91
10828,3603,24,3,386.82,1160.46
10829,3603,63,1,380.74,380.74
10830,3604,86,1,405.91,405.91
10831,3604,11,3,300.33,900.99
10832,3604,48,3,160.97,482.91
10833,3604,93,3,389.08,1167.24
10834,3605,74,3,463.46,1390.38
10835,3606,94,4,443.5,1774
10836,3606,98,2,152.13,304.26
10837,3606,94,3,443.5,1330.5
10838,3606,16,1,54.7,54.7
10839,3607,59,5,132.49,662.45
10840,3607,50,5,58.66,293.3
10841,3607,94,1,443.5,443.5
10842,3607,57,5,55.56,277.8
10843,3608,6,5,386.9,1934.5
10844,3608,95,1,397.59,397.59
10845,3608,54,1,345.07,345.07
10846,3608,18,5,111.88,559.4
10847,3608,90,1,420.61,420.61
10848,3609,94,2,443.5,887
10849,3609,15,5,31.65,158.25
10850,3609,76,1,283.55,283.55
10851,3610,41,1,71.84,71.84
10852,3610,100,2,479.73,959.46
10853,3610,76,3,283.55,850.65
10854,3610,69,2,64.44,128.88
10855,3610,42,5,241.8,1209
10856,3611,63,3,380.74,1142.22
10857,3611,78,1,441.78,441.78
10858,3611,16,3,54.7,164.1
10859,3611,53,5,105.42,527.1
10860,3612,27,5,109.12,545.6
10861,3612,11,4,300.33,1201.32
10862,3612,4,1,217.56,217.56
10863,3613,30,2,193.42,386.84
10864,3613,46,2,455.87,911.74
10865,3613,3,1,275.8,275.8
10866,3613,38,4,293.18,1172.72
10867,3614,39,5,259.68,1298.4
10868,3614,35,2,121.6,243.2
10869,3615,64,2,404.34,808.68
10870,3615,27,2,109.12,218.24
10871,3615,11,2,300.33,600.66
10872,3616,62,3,444.18,1332.54
10873,3616,43,3,365.01,1095.03
10874,3616,96,3,24.45,73.35
10875,3617,24,3,386.82,1160.46
10876,3617,32,3,100.46,301.38
10877,3617,90,5,420.61,2103.05
10878,3617,30,4,193.42,773.68
10879,3617,95,5,397.59,1987.95
10880,3618,1,1,263.13,263.13
10881,3618,95,4,397.59,1590.36
10882,3618,9,4,93.48,373.92
10883,3618,47,2,288.68,577.36
10884,3618,28,5,299.14,1495.7
10885,3619,80,3,135.98,407.94
10886,3619,92,1,267.01,267.01
10887,3620,99,1,403.91,403.91
10888,3620,63,3,380.74,1142.22
10889,3620,87,3,485.79,1457.37
10890,3620,43,4,365.01,1460.04
10891,3621,61,4,309.79,1239.16
10892,3621,97,3,337.32,1011.96
10893,3621,4,3,217.56,652.68
10894,3621,44,2,183.81,367.62
10895,3622,48,2,160.97,321.94
10896,3623,53,5,105.42,527.1
10897,3624,46,1,455.87,455.87
10898,3625,55,1,47.97,47.97
10899,3625,12,4,195.25,781
10900,3625,19,3,59.16,177.48
10901,3625,15,4,31.65,126.6
10902,3625,91,2,336.75,673.5
10903,3626,10,5,360.58,1802.9
10904,3627,79,2,460.63,921.26
10905,3627,18,2,111.88,223.76
10906,3627,70,1,380.26,380.26
10907,3628,44,5,183.81,919.05
10908,3628,34,3,435.95,1307.85
10909,3628,64,2,404.34,808.68
10910,3628,68,2,488.86,977.72
10911,3629,57,4,55.56,222.24
10912,3629,80,5,135.98,679.9
10913,3629,51,2,290.5,581
10914,3630,55,3,47.97,143.91
10915,3630,87,3,485.79,1457.37
10916,3630,26,2,20.11,40.22
10917,3630,4,3,217.56,652.68
10918,3630,46,4,455.87,1823.48
10919,3631,100,5,479.73,2398.65
10920,3632,16,5,54.7,273.5
10921,3632,78,4,441.78,1767.12
10922,3632,48,1,160.97,160.97
10923,3632,28,2,299.14,598.28
10924,3633,46,1,455.87,455.87
10925,3633,7,4,102.83,411.32
10926,3634,80,2,135.98,271.96
10927,3634,65,5,103.56,517.8
10928,3634,5,3,175.97,527.91
10929,3634,4,1,217.56,217.56
10930,3634,71,4,234.88,939.52
10931,3635,81,1,69.38,69.38
10932,3635,74,5,463.46,2317.3
10933,3635,52,1,134.43,134.43
10934,3635,56,3,208.09,624.27
10935,3635,77,5,493.21,2466.05
10936,3636,15,5,31.65,158.25
10937,3636,21,2,360.32,720.64
10938,3637,13,2,260.92,521.84
10939,3638,56,3,208.09,624.27
10940,3638,86,5,405.91,2029.55
10941,3638,66,4,102.27,409.08
10942,3638,12,1,195.25,195.25
10943,3639,8,5,297.2,1486
10944,3639,87,4,485.79,1943.16
10945,3640,38,1,293.18,293.18
10946,3640,78,5,441.78,2208.9
10947,3640,93,2,389.08,778.16
10948,3640,57,2,55.56,111.12
10949,3641,92,2,267.01,534.02
10950,3642,21,2,360.32,720.64
10951,3642,55,2,47.97,95.94
10952,3642,8,4,297.2,1188.8
10953,3642,86,1,405.91,405.91
10954,3642,43,3,365.01,1095.03
10955,3643,2,3,13.76,41.28
10956,3643,19,4,59.16,236.64
10957,3644,36,2,146.18,292.36
10958,3644,14,3,40.76,122.28
10959,3644,23,4,157.5,630
10960,3645,83,3,470.19,1410.57
10961,3645,59,2,132.49,264.98
10962,3645,40,4,225.49,901.96
10963,3645,40,4,225.49,901.96
10964,3645,65,5,103.56,517.8
10965,3646,14,3,40.76,122.28
10966,3646,30,1,193.42,193.42
10967,3646,64,5,404.34,2021.7
10968,3646,68,4,488.86,1955.44
10969,3647,74,3,463.46,1390.38
10970,3647,23,5,157.5,787.5
10971,3647,7,1,102.83,102.83
10972,3648,10,2,360.58,721.16
10973,3648,14,4,40.76,163.04
10974,3648,94,4,443.5,1774
10975,3649,7,1,102.83,102.83
10976,3650,11,4,300.33,1201.32
10977,3650,72,5,257.72,1288.6
10978,3650,54,2,345.07,690.14
10979,3650,100,5,479.73,2398.65
10980,3650,60,2,317.43,634.86
10981,3651,34,3,435.95,1307.85
10982,3652,85,3,65.06,195.18
10983,3652,92,1,267.01,267.01
10984,3652,80,1,135.98,135.98
10985,3653,30,3,193.42,580.26
10986,3654,19,1,59.16,59.16
10987,3654,11,2,300.33,600.66
10988,3654,38,5,293.18,1465.9
10989,3655,66,5,102.27,511.35
10990,3656,61,2,309.79,619.58
10991,3656,96,5,24.45,122.25
10992,3656,55,5,47.97,239.85
10993,3656,30,1,193.42,193.42
10994,3657,70,1,380.26,380.26
10995,3657,48,4,160.97,643.88
10996,3657,16,2,54.7,109.4
10997,3657,92,2,267.01,534.02
10998,3657,26,1,20.11,20.11
10999,3658,83,2,470.19,940.38
11000,3659,14,2,40.76,81.52
11001,3660,54,1,345.07,345.07
11002,3661,74,5,463.46,2317.3
11003,3661,39,1,259.68,259.68
11004,3661,33,1,99.83,99.83
11005,3661,4,1,217.56,217.56
11006,3662,68,1,488.86,488.86
11007,3662,76,3,283.55,850.65
11008,3662,38,2,293.18,586.36
11009,3663,48,1,160.97,160.97
11010,3664,35,5,121.6,608
11011,3664,85,4,65.06,260.24
11012,3664,49,2,168.14,336.28
11013,3664,74,4,463.46,1853.84
11014,3664,97,1,337.32,337.32
11015,3665,8,5,297.2,1486
11016,3666,33,5,99.83,499.15
11017,3667,56,3,208.09,624.27
11018,3667,53,1,105.42,105.42
11019,3668,88,2,322.06,644.12
11020,3669,89,4,133.38,533.52
11021,3669,36,4,146.18,584.72
11022,3670,12,5,195.25,976.25
11023,3671,99,2,403.91,807.82
11024,3671,60,4,317.43,1269.72
11025,3672,20,3,411.46,1234.38
11026,3672,93,2,389.08,778.16
11027,3673,79,3,460.63,1381.89
11028,3673,80,5,135.98,679.9
11029,3673,11,4,300.33,1201.32
11030,3674,45,1,184.89,184.89
11031,3674,60,2,317.43,634.86
11032,3675,29,2,118.85,237.7
11033,3675,30,5,193.42,967.1
11034,3675,61,1,309.79,309.79
11035,3675,8,4,297.2,1188.8
11036,3675,63,4,380.74,1522.96
11037,3676,57,3,55.56,166.68
11038,3676,37,3,121.39,364.17
11039,3676,42,1,241.8,241.8
11040,3677,89,2,133.38,266.76
11041,3678,91,3,336.75,1010.25
11042,3678,78,1,441.78,441.78
11043,3678,20,2,411.46,822.92
11044,3679,26,4,20.11,80.44
11045,3679,12,1,195.25,195.25
11046,3679,22,2,271.14,542.28
11047,3679,98,1,152.13,152.13
11048,3680,56,3,208.09,624.27
11049,3680,79,3,460.63,1381.89
11050,3680,73,5,446.53,2232.65
11051,3681,44,3,183.81,551.43
11052,3681,95,1,397.59,397.59
11053,3681,93,1,389.08,389.08
11054,3681,37,4,121.39,485.56
11055,3682,69,3,64.44,193.32
11056,3682,21,2,360.32,720.64
11057,3682,89,3,133.38,400.14
11058,3683,24,4,386.82,1547.28
11059,3683,40,1,225.49,225.49
11060,3683,74,1,463.46,463.46
11061,3683,50,1,58.66,58.66
11062,3683,51,1,290.5,290.5
11063,3684,74,2,463.46,926.92
11064,3684,96,3,24.45,73.35
11065,3685,78,1,441.78,441.78
11066,3686,1,5,263.13,1315.65
11067,3686,22,4,271.14,1084.56
11068,3686,5,4,175.97,703.88
11069,3686,51,1,290.5,290.5
11070,3686,32,4,100.46,401.84
11071,3687,41,1,71.84,71.84
11072,3688,3,1,275.8,275.8
11073,3688,40,2,225.49,450.98
11074,3688,69,5,64.44,322.2
11075,3688,90,4,420.61,1682.44
11076,3688,73,5,446.53,2232.65
11077,3689,16,5,54.7,273.5
11078,3690,72,1,257.72,257.72
11079,3690,64,4,404.34,1617.36
11080,3690,67,5,319.21,1596.05
11081,3690,98,3,152.13,456.39
11082,3691,11,4,300.33,1201.32
11083,3691,94,2,443.5,887
11084,3691,6,5,386.9,1934.5
11085,3691,68,5,488.86,2444.3
11086,3692,13,3,260.92,782.76
11087,3692,32,1,100.46,100.46
11088,3692,15,1,31.65,31.65
11089,3693,28,5,299.14,1495.7
11090,3694,96,3,24.45,73.35
11091,3694,100,2,479.73,959.46
11092,3694,98,1,152.13,152.13
11093,3694,18,5,111.88,559.4
11094,3695,85,2,65.06,130.12
11095,3695,45,2,184.89,369.78
11096,3695,82,2,327.17,654.34
11097,3695,87,3,485.79,1457.37
11098,3695,76,1,283.55,283.55
11099,3696,18,5,111.88,559.4
11100,3696,8,3,297.2,891.6
11101,3696,33,2,99.83,199.66
11102,3696,33,1,99.83,99.83
11103,3696,69,5,64.44,322.2
11104,3697,19,3,59.16,177.48
11105,3697,57,3,55.56,166.68
11106,3697,31,1,492.66,492.66
11107,3697,39,2,259.68,519.36
11108,3697,98,2,152.13,304.26
11109,3698,54,5,345.07,1725.35
11110,3698,77,3,493.21,1479.63
11111,3699,33,1,99.83,99.83
11112,3700,96,5,24.45,122.25
11113,3701,48,3,160.97,482.91
11114,3701,97,5,337.32,1686.6
11115,3702,33,2,99.83,199.66
11116,3702,10,1,360.58,360.58
11117,3703,15,1,31.65,31.65
11118,3703,75,5,190.13,950.65
11119,3703,87,4,485.79,1943.16
11120,3704,78,1,441.78,441.78
11121,3704,18,4,111.88,447.52
11122,3704,29,3,118.85,356.55
11123,3704,12,2,195.25,390.5
11124,3705,91,4,336.75,1347
11125,3705,79,2,460.63,921.26
11126,3705,17,3,375.79,1127.37
11127,3706,94,2,443.5,887
11128,3706,78,1,441.78,441.78
11129,3706,86,4,405.91,1623.64
11130,3706,60,2,317.43,634.86
11131,3706,83,5,470.19,2350.95
11132,3707,70,2,380.26,760.52
11133,3707,16,3,54.7,164.1
11134,3707,64,5,404.34,2021.7
11135,3707,63,5,380.74,1903.7
11136,3708,25,2,392.86,785.72
11137,3709,37,5,121.39,606.95
11138,3710,57,5,55.56,277.8
11139,3710,26,2,20.11,40.22
11140,3710,15,1,31.65,31.65
11141,3710,64,4,404.34,1617.36
11142,3710,6,4,386.9,1547.6
11143,3711,3,3,275.8,827.4
11144,3712,88,2,322.06,644.12
11145,3713,5,4,175.97,703.88
11146,3713,33,1,99.83,99.83
11147,3713,5,2,175.97,351.94
11148,3714,41,3,71.84,215.52
11149,3714,16,3,54.7,164.1
11150,3715,93,5,389.08,1945.4
11151,3716,34,3,435.95,1307.85
11152,3716,59,4,132.49,529.96
11153,3716,67,2,319.21,638.42
11154,3716,16,2,54.7,109.4
11155,3716,11,1,300.33,300.33
11156,3717,65,4,103.56,414.24
11157,3717,92,4,267.01,1068.04
11158,3717,16,2,54.7,109.4
11159,3718,80,3,135.98,407.94
11160,3718,13,5,260.92,1304.6
11161,3718,82,1,327.17,327.17
11162,3718,37,5,121.39,606.95
11163,3718,36,2,146.18,292.36
11164,3719,33,5,99.83,499.15
11165,3719,27,1,109.12,109.12
11166,3719,12,2,195.25,390.5
11167,3719,23,4,157.5,630
11168,3720,36,4,146.18,584.72
11169,3721,7,4,102.83,411.32
11170,3721,84,2,362.77,725.54
11171,3721,43,5,365.01,1825.05
11172,3722,74,3,463.46,1390.38
11173,3722,16,3,54.7,164.1
11174,3722,64,1,404.34,404.34
11175,3722,54,1,345.07,345.07
11176,3722,99,5,403.91,2019.55
11177,3723,71,2,234.88,469.76
11178,3723,98,1,152.13,152.13
11179,3724,26,1,20.11,20.11
11180,3724,6,3,386.9,1160.7
11181,3725,59,1,132.49,132.49
11182,3725,12,5,195.25,976.25
11183,3725,43,2,365.01,730.02
11184,3725,68,4,488.86,1955.44
11185,3726,78,2,441.78,883.56
11186,3726,14,1,40.76,40.76
11187,3726,50,4,58.66,234.64
11188,3726,6,3,386.9,1160.7
11189,3727,10,4,360.58,1442.32
11190,3727,97,2,337.32,674.64
11191,3727,83,1,470.19,470.19
11192,3728,85,2,65.06,130.12
11193,3728,18,3,111.88,335.64
11194,3728,40,5,225.49,1127.45
11195,3729,37,1,121.39,121.39
11196,3729,61,4,309.79,1239.16
11197,3729,83,1,470.19,470.19
11198,3729,56,3,208.09,624.27
11199,3729,18,4,111.88,447.52
11200,3730,46,5,455.87,2279.35
11201,3730,30,2,193.42,386.84
11202,3730,92,1,267.01,267.01
11203,3731,62,4,444.18,1776.72
11204,3731,16,3,54.7,164.1
11205,3731,73,4,446.53,1786.12
11206,3731,99,5,403.91,2019.55
11207,3731,77,5,493.21,2466.05
11208,3732,75,4,190.13,760.52
11209,3733,67,4,319.21,1276.84
11210,3733,51,5,290.5,1452.5
11211,3733,62,3,444.18,1332.54
11212,3733,74,1,463.46,463.46
11213,3734,83,3,470.19,1410.57
11214,3734,49,5,168.14,840.7
11215,3734,76,1,283.55,283.55
11216,3734,90,1,420.61,420.61
11217,3735,92,4,267.01,1068.04
11218,3735,42,5,241.8,1209
11219,3735,48,2,160.97,321.94
11220,3735,13,3,260.92,782.76
11221,3735,88,3,322.06,966.18
11222,3736,97,1,337.32,337.32
11223,3736,53,5,105.42,527.1
11224,3736,35,3,121.6,364.8
11225,3736,22,5,271.14,1355.7
11226,3736,53,1,105.42,105.42
11227,3737,31,1,492.66,492.66
11228,3737,80,3,135.98,407.94
11229,3737,62,1,444.18,444.18
11230,3737,51,2,290.5,581
11231,3738,8,3,297.2,891.6
11232,3738,1,3,263.13,789.39
11233,3738,65,2,103.56,207.12
11234,3738,4,1,217.56,217.56
11235,3739,72,1,257.72,257.72
11236,3739,30,5,193.42,967.1
11237,3739,99,1,403.91,403.91
11238,3739,24,3,386.82,1160.46
11239,3740,85,5,65.06,325.3
11240,3740,28,5,299.14,1495.7
11241,3740,95,5,397.59,1987.95
11242,3741,100,5,479.73,2398.65
11243,3742,18,4,111.88,447.52
11244,3742,7,3,102.83,308.49
11245,3742,75,3,190.13,570.39
11246,3743,60,5,317.43,1587.15
11247,3743,66,1,102.27,102.27
11248,3743,93,4,389.08,1556.32
11249,3744,51,1,290.5,290.5
11250,3744,81,3,69.38,208.14
11251,3745,13,2,260.92,521.84
11252,3745,65,3,103.56,310.68
11253,3745,34,4,435.95,1743.8
11254,3745,47,2,288.68,577.36
11255,3745,65,4,103.56,414.24
11256,3746,37,4,121.39,485.56
11257,3746,27,1,109.12,109.12
11258,3747,3,3,275.8,827.4
11259,3747,17,4,375.79,1503.16
11260,3748,57,1,55.56,55.56
11261,3749,15,2,31.65,63.3
11262,3749,29,2,118.85,237.7
11263,3750,66,3,102.27,306.81
11264,3751,55,4,47.97,191.88
11265,3751,66,4,102.27,409.08
11266,3752,69,2,64.44,128.88
11267,3752,29,1,118.85,118.85
11268,3752,79,4,460.63,1842.52
11269,3753,1,1,263.13,263.13
11270,3753,94,3,443.5,1330.5
11271,3753,52,1,134.43,134.43
11272,3754,98,2,152.13,304.26
11273,3754,48,1,160.97,160.97
11274,3754,81,2,69.38,138.76
11275,3755,38,1,293.18,293.18
11276,3756,93,3,389.08,1167.24
11277,3756,99,2,403.91,807.82
11278,3756,60,5,317.43,1587.15
11279,3756,83,4,470.19,1880.76
11280,3756,43,4,365.01,1460.04
11281,3757,66,1,102.27,102.27
11282,3757,85,2,65.06,130.12
11283,3757,48,3,160.97,482.91
11284,3757,12,4,195.25,781
11285,3757,6,5,386.9,1934.5
11286,3758,25,4,392.86,1571.44
11287,3758,5,3,175.97,527.91
11288,3758,44,2,183.81,367.62
11289,3758,31,3,492.66,1477.98
11290,3759,96,5,24.45,122.25
11291,3759,50,1,58.66,58.66
11292,3760,11,5,300.33,1501.65
11293,3760,91,4,336.75,1347
11294,3761,88,2,322.06,644.12
11295,3761,34,1,435.95,435.95
11296,3762,18,1,111.88,111.88
11297,3762,83,1,470.19,470.19
11298,3763,41,2,71.84,143.68
11299,3763,54,3,345.07,1035.21
11300,3763,17,3,375.79,1127.37
11301,3763,95,3,397.59,1192.77
11302,3764,17,1,375.79,375.79
11303,3764,68,1,488.86,488.86
11304,3764,40,5,225.49,1127.45
11305,3764,58,4,260.13,1040.52
11306,3764,7,1,102.83,102.83
11307,3765,83,2,470.19,940.38
11308,3765,45,2,184.89,369.78
11309,3766,64,4,404.34,1617.36
11310,3766,40,3,225.49,676.47
11311,3766,26,5,20.11,100.55
11312,3766,9,2,93.48,186.96
11313,3767,64,5,404.34,2021.7
11314,3768,54,4,345.07,1380.28
11315,3769,61,2,309.79,619.58
11316,3769,52,3,134.43,403.29
11317,3769,77,3,493.21,1479.63
11318,3769,67,4,319.21,1276.84
11319,3769,14,4,40.76,163.04
11320,3770,57,4,55.56,222.24
11321,3770,96,3,24.45,73.35
11322,3771,35,1,121.6,121.6
11323,3771,39,2,259.68,519.36
11324,3771,6,4,386.9,1547.6
11325,3771,58,1,260.13,260.13
11326,3772,91,1,336.75,336.75
11327,3772,17,1,375.79,375.79
11328,3772,84,2,362.77,725.54
11329,3772,84,3,362.77,1088.31
11330,3773,79,5,460.63,2303.15
11331,3774,66,4,102.27,409.08
11332,3775,82,1,327.17,327.17
11333,3776,2,3,13.76,41.28
11334,3776,2,1,13.76,13.76
11335,3776,37,3,121.39,364.17
11336,3777,61,3,309.79,929.37
11337,3777,45,4,184.89,739.56
11338,3777,61,3,309.79,929.37
11339,3778,23,1,157.5,157.5
11340,3778,44,4,183.81,735.24
11341,3778,8,4,297.2,1188.8
11342,3778,97,5,337.32,1686.6
11343,3779,96,3,24.45,73.35
11344,3779,72,5,257.72,1288.6
11345,3780,82,3,327.17,981.51
11346,3781,73,3,446.53,1339.59
11347,3781,94,1,443.5,443.5
11348,3782,53,5,105.42,527.1
11349,3782,47,1,288.68,288.68
11350,3782,38,4,293.18,1172.72
11351,3782,67,3,319.21,957.63
11352,3783,77,3,493.21,1479.63
11353,3784,26,3,20.11,60.33
11354,3784,87,3,485.79,1457.37
11355,3784,11,3,300.33,900.99
11356,3784,87,2,485.79,971.58
11357,3784,9,3,93.48,280.44
11358,3785,72,4,257.72,1030.88
11359,3785,26,4,20.11,80.44
11360,3786,20,4,411.46,1645.84
11361,3786,56,5,208.09,1040.45
11362,3786,36,2,146.18,292.36
11363,3787,56,3,208.09,624.27
11364,3787,40,5,225.49,1127.45
11365,3787,31,5,492.66,2463.3
11366,3787,19,5,59.16,295.8
11367,3787,4,2,217.56,435.12
11368,3788,100,4,479.73,1918.92
11369,3788,94,1,443.5,443.5
11370,3789,53,3,105.42,316.26
11371,3789,88,3,322.06,966.18
11372,3789,99,1,403.91,403.91
11373,3789,57,3,55.56,166.68
11374,3789,43,2,365.01,730.02
11375,3790,1,5,263.13,1315.65
11376,3790,54,5,345.07,1725.35
11377,3790,37,5,121.39,606.95
11378,3791,95,2,397.59,795.18
11379,3791,61,4,309.79,1239.16
11380,3792,30,1,193.42,193.42
11381,3793,92,3,267.01,801.03
11382,3794,62,4,444.18,1776.72
11383,3794,89,4,133.38,533.52
11384,3794,39,5,259.68,1298.4
11385,3794,11,4,300.33,1201.32
11386,3794,3,5,275.8,1379
11387,3795,49,2,168.14,336.28
11388,3795,64,5,404.34,2021.7
11389,3795,86,1,405.91,405.91
11390,3795,35,2,121.6,243.2
11391,3796,43,5,365.01,1825.05
11392,3796,53,5,105.42,527.1
11393,3796,56,1,208.09,208.09
11394,3796,54,3,345.07,1035.21
11395,3796,49,2,168.14,336.28
11396,3797,11,2,300.33,600.66
11397,3797,47,2,288.68,577.36
11398,3797,58,3,260.13,780.39
11399,3797,66,1,102.27,102.27
11400,3797,1,5,263.13,1315.65
11401,3798,22,1,271.14,271.14
11402,3798,76,4,283.55,1134.2
11403,3798,32,3,100.46,301.38
11404,3799,37,2,121.39,242.78
11405,3800,66,3,102.27,306.81
11406,3800,61,5,309.79,1548.95
11407,3801,17,4,375.79,1503.16
11408,3802,84,2,362.77,725.54
11409,3803,17,3,375.79,1127.37
11410,3803,11,4,300.33,1201.32
11411,3803,41,5,71.84,359.2
11412,3803,85,4,65.06,260.24
11413,3804,57,3,55.56,166.68
11414,3804,16,5,54.7,273.5
11415,3804,37,1,121.39,121.39
11416,3805,73,3,446.53,1339.59
11417,3805,91,2,336.75,673.5
11418,3806,42,2,241.8,483.6
11419,3806,51,4,290.5,1162
11420,3806,25,1,392.86,392.86
11421,3806,71,4,234.88,939.52
11422,3806,20,4,411.46,1645.84
11423,3807,75,2,190.13,380.26
11424,3807,78,3,441.78,1325.34
11425,3808,44,2,183.81,367.62
11426,3809,23,2,157.5,315
11427,3810,96,1,24.45,24.45
11428,3811,65,5,103.56,517.8
11429,3811,60,2,317.43,634.86
11430,3811,97,3,337.32,1011.96
11431,3811,88,1,322.06,322.06
11432,3812,44,4,183.81,735.24
11433,3812,67,3,319.21,957.63
11434,3813,97,3,337.32,1011.96
11435,3813,66,3,102.27,306.81
11436,3813,94,2,443.5,887
11437,3814,11,1,300.33,300.33
11438,3815,26,2,20.11,40.22
11439,3815,54,4,345.07,1380.28
11440,3815,32,1,100.46,100.46
11441,3815,46,1,455.87,455.87
11442,3815,1,4,263.13,1052.52
11443,3816,53,4,105.42,421.68
11444,3817,15,2,31.65,63.3
11445,3817,75,4,190.13,760.52
11446,3817,13,4,260.92,1043.68
11447,3818,63,3,380.74,1142.22
11448,3818,90,2,420.61,841.22
11449,3818,30,1,193.42,193.42
11450,3818,29,4,118.85,475.4
11451,3819,28,1,299.14,299.14
11452,3819,97,5,337.32,1686.6
11453,3819,6,3,386.9,1160.7
11454,3819,10,5,360.58,1802.9
11455,3819,31,3,492.66,1477.98
11456,3820,76,4,283.55,1134.2
11457,3820,10,5,360.58,1802.9
11458,3821,93,5,389.08,1945.4
11459,3822,69,5,64.44,322.2
11460,3822,30,2,193.42,386.84
11461,3823,54,1,345.07,345.07
11462,3823,51,5,290.5,1452.5
11463,3823,100,1,479.73,479.73
11464,3823,62,4,444.18,1776.72
11465,3824,54,2,345.07,690.14
11466,3824,57,3,55.56,166.68
11467,3824,61,1,309.79,309.79
11468,3825,94,2,443.5,887
11469,3826,86,3,405.91,1217.73
11470,3826,59,4,132.49,529.96
11471,3826,48,4,160.97,643.88
11472,3826,21,4,360.32,1441.28
11473,3826,87,1,485.79,485.79
11474,3827,84,4,362.77,1451.08
11475,3827,61,1,309.79,309.79
11476,3827,36,1,146.18,146.18
11477,3827,75,5,190.13,950.65
11478,3828,95,1,397.59,397.59
11479,3829,37,3,121.39,364.17
11480,3829,85,3,65.06,195.18
11481,3829,49,1,168.14,168.14
11482,3829,6,2,386.9,773.8
11483,3829,85,4,65.06,260.24
11484,3830,30,5,193.42,967.1
11485,3831,14,2,40.76,81.52
11486,3831,31,2,492.66,985.32
11487,3831,90,2,420.61,841.22
11488,3831,86,2,405.91,811.82
11489,3831,43,2,365.01,730.02
11490,3832,1,3,263.13,789.39
11491,3832,38,2,293.18,586.36
11492,3832,78,4,441.78,1767.12
11493,3832,89,5,133.38,666.9
11494,3833,36,1,146.18,146.18
11495,3833,100,1,479.73,479.73
11496,3833,55,4,47.97,191.88
11497,3833,99,4,403.91,1615.64
11498,3833,25,2,392.86,785.72
11499,3834,45,5,184.89,924.45
11500,3834,53,2,105.42,210.84
11501,3834,52,2,134.43,268.86
11502,3834,33,4,99.83,399.32
11503,3835,63,1,380.74,380.74
11504,3835,88,5,322.06,1610.3
11505,3835,71,2,234.88,469.76
11506,3835,75,1,190.13,190.13
11507,3835,73,5,446.53,2232.65
11508,3836,60,3,317.43,952.29
11509,3837,26,1,20.11,20.11
11510,3837,20,4,411.46,1645.84
11511,3837,27,3,109.12,327.36
11512,3837,40,4,225.49,901.96
11513,3837,62,2,444.18,888.36
11514,3838,40,4,225.49,901.96
11515,3838,79,2,460.63,921.26
11516,3838,47,3,288.68,866.04
11517,3839,79,1,460.63,460.63
11518,3839,27,2,109.12,218.24
11519,3839,96,5,24.45,122.25
11520,3839,11,1,300.33,300.33
11521,3839,77,4,493.21,1972.84
11522,3840,50,4,58.66,234.64
11523,3840,93,1,389.08,389.08
11524,3840,87,5,485.79,2428.95
11525,3840,15,1,31.65,31.65
11526,3840,7,1,102.83,102.83
11527,3841,90,3,420.61,1261.83
11528,3842,73,4,446.53,1786.12
11529,3842,35,1,121.6,121.6
11530,3842,18,4,111.88,447.52
11531,3843,7,1,102.83,102.83
11532,3844,81,1,69.38,69.38
11533,3844,62,5,444.18,2220.9
11534,3844,88,1,322.06,322.06
11535,3844,24,3,386.82,1160.46
11536,3844,86,4,405.91,1623.64
11537,3845,58,1,260.13,260.13
11538,3845,97,5,337.32,1686.6
11539,3845,63,2,380.74,761.48
11540,3846,63,3,380.74,1142.22
11541,3846,20,5,411.46,2057.3
11542,3846,62,4,444.18,1776.72
11543,3846,48,4,160.97,643.88
11544,3846,56,4,208.09,832.36
11545,3847,82,2,327.17,654.34
11546,3847,64,5,404.34,2021.7
11547,3847,74,5,463.46,2317.3
11548,3848,19,3,59.16,177.48
11549,3848,58,2,260.13,520.26
11550,3849,45,2,184.89,369.78
11551,3850,61,3,309.79,929.37
11552,3850,4,1,217.56,217.56
11553,3851,34,1,435.95,435.95
11554,3851,91,5,336.75,1683.75
11555,3852,84,1,362.77,362.77
11556,3852,85,4,65.06,260.24
11557,3852,71,5,234.88,1174.4
11558,3852,8,5,297.2,1486
11559,3852,59,1,132.49,132.49
11560,3853,57,3,55.56,166.68
11561,3853,19,3,59.16,177.48
11562,3853,63,1,380.74,380.74
11563,3854,1,1,263.13,263.13
11564,3854,34,3,435.95,1307.85
11565,3855,83,4,470.19,1880.76
11566,3855,84,5,362.77,1813.85
11567,3855,27,3,109.12,327.36
11568,3856,96,2,24.45,48.9
11569,3856,50,4,58.66,234.64
11570,3857,51,5,290.5,1452.5
11571,3857,59,5,132.49,662.45
11572,3857,26,5,20.11,100.55
11573,3857,62,1,444.18,444.18
11574,3857,75,4,190.13,760.52
11575,3858,41,3,71.84,215.52
11576,3859,39,3,259.68,779.04
11577,3859,87,3,485.79,1457.37
11578,3859,3,5,275.8,1379
11579,3859,43,3,365.01,1095.03
11580,3859,94,1,443.5,443.5
11581,3860,34,1,435.95,435.95
11582,3860,70,5,380.26,1901.3
11583,3860,22,3,271.14,813.42
11584,3860,83,5,470.19,2350.95
11585,3860,46,5,455.87,2279.35
11586,3861,81,5,69.38,346.9
11587,3861,15,1,31.65,31.65
11588,3861,14,2,40.76,81.52
11589,3861,26,4,20.11,80.44
11590,3861,11,5,300.33,1501.65
11591,3862,79,2,460.63,921.26
11592,3862,8,3,297.2,891.6
11593,3862,83,3,470.19,1410.57
11594,3862,52,1,134.43,134.43
11595,3862,98,4,152.13,608.52
11596,3863,29,4,118.85,475.4
11597,3863,50,4,58.66,234.64
11598,3863,39,3,259.68,779.04
11599,3863,31,5,492.66,2463.3
11600,3863,21,3,360.32,1080.96
11601,3864,31,3,492.66,1477.98
11602,3864,63,2,380.74,761.48
11603,3864,13,4,260.92,1043.68
11604,3865,57,2,55.56,111.12
11605,3865,35,5,121.6,608
11606,3866,84,3,362.77,1088.31
11607,3866,35,4,121.6,486.4
11608,3866,22,1,271.14,271.14
11609,3867,1,1,263.13,263.13
11610,3867,42,5,241.8,1209
11611,3867,74,4,463.46,1853.84
11612,3867,46,5,455.87,2279.35
11613,3867,56,4,208.09,832.36
11614,3868,72,5,257.72,1288.6
11615,3868,69,4,64.44,257.76
11616,3868,9,4,93.48,373.92
11617,3869,3,1,275.8,275.8
11618,3869,99,4,403.91,1615.64
11619,3869,73,1,446.53,446.53
11620,3869,85,3,65.06,195.18
11621,3869,74,3,463.46,1390.38
11622,3870,65,5,103.56,517.8
11623,3870,43,5,365.01,1825.05
11624,3870,69,2,64.44,128.88
11625,3871,80,3,135.98,407.94
11626,3871,36,5,146.18,730.9
11627,3871,44,1,183.81,183.81
11628,3871,99,3,403.91,1211.73
11629,3871,79,4,460.63,1842.52
11630,3872,21,3,360.32,1080.96
11631,3872,35,1,121.6,121.6
11632,3873,88,3,322.06,966.18
11633,3873,40,4,225.49,901.96
11634,3874,30,1,193.42,193.42
11635,3875,82,5,327.17,1635.85
11636,3875,97,2,337.32,674.64
11637,3875,93,2,389.08,778.16
11638,3876,24,1,386.82,386.82
11639,3876,61,4,309.79,1239.16
11640,3876,14,3,40.76,122.28
11641,3876,67,1,319.21,319.21
11642,3876,9,5,93.48,467.4
11643,3877,71,4,234.88,939.52
11644,3877,19,5,59.16,295.8
11645,3878,41,1,71.84,71.84
11646,3878,61,4,309.79,1239.16
11647,3878,51,5,290.5,1452.5
11648,3878,10,4,360.58,1442.32
11649,3878,43,2,365.01,730.02
11650,3879,99,4,403.91,1615.64
11651,3879,99,4,403.91,1615.64
11652,3880,29,5,118.85,594.25
11653,3880,48,5,160.97,804.85
11654,3881,50,4,58.66,234.64
11655,3881,71,2,234.88,469.76
11656,3881,89,5,133.38,666.9
11657,3881,73,1,446.53,446.53
11658,3882,80,5,135.98,679.9
11659,3883,14,2,40.76,81.52
11660,3883,81,1,69.38,69.38
11661,3884,43,5,365.01,1825.05
11662,3885,8,3,297.2,891.6
11663,3885,24,3,386.82,1160.46
11664,3885,97,1,337.32,337.32
11665,3886,10,1,360.58,360.58
11666,3887,62,5,444.18,2220.9
11667,3888,67,4,319.21,1276.84
11668,3889,51,2,290.5,581
11669,3890,45,4,184.89,739.56
11670,3890,61,2,309.79,619.58
11671,3891,55,4,47.97,191.88
11672,3891,24,5,386.82,1934.1
11673,3891,37,1,121.39,121.39
11674,3892,38,3,293.18,879.54
11675,3892,75,2,190.13,380.26
11676,3892,40,5,225.49,1127.45
11677,3892,43,5,365.01,1825.05
11678,3893,74,3,463.46,1390.38
11679,3893,84,4,362.77,1451.08
11680,3893,77,5,493.21,2466.05
11681,3894,73,4,446.53,1786.12
11682,3894,52,5,134.43,672.15
11683,3894,47,4,288.68,1154.72
11684,3895,1,4,263.13,1052.52
11685,3895,28,2,299.14,598.28
11686,3895,36,5,146.18,730.9
11687,3895,95,4,397.59,1590.36
11688,3895,13,3,260.92,782.76
11689,3896,23,1,157.5,157.5
11690,3896,41,3,71.84,215.52
11691,3896,38,5,293.18,1465.9
11692,3896,50,2,58.66,117.32
11693,3897,34,2,435.95,871.9
11694,3898,5,2,175.97,351.94
11695,3898,59,1,132.49,132.49
11696,3898,46,1,455.87,455.87
11697,3898,50,5,58.66,293.3
11698,3898,15,1,31.65,31.65
11699,3899,74,2,463.46,926.92
11700,3899,28,4,299.14,1196.56
11701,3899,59,3,132.49,397.47
11702,3899,90,4,420.61,1682.44
11703,3900,63,3,380.74,1142.22
11704,3900,70,2,380.26,760.52
11705,3901,40,3,225.49,676.47
11706,3901,44,5,183.81,919.05
11707,3901,28,2,299.14,598.28
11708,3901,51,1,290.5,290.5
11709,3902,13,1,260.92,260.92
11710,3903,95,1,397.59,397.59
11711,3903,52,3,134.43,403.29
11712,3903,20,1,411.46,411.46
11713,3903,26,5,20.11,100.55
11714,3904,24,2,386.82,773.64
11715,3905,77,5,493.21,2466.05
11716,3905,11,1,300.33,300.33
11717,3905,78,2,441.78,883.56
11718,3905,97,3,337.32,1011.96
11719,3905,16,1,54.7,54.7
11720,3906,86,1,405.91,405.91
11721,3906,35,5,121.6,608
11722,3907,23,3,157.5,472.5
11723,3907,34,3,435.95,1307.85
11724,3908,17,1,375.79,375.79
11725,3908,31,5,492.66,2463.3
11726,3908,71,3,234.88,704.64
11727,3908,54,2,345.07,690.14
11728,3908,45,1,184.89,184.89
11729,3909,89,1,133.38,133.38
11730,3909,19,3,59.16,177.48
11731,3909,72,1,257.72,257.72
11732,3909,30,2,193.42,386.84
11733,3910,100,1,479.73,479.73
11734,3910,23,3,157.5,472.5
11735,3910,5,3,175.97,527.91
11736,3910,23,3,157.5,472.5
11737,3911,3,4,275.8,1103.2
11738,3911,36,1,146.18,146.18
11739,3911,32,1,100.46,100.46
11740,3911,62,1,444.18,444.18
11741,3912,72,3,257.72,773.16
11742,3912,55,4,47.97,191.88
11743,3912,69,1,64.44,64.44
11744,3912,34,5,435.95,2179.75
11745,3913,50,4,58.66,234.64
11746,3913,26,5,20.11,100.55
11747,3914,11,1,300.33,300.33
11748,3914,93,3,389.08,1167.24
11749,3915,43,1,365.01,365.01
11750,3915,68,2,488.86,977.72
11751,3915,72,3,257.72,773.16
11752,3915,19,5,59.16,295.8
11753,3916,13,2,260.92,521.84
11754,3916,90,2,420.61,841.22
11755,3916,10,5,360.58,1802.9
11756,3917,91,2,336.75,673.5
11757,3917,16,1,54.7,54.7
11758,3917,76,3,283.55,850.65
11759,3917,41,1,71.84,71.84
11760,3917,83,2,470.19,940.38
11761,3918,74,1,463.46,463.46
11762,3918,95,1,397.59,397.59
11763,3918,63,3,380.74,1142.22
11764,3918,18,4,111.88,447.52
11765,3918,83,2,470.19,940.38
11766,3919,70,5,380.26,1901.3
11767,3919,36,1,146.18,146.18
11768,3920,75,2,190.13,380.26
11769,3920,89,1,133.38,133.38
11770,3920,35,2,121.6,243.2
11771,3920,42,5,241.8,1209
11772,3921,66,5,102.27,511.35
11773,3921,55,2,47.97,95.94
11774,3921,3,4,275.8,1103.2
11775,3921,19,5,59.16,295.8
11776,3921,35,4,121.6,486.4
11777,3922,57,2,55.56,111.12
11778,3922,10,5,360.58,1802.9
11779,3922,3,5,275.8,1379
11780,3922,31,2,492.66,985.32
11781,3923,66,1,102.27,102.27
11782,3924,32,1,100.46,100.46
11783,3925,35,2,121.6,243.2
11784,3925,1,1,263.13,263.13
11785,3925,73,5,446.53,2232.65
11786,3925,44,1,183.81,183.81
11787,3926,90,5,420.61,2103.05
11788,3927,55,1,47.97,47.97
11789,3928,47,3,288.68,866.04
11790,3928,36,2,146.18,292.36
11791,3928,14,3,40.76,122.28
11792,3928,80,2,135.98,271.96
11793,3928,72,1,257.72,257.72
11794,3929,76,5,283.55,1417.75
11795,3929,75,2,190.13,380.26
11796,3930,22,5,271.14,1355.7
11797,3931,12,1,195.25,195.25
11798,3931,86,5,405.91,2029.55
11799,3931,14,5,40.76,203.8
11800,3931,40,1,225.49,225.49
11801,3932,67,4,319.21,1276.84
11802,3932,73,1,446.53,446.53
11803,3932,74,3,463.46,1390.38
11804,3932,20,5,411.46,2057.3
11805,3932,46,2,455.87,911.74
11806,3933,79,1,460.63,460.63
11807,3933,37,1,121.39,121.39
11808,3933,10,3,360.58,1081.74
11809,3933,92,5,267.01,1335.05
11810,3933,92,5,267.01,1335.05
11811,3934,47,1,288.68,288.68
11812,3935,66,5,102.27,511.35
11813,3936,86,4,405.91,1623.64
11814,3937,81,4,69.38,277.52
11815,3937,100,3,479.73,1439.19
11816,3937,58,3,260.13,780.39
11817,3938,30,4,193.42,773.68
11818,3939,99,3,403.91,1211.73
11819,3939,47,2,288.68,577.36
11820,3940,35,4,121.6,486.4
11821,3941,18,2,111.88,223.76
11822,3941,35,5,121.6,608
11823,3941,62,1,444.18,444.18
11824,3941,57,3,55.56,166.68
11825,3942,46,2,455.87,911.74
11826,3943,23,2,157.5,315
11827,3944,51,4,290.5,1162
11828,3945,59,1,132.49,132.49
11829,3945,23,3,157.5,472.5
11830,3945,45,1,184.89,184.89
11831,3945,94,5,443.5,2217.5
11832,3946,65,4,103.56,414.24
11833,3946,88,4,322.06,1288.24
11834,3946,44,5,183.81,919.05
11835,3946,83,3,470.19,1410.57
11836,3946,94,4,443.5,1774
11837,3947,35,5,121.6,608
11838,3947,82,4,327.17,1308.68
11839,3947,40,4,225.49,901.96
11840,3948,3,2,275.8,551.6
11841,3948,99,5,403.91,2019.55
11842,3948,44,1,183.81,183.81
11843,3948,45,2,184.89,369.78
11844,3948,92,4,267.01,1068.04
11845,3949,38,5,293.18,1465.9
11846,3949,30,3,193.42,580.26
11847,3950,84,1,362.77,362.77
11848,3950,13,2,260.92,521.84
11849,3951,78,4,441.78,1767.12
11850,3951,76,1,283.55,283.55
11851,3951,79,3,460.63,1381.89
11852,3952,64,1,404.34,404.34
11853,3952,17,3,375.79,1127.37
11854,3952,75,4,190.13,760.52
11855,3953,81,1,69.38,69.38
11856,3953,17,5,375.79,1878.95
11857,3953,31,3,492.66,1477.98
11858,3953,74,5,463.46,2317.3
11859,3953,61,1,309.79,309.79
11860,3954,68,4,488.86,1955.44
11861,3954,75,1,190.13,190.13
11862,3955,76,1,283.55,283.55
11863,3955,45,5,184.89,924.45
11864,3955,22,2,271.14,542.28
11865,3955,88,5,322.06,1610.3
11866,3955,18,5,111.88,559.4
11867,3956,86,5,405.91,2029.55
11868,3956,48,5,160.97,804.85
11869,3956,63,4,380.74,1522.96
11870,3956,45,4,184.89,739.56
11871,3957,7,5,102.83,514.15
11872,3957,16,2,54.7,109.4
11873,3957,91,3,336.75,1010.25
11874,3957,24,1,386.82,386.82
11875,3957,3,5,275.8,1379
11876,3958,41,3,71.84,215.52
11877,3958,11,5,300.33,1501.65
11878,3959,93,1,389.08,389.08
11879,3959,15,2,31.65,63.3
11880,3959,19,3,59.16,177.48
11881,3959,33,1,99.83,99.83
11882,3959,78,2,441.78,883.56
11883,3960,54,2,345.07,690.14
11884,3961,10,3,360.58,1081.74
11885,3961,42,2,241.8,483.6
11886,3962,26,5,20.11,100.55
11887,3962,65,1,103.56,103.56
11888,3962,34,5,435.95,2179.75
11889,3963,72,3,257.72,773.16
11890,3963,80,5,135.98,679.9
11891,3963,98,5,152.13,760.65
11892,3964,100,3,479.73,1439.19
11893,3964,42,3,241.8,725.4
11894,3964,99,3,403.91,1211.73
11895,3965,35,3,121.6,364.8
11896,3965,29,2,118.85,237.7
11897,3965,51,4,290.5,1162
11898,3965,21,4,360.32,1441.28
11899,3966,94,4,443.5,1774
11900,3966,93,5,389.08,1945.4
11901,3966,31,1,492.66,492.66
11902,3967,73,2,446.53,893.06
11903,3967,40,4,225.49,901.96
11904,3967,10,3,360.58,1081.74
11905,3967,47,4,288.68,1154.72
11906,3967,88,3,322.06,966.18
11907,3968,35,1,121.6,121.6
11908,3968,36,3,146.18,438.54
11909,3968,12,1,195.25,195.25
11910,3968,3,1,275.8,275.8
11911,3969,41,3,71.84,215.52
11912,3969,49,4,168.14,672.56
11913,3969,78,5,441.78,2208.9
11914,3970,60,4,317.43,1269.72
11915,3970,84,2,362.77,725.54
11916,3970,78,1,441.78,441.78
11917,3971,93,5,389.08,1945.4
11918,3972,91,5,336.75,1683.75
11919,3972,82,1,327.17,327.17
11920,3973,61,5,309.79,1548.95
11921,3973,75,4,190.13,760.52
11922,3973,58,1,260.13,260.13
11923,3974,14,4,40.76,163.04
11924,3974,97,3,337.32,1011.96
11925,3975,34,1,435.95,435.95
11926,3975,30,3,193.42,580.26
11927,3975,66,2,102.27,204.54
11928,3975,7,1,102.83,102.83
11929,3976,85,4,65.06,260.24
11930,3976,53,2,105.42,210.84
11931,3976,65,2,103.56,207.12
11932,3977,92,5,267.01,1335.05
11933,3977,94,5,443.5,2217.5
11934,3977,52,5,134.43,672.15
11935,3977,47,4,288.68,1154.72
11936,3978,75,2,190.13,380.26
11937,3979,23,4,157.5,630
11938,3979,84,4,362.77,1451.08
11939,3980,28,4,299.14,1196.56
11940,3980,77,3,493.21,1479.63
11941,3980,96,4,24.45,97.8
11942,3980,92,4,267.01,1068.04
11943,3981,88,5,322.06,1610.3
11944,3982,11,3,300.33,900.99
11945,3982,37,1,121.39,121.39
11946,3983,85,4,65.06,260.24
11947,3983,3,3,275.8,827.4
11948,3983,11,4,300.33,1201.32
11949,3984,72,1,257.72,257.72
11950,3984,40,2,225.49,450.98
11951,3984,13,3,260.92,782.76
11952,3984,46,1,455.87,455.87
11953,3985,7,3,102.83,308.49
11954,3985,59,3,132.49,397.47
11955,3985,40,3,225.49,676.47
11956,3986,35,2,121.6,243.2
11957,3986,32,3,100.46,301.38
11958,3986,98,2,152.13,304.26
11959,3986,100,1,479.73,479.73
11960,3986,21,2,360.32,720.64
11961,3987,34,3,435.95,1307.85
11962,3987,87,3,485.79,1457.37
11963,3987,34,2,435.95,871.9
11964,3988,88,1,322.06,322.06
11965,3988,62,1,444.18,444.18
11966,3988,72,3,257.72,773.16
11967,3988,62,5,444.18,2220.9
11968,3988,71,1,234.88,234.88
11969,3989,2,5,13.76,68.8
11970,3989,1,5,263.13,1315.65
11971,3989,68,3,488.86,1466.58
11972,3989,56,1,208.09,208.09
11973,3989,99,3,403.91,1211.73
11974,3990,54,2,345.07,690.14
11975,3990,50,1,58.66,58.66
11976,3990,89,4,133.38,533.52
11977,3990,87,4,485.79,1943.16
11978,3990,29,3,118.85,356.55
11979,3991,32,3,100.46,301.38
11980,3991,30,3,193.42,580.26
11981,3991,98,1,152.13,152.13
11982,3992,73,3,446.53,1339.59
11983,3992,10,3,360.58,1081.74
11984,3992,94,5,443.5,2217.5
11985,3992,45,1,184.89,184.89
11986,3993,65,2,103.56,207.12
11987,3993,16,2,54.7,109.4
11988,3993,63,2,380.74,761.48
11989,3994,100,1,479.73,479.73
11990,3994,45,4,184.89,739.56
11991,3995,13,5,260.92,1304.6
11992,3995,23,4,157.5,630
11993,3996,72,3,257.72,773.16
11994,3996,5,1,175.97,175.97
11995,3996,4,2,217.56,435.12
11996,3996,2,2,13.76,27.52
11997,3997,57,3,55.56,166.68
11998,3997,25,3,392.86,1178.58
11999,3997,39,1,259.68,259.68
12000,3997,58,5,260.13,1300.65
12001,3998,9,1,93.48,93.48
12002,3999,1,1,263.13,263.13
12003,3999,38,2,293.18,586.36
12004,3999,41,4,71.84,287.36
12005,4000,26,2,20.11,40.22
12006,4000,59,4,132.49,529.96
12007,4000,29,5,118.85,594.25
12008,4000,100,5,479.73,2398.65
12009,4001,89,5,133.38,666.9
12010,4001,63,1,380.74,380.74
12011,4001,48,4,160.97,643.88
12012,4001,69,1,64.44,64.44
12013,4001,19,5,59.16,295.8
12014,4002,59,4,132.49,529.96
12015,4002,91,1,336.75,336.75
12016,4002,23,5,157.5,787.5
12017,4003,31,3,492.66,1477.98
12018,4003,32,1,100.46,100.46
12019,4004,65,3,103.56,310.68
12020,4004,7,4,102.83,411.32
12021,4004,94,4,443.5,1774
12022,4004,52,5,134.43,672.15
12023,4005,48,2,160.97,321.94
12024,4005,80,1,135.98,135.98
12025,4005,55,2,47.97,95.94
12026,4005,74,4,463.46,1853.84
12027,4005,84,1,362.77,362.77
12028,4006,1,5,263.13,1315.65
12029,4006,19,1,59.16,59.16
12030,4006,60,4,317.43,1269.72
12031,4006,71,5,234.88,1174.4
12032,4006,89,2,133.38,266.76
12033,4007,42,1,241.8,241.8
12034,4007,61,3,309.79,929.37
12035,4008,3,1,275.8,275.8
12036,4009,25,1,392.86,392.86
12037,4009,33,5,99.83,499.15
12038,4009,73,4,446.53,1786.12
12039,4010,76,4,283.55,1134.2
12040,4010,43,2,365.01,730.02
12041,4010,83,2,470.19,940.38
12042,4010,37,2,121.39,242.78
12043,4011,16,2,54.7,109.4
12044,4011,65,5,103.56,517.8
12045,4011,63,4,380.74,1522.96
12046,4011,2,1,13.76,13.76
12047,4012,85,5,65.06,325.3
12048,4012,50,1,58.66,58.66
12049,4012,61,3,309.79,929.37
12050,4012,60,4,317.43,1269.72
12051,4013,2,2,13.76,27.52
12052,4014,37,3,121.39,364.17
12053,4014,66,2,102.27,204.54
12054,4014,83,4,470.19,1880.76
12055,4014,73,1,446.53,446.53
12056,4014,43,2,365.01,730.02
12057,4015,34,4,435.95,1743.8
12058,4015,95,1,397.59,397.59
12059,4015,89,2,133.38,266.76
12060,4016,92,5,267.01,1335.05
12061,4016,52,1,134.43,134.43
12062,4016,85,2,65.06,130.12
12063,4017,76,2,283.55,567.1
12064,4017,56,3,208.09,624.27
12065,4018,23,1,157.5,157.5
12066,4019,35,1,121.6,121.6
12067,4019,100,1,479.73,479.73
12068,4019,57,2,55.56,111.12
12069,4020,29,1,118.85,118.85
12070,4021,7,5,102.83,514.15
12071,4021,90,2,420.61,841.22
12072,4021,63,1,380.74,380.74
12073,4022,62,5,444.18,2220.9
12074,4022,63,1,380.74,380.74
12075,4022,19,4,59.16,236.64
12076,4023,19,4,59.16,236.64
12077,4024,8,1,297.2,297.2
12078,4024,3,1,275.8,275.8
12079,4025,85,3,65.06,195.18
12080,4025,61,2,309.79,619.58
12081,4026,83,1,470.19,470.19
12082,4026,36,1,146.18,146.18
12083,4026,90,4,420.61,1682.44
12084,4026,6,2,386.9,773.8
12085,4027,81,5,69.38,346.9
12086,4027,23,4,157.5,630
12087,4027,96,5,24.45,122.25
12088,4027,88,2,322.06,644.12
12089,4028,50,5,58.66,293.3
12090,4028,24,3,386.82,1160.46
12091,4028,45,5,184.89,924.45
12092,4029,7,3,102.83,308.49
12093,4029,29,3,118.85,356.55
12094,4030,75,3,190.13,570.39
12095,4030,45,1,184.89,184.89
12096,4030,78,5,441.78,2208.9
12097,4031,72,4,257.72,1030.88
12098,4031,2,2,13.76,27.52
12099,4032,32,3,100.46,301.38
12100,4032,53,5,105.42,527.1
12101,4032,6,1,386.9,386.9
12102,4032,90,1,420.61,420.61
12103,4032,34,4,435.95,1743.8
12104,4033,29,2,118.85,237.7
12105,4033,68,4,488.86,1955.44
12106,4033,49,2,168.14,336.28
12107,4033,9,1,93.48,93.48
12108,4033,86,4,405.91,1623.64
12109,4034,4,3,217.56,652.68
12110,4034,57,1,55.56,55.56
12111,4034,53,2,105.42,210.84
12112,4035,21,3,360.32,1080.96
12113,4036,48,5,160.97,804.85
12114,4036,77,4,493.21,1972.84
12115,4037,62,4,444.18,1776.72
12116,4037,50,5,58.66,293.3
12117,4037,53,1,105.42,105.42
12118,4038,97,1,337.32,337.32
12119,4038,8,3,297.2,891.6
12120,4038,32,1,100.46,100.46
12121,4038,85,3,65.06,195.18
12122,4038,61,3,309.79,929.37
12123,4039,56,1,208.09,208.09
12124,4039,38,2,293.18,586.36
12125,4040,69,4,64.44,257.76
12126,4040,32,2,100.46,200.92
12127,4040,97,1,337.32,337.32
12128,4040,3,4,275.8,1103.2
12129,4041,65,5,103.56,517.8
12130,4041,66,3,102.27,306.81
12131,4041,73,2,446.53,893.06
12132,4042,53,5,105.42,527.1
12133,4042,29,4,118.85,475.4
12134,4042,13,5,260.92,1304.6
12135,4042,96,2,24.45,48.9
12136,4042,8,4,297.2,1188.8
12137,4043,60,5,317.43,1587.15
12138,4044,4,5,217.56,1087.8
12139,4044,72,3,257.72,773.16
12140,4044,32,3,100.46,301.38
12141,4044,12,1,195.25,195.25
12142,4045,13,3,260.92,782.76
12143,4045,65,1,103.56,103.56
12144,4045,21,1,360.32,360.32
12145,4046,55,4,47.97,191.88
12146,4047,84,4,362.77,1451.08
12147,4047,73,5,446.53,2232.65
12148,4047,82,5,327.17,1635.85
12149,4047,49,5,168.14,840.7
12150,4048,67,2,319.21,638.42
12151,4049,74,4,463.46,1853.84
12152,4049,75,5,190.13,950.65
12153,4049,41,5,71.84,359.2
12154,4049,48,5,160.97,804.85
12155,4049,47,2,288.68,577.36
12156,4050,14,2,40.76,81.52
12157,4050,71,3,234.88,704.64
12158,4050,3,5,275.8,1379
12159,4050,57,1,55.56,55.56
12160,4051,54,2,345.07,690.14
12161,4051,22,4,271.14,1084.56
12162,4052,49,4,168.14,672.56
12163,4052,55,5,47.97,239.85
12164,4052,89,2,133.38,266.76
12165,4052,5,4,175.97,703.88
12166,4052,49,5,168.14,840.7
12167,4053,51,1,290.5,290.5
12168,4053,90,5,420.61,2103.05
12169,4053,77,4,493.21,1972.84
12170,4053,14,1,40.76,40.76
12171,4054,22,2,271.14,542.28
12172,4055,78,3,441.78,1325.34
12173,4055,93,2,389.08,778.16
12174,4056,35,5,121.6,608
12175,4056,5,5,175.97,879.85
12176,4056,65,2,103.56,207.12
12177,4057,34,1,435.95,435.95
12178,4057,65,1,103.56,103.56
12179,4058,76,3,283.55,850.65
12180,4058,78,4,441.78,1767.12
12181,4059,68,4,488.86,1955.44
12182,4059,10,3,360.58,1081.74
12183,4059,70,4,380.26,1521.04
12184,4060,77,1,493.21,493.21
12185,4060,50,2,58.66,117.32
12186,4060,7,2,102.83,205.66
12187,4060,32,3,100.46,301.38
12188,4060,37,4,121.39,485.56
12189,4061,68,5,488.86,2444.3
12190,4061,32,2,100.46,200.92
12191,4061,57,3,55.56,166.68
12192,4061,53,1,105.42,105.42
12193,4061,22,2,271.14,542.28
12194,4062,39,1,259.68,259.68
12195,4062,10,5,360.58,1802.9
12196,4063,3,5,275.8,1379
12197,4063,13,5,260.92,1304.6
12198,4063,88,3,322.06,966.18
12199,4063,92,3,267.01,801.03
12200,4063,66,2,102.27,204.54
12201,4064,70,2,380.26,760.52
12202,4064,5,3,175.97,527.91
12203,4064,86,3,405.91,1217.73
12204,4065,80,1,135.98,135.98
12205,4065,9,4,93.48,373.92
12206,4065,66,5,102.27,511.35
12207,4066,6,2,386.9,773.8
12208,4067,87,2,485.79,971.58
12209,4068,43,2,365.01,730.02
12210,4068,36,5,146.18,730.9
12211,4068,53,2,105.42,210.84
12212,4068,27,2,109.12,218.24
12213,4068,39,2,259.68,519.36
12214,4069,28,4,299.14,1196.56
12215,4069,98,5,152.13,760.65
12216,4070,20,5,411.46,2057.3
12217,4070,78,1,441.78,441.78
12218,4071,53,2,105.42,210.84
12219,4072,43,4,365.01,1460.04
12220,4072,25,3,392.86,1178.58
12221,4072,38,1,293.18,293.18
12222,4073,95,2,397.59,795.18
12223,4073,94,1,443.5,443.5
12224,4073,45,5,184.89,924.45
12225,4073,76,4,283.55,1134.2
12226,4074,69,5,64.44,322.2
12227,4074,31,5,492.66,2463.3
12228,4074,59,4,132.49,529.96
12229,4074,22,4,271.14,1084.56
12230,4074,45,1,184.89,184.89
12231,4075,80,2,135.98,271.96
12232,4076,60,3,317.43,952.29
12233,4077,94,4,443.5,1774
12234,4077,40,4,225.49,901.96
12235,4077,37,5,121.39,606.95
12236,4077,39,5,259.68,1298.4
12237,4077,72,3,257.72,773.16
12238,4078,20,5,411.46,2057.3
12239,4078,62,3,444.18,1332.54
12240,4078,69,5,64.44,322.2
12241,4079,21,1,360.32,360.32
12242,4080,97,3,337.32,1011.96
12243,4080,27,2,109.12,218.24
12244,4080,49,5,168.14,840.7
12245,4080,5,1,175.97,175.97
12246,4080,4,5,217.56,1087.8
12247,4081,55,5,47.97,239.85
12248,4081,32,4,100.46,401.84
12249,4081,96,3,24.45,73.35
12250,4081,57,5,55.56,277.8
12251,4082,56,4,208.09,832.36
12252,4083,83,3,470.19,1410.57
12253,4083,9,3,93.48,280.44
12254,4083,11,3,300.33,900.99
12255,4083,19,2,59.16,118.32
12256,4084,51,3,290.5,871.5
12257,4084,65,1,103.56,103.56
12258,4084,68,5,488.86,2444.3
12259,4085,80,2,135.98,271.96
12260,4085,31,2,492.66,985.32
12261,4085,20,4,411.46,1645.84
12262,4086,53,1,105.42,105.42
12263,4087,79,1,460.63,460.63
12264,4088,55,3,47.97,143.91
12265,4089,16,3,54.7,164.1
12266,4090,70,2,380.26,760.52
12267,4090,19,1,59.16,59.16
12268,4090,52,3,134.43,403.29
12269,4090,27,5,109.12,545.6
12270,4090,65,1,103.56,103.56
12271,4091,27,5,109.12,545.6
12272,4091,57,3,55.56,166.68
12273,4091,72,4,257.72,1030.88
12274,4092,98,2,152.13,304.26
12275,4092,70,3,380.26,1140.78
12276,4093,50,5,58.66,293.3
12277,4093,62,2,444.18,888.36
12278,4094,38,3,293.18,879.54
12279,4094,100,4,479.73,1918.92
12280,4095,96,1,24.45,24.45
12281,4095,40,1,225.49,225.49
12282,4095,10,5,360.58,1802.9
12283,4095,3,5,275.8,1379
12284,4095,7,1,102.83,102.83
12285,4096,52,5,134.43,672.15
12286,4096,33,1,99.83,99.83
12287,4096,86,2,405.91,811.82
12288,4097,72,1,257.72,257.72
12289,4097,57,5,55.56,277.8
12290,4098,89,3,133.38,400.14
12291,4098,47,4,288.68,1154.72
12292,4099,36,3,146.18,438.54
12293,4099,77,5,493.21,2466.05
12294,4099,2,4,13.76,55.04
12295,4100,20,1,411.46,411.46
12296,4101,68,1,488.86,488.86
12297,4102,43,2,365.01,730.02
12298,4102,85,5,65.06,325.3
12299,4102,97,5,337.32,1686.6
12300,4102,30,3,193.42,580.26
12301,4103,69,3,64.44,193.32
12302,4103,80,3,135.98,407.94
12303,4103,36,3,146.18,438.54
12304,4103,78,3,441.78,1325.34
12305,4103,62,3,444.18,1332.54
12306,4104,43,1,365.01,365.01
12307,4104,95,5,397.59,1987.95
12308,4104,18,3,111.88,335.64
12309,4104,49,2,168.14,336.28
12310,4105,80,5,135.98,679.9
12311,4106,32,1,100.46,100.46
12312,4106,65,3,103.56,310.68
12313,4107,58,1,260.13,260.13
12314,4107,24,2,386.82,773.64
12315,4107,1,1,263.13,263.13
12316,4107,57,5,55.56,277.8
12317,4108,1,2,263.13,526.26
12318,4108,15,4,31.65,126.6
12319,4108,98,4,152.13,608.52
12320,4108,18,4,111.88,447.52
12321,4108,26,1,20.11,20.11
12322,4109,96,4,24.45,97.8
12323,4109,40,3,225.49,676.47
12324,4109,39,1,259.68,259.68
12325,4109,3,2,275.8,551.6
12326,4109,86,5,405.91,2029.55
12327,4110,1,2,263.13,526.26
12328,4110,7,5,102.83,514.15
12329,4111,74,2,463.46,926.92
12330,4111,37,5,121.39,606.95
12331,4112,30,5,193.42,967.1
12332,4112,74,4,463.46,1853.84
12333,4112,95,5,397.59,1987.95
12334,4112,56,2,208.09,416.18
12335,4112,40,3,225.49,676.47
12336,4113,70,1,380.26,380.26
12337,4113,40,2,225.49,450.98
12338,4114,24,1,386.82,386.82
12339,4115,46,1,455.87,455.87
12340,4115,6,2,386.9,773.8
12341,4115,86,4,405.91,1623.64
12342,4115,81,3,69.38,208.14
12343,4116,27,1,109.12,109.12
12344,4116,9,1,93.48,93.48
12345,4116,58,2,260.13,520.26
12346,4117,84,5,362.77,1813.85
12347,4117,29,5,118.85,594.25
12348,4117,35,5,121.6,608
12349,4117,75,1,190.13,190.13
12350,4118,16,3,54.7,164.1
12351,4118,56,5,208.09,1040.45
12352,4118,74,4,463.46,1853.84
12353,4118,4,4,217.56,870.24
12354,4119,40,5,225.49,1127.45
12355,4120,53,5,105.42,527.1
12356,4120,62,2,444.18,888.36
12357,4121,34,5,435.95,2179.75
12358,4121,21,1,360.32,360.32
12359,4121,93,5,389.08,1945.4
12360,4121,15,4,31.65,126.6
12361,4121,62,5,444.18,2220.9
12362,4122,1,1,263.13,263.13
12363,4123,18,1,111.88,111.88
12364,4123,64,3,404.34,1213.02
12365,4123,62,4,444.18,1776.72
12366,4123,83,4,470.19,1880.76
12367,4123,72,5,257.72,1288.6
12368,4124,63,3,380.74,1142.22
12369,4124,8,1,297.2,297.2
12370,4124,90,5,420.61,2103.05
12371,4124,76,1,283.55,283.55
12372,4125,74,5,463.46,2317.3
12373,4126,99,4,403.91,1615.64
12374,4126,76,1,283.55,283.55
12375,4126,48,1,160.97,160.97
12376,4126,36,2,146.18,292.36
12377,4126,82,1,327.17,327.17
12378,4127,55,4,47.97,191.88
12379,4127,69,5,64.44,322.2
12380,4128,4,5,217.56,1087.8
12381,4128,7,5,102.83,514.15
12382,4128,40,4,225.49,901.96
12383,4129,6,5,386.9,1934.5
12384,4129,6,5,386.9,1934.5
12385,4129,97,5,337.32,1686.6
12386,4129,95,4,397.59,1590.36
12387,4130,17,4,375.79,1503.16
12388,4130,20,2,411.46,822.92
12389,4130,41,4,71.84,287.36
12390,4130,72,1,257.72,257.72
12391,4130,65,4,103.56,414.24
12392,4131,33,4,99.83,399.32
12393,4132,7,3,102.83,308.49
12394,4133,12,1,195.25,195.25
12395,4133,66,4,102.27,409.08
12396,4133,88,3,322.06,966.18
12397,4134,78,2,441.78,883.56
12398,4134,45,5,184.89,924.45
12399,4134,18,2,111.88,223.76
12400,4134,58,5,260.13,1300.65
12401,4134,78,2,441.78,883.56
12402,4135,40,3,225.49,676.47
12403,4136,64,1,404.34,404.34
12404,4137,37,5,121.39,606.95
12405,4138,98,2,152.13,304.26
12406,4138,36,2,146.18,292.36
12407,4138,75,4,190.13,760.52
12408,4138,52,5,134.43,672.15
12409,4138,40,2,225.49,450.98
12410,4139,8,4,297.2,1188.8
12411,4139,58,4,260.13,1040.52
12412,4139,100,2,479.73,959.46
12413,4140,70,4,380.26,1521.04
12414,4140,83,1,470.19,470.19
12415,4140,4,2,217.56,435.12
12416,4140,64,4,404.34,1617.36
12417,4140,25,4,392.86,1571.44
12418,4141,87,3,485.79,1457.37
12419,4141,19,3,59.16,177.48
12420,4142,29,2,118.85,237.7
12421,4142,91,4,336.75,1347
12422,4142,42,3,241.8,725.4
12423,4143,67,2,319.21,638.42
12424,4143,11,1,300.33,300.33
12425,4143,55,4,47.97,191.88
12426,4143,72,5,257.72,1288.6
12427,4143,2,5,13.76,68.8
12428,4144,94,1,443.5,443.5
12429,4145,40,5,225.49,1127.45
12430,4145,84,4,362.77,1451.08
12431,4145,87,1,485.79,485.79
12432,4145,57,1,55.56,55.56
12433,4145,83,4,470.19,1880.76
12434,4146,10,3,360.58,1081.74
12435,4146,65,1,103.56,103.56
12436,4146,83,2,470.19,940.38
12437,4146,22,1,271.14,271.14
12438,4147,57,5,55.56,277.8
12439,4147,80,5,135.98,679.9
12440,4147,5,2,175.97,351.94
12441,4147,42,3,241.8,725.4
12442,4147,73,2,446.53,893.06
12443,4148,100,5,479.73,2398.65
12444,4148,82,1,327.17,327.17
12445,4148,71,5,234.88,1174.4
12446,4148,9,5,93.48,467.4
12447,4148,60,1,317.43,317.43
12448,4149,71,5,234.88,1174.4
12449,4150,86,1,405.91,405.91
12450,4150,41,2,71.84,143.68
12451,4150,64,5,404.34,2021.7
12452,4150,100,2,479.73,959.46
12453,4151,48,1,160.97,160.97
12454,4151,75,4,190.13,760.52
12455,4152,34,2,435.95,871.9
12456,4152,67,1,319.21,319.21
12457,4153,93,3,389.08,1167.24
12458,4153,69,4,64.44,257.76
12459,4154,22,4,271.14,1084.56
12460,4154,93,5,389.08,1945.4
12461,4154,69,1,64.44,64.44
12462,4155,84,2,362.77,725.54
12463,4155,59,5,132.49,662.45
12464,4155,27,3,109.12,327.36
12465,4155,64,5,404.34,2021.7
12466,4156,3,4,275.8,1103.2
12467,4156,28,4,299.14,1196.56
12468,4156,79,2,460.63,921.26
12469,4156,20,5,411.46,2057.3
12470,4156,53,1,105.42,105.42
12471,4157,50,1,58.66,58.66
12472,4157,79,4,460.63,1842.52
12473,4157,5,3,175.97,527.91
12474,4157,19,1,59.16,59.16
12475,4157,25,2,392.86,785.72
12476,4158,96,5,24.45,122.25
12477,4158,25,3,392.86,1178.58
12478,4158,65,2,103.56,207.12
12479,4158,53,5,105.42,527.1
12480,4158,48,4,160.97,643.88
12481,4159,13,2,260.92,521.84
12482,4159,87,2,485.79,971.58
12483,4159,83,4,470.19,1880.76
12484,4160,17,2,375.79,751.58
12485,4160,58,4,260.13,1040.52
12486,4160,37,4,121.39,485.56
12487,4160,34,5,435.95,2179.75
12488,4161,20,4,411.46,1645.84
12489,4161,37,1,121.39,121.39
12490,4161,39,4,259.68,1038.72
12491,4161,2,1,13.76,13.76
12492,4162,30,2,193.42,386.84
12493,4162,35,5,121.6,608
12494,4163,31,4,492.66,1970.64
12495,4164,86,5,405.91,2029.55
12496,4164,91,4,336.75,1347
12497,4164,32,2,100.46,200.92
12498,4164,90,1,420.61,420.61
12499,4164,77,1,493.21,493.21
12500,4165,58,4,260.13,1040.52
12501,4165,11,3,300.33,900.99
12502,4165,58,5,260.13,1300.65
12503,4165,20,5,411.46,2057.3
12504,4166,17,3,375.79,1127.37
12505,4166,25,1,392.86,392.86
12506,4167,12,2,195.25,390.5
12507,4167,63,3,380.74,1142.22
12508,4167,61,2,309.79,619.58
12509,4167,16,3,54.7,164.1
12510,4167,75,5,190.13,950.65
12511,4168,37,2,121.39,242.78
12512,4168,44,4,183.81,735.24
12513,4168,33,2,99.83,199.66
12514,4168,16,2,54.7,109.4
12515,4168,32,4,100.46,401.84
12516,4169,5,3,175.97,527.91
12517,4169,89,3,133.38,400.14
12518,4169,22,3,271.14,813.42
12519,4170,75,5,190.13,950.65
12520,4171,88,5,322.06,1610.3
12521,4171,13,4,260.92,1043.68
12522,4171,100,4,479.73,1918.92
12523,4171,37,3,121.39,364.17
12524,4171,73,1,446.53,446.53
12525,4172,82,4,327.17,1308.68
12526,4172,47,5,288.68,1443.4
12527,4172,66,5,102.27,511.35
12528,4173,42,2,241.8,483.6
12529,4174,33,4,99.83,399.32
12530,4174,53,2,105.42,210.84
12531,4174,24,2,386.82,773.64
12532,4174,86,5,405.91,2029.55
12533,4175,84,3,362.77,1088.31
12534,4175,98,1,152.13,152.13
12535,4175,45,4,184.89,739.56
12536,4175,21,2,360.32,720.64
12537,4176,11,5,300.33,1501.65
12538,4176,77,4,493.21,1972.84
12539,4177,23,4,157.5,630
12540,4177,81,1,69.38,69.38
12541,4177,89,2,133.38,266.76
12542,4178,33,2,99.83,199.66
12543,4178,41,4,71.84,287.36
12544,4178,90,4,420.61,1682.44
12545,4179,22,1,271.14,271.14
12546,4179,6,5,386.9,1934.5
12547,4179,28,3,299.14,897.42
12548,4179,52,5,134.43,672.15
12549,4180,55,4,47.97,191.88
12550,4180,89,1,133.38,133.38
12551,4180,15,1,31.65,31.65
12552,4180,43,5,365.01,1825.05
12553,4180,4,5,217.56,1087.8
12554,4181,88,1,322.06,322.06
12555,4181,4,5,217.56,1087.8
12556,4181,41,1,71.84,71.84
12557,4182,23,2,157.5,315
12558,4182,10,2,360.58,721.16
12559,4183,85,5,65.06,325.3
12560,4183,86,2,405.91,811.82
12561,4183,35,2,121.6,243.2
12562,4184,97,4,337.32,1349.28
12563,4184,73,2,446.53,893.06
12564,4184,20,3,411.46,1234.38
12565,4185,48,3,160.97,482.91
12566,4186,4,4,217.56,870.24
12567,4186,38,1,293.18,293.18
12568,4186,37,2,121.39,242.78
12569,4186,85,4,65.06,260.24
12570,4186,8,2,297.2,594.4
12571,4187,78,5,441.78,2208.9
12572,4187,83,4,470.19,1880.76
12573,4187,17,2,375.79,751.58
12574,4188,53,3,105.42,316.26
12575,4188,90,2,420.61,841.22
12576,4188,14,4,40.76,163.04
12577,4189,85,4,65.06,260.24
12578,4189,79,3,460.63,1381.89
12579,4189,88,3,322.06,966.18
12580,4190,60,5,317.43,1587.15
12581,4191,35,4,121.6,486.4
12582,4191,49,3,168.14,504.42
12583,4191,41,3,71.84,215.52
12584,4192,99,2,403.91,807.82
12585,4192,6,5,386.9,1934.5
12586,4192,9,4,93.48,373.92
12587,4192,71,5,234.88,1174.4
12588,4193,84,1,362.77,362.77
12589,4193,93,2,389.08,778.16
12590,4193,19,3,59.16,177.48
12591,4194,61,5,309.79,1548.95
12592,4194,9,4,93.48,373.92
12593,4194,39,1,259.68,259.68
12594,4195,67,1,319.21,319.21
12595,4195,59,2,132.49,264.98
12596,4195,18,1,111.88,111.88
12597,4195,67,1,319.21,319.21
12598,4195,80,1,135.98,135.98
12599,4196,76,3,283.55,850.65
12600,4196,31,5,492.66,2463.3
12601,4196,3,3,275.8,827.4
12602,4196,18,4,111.88,447.52
12603,4196,58,1,260.13,260.13
12604,4197,91,1,336.75,336.75
12605,4197,75,3,190.13,570.39
12606,4197,32,3,100.46,301.38
12607,4197,56,2,208.09,416.18
12608,4197,37,1,121.39,121.39
12609,4198,97,2,337.32,674.64
12610,4198,32,1,100.46,100.46
12611,4198,45,4,184.89,739.56
12612,4198,50,1,58.66,58.66
12613,4199,53,1,105.42,105.42
12614,4200,59,4,132.49,529.96
12615,4200,8,1,297.2,297.2
12616,4201,29,4,118.85,475.4
12617,4202,80,5,135.98,679.9
12618,4202,26,1,20.11,20.11
12619,4203,46,4,455.87,1823.48
12620,4204,90,5,420.61,2103.05
12621,4204,68,5,488.86,2444.3
12622,4204,15,5,31.65,158.25
12623,4205,5,4,175.97,703.88
12624,4205,79,1,460.63,460.63
12625,4205,6,3,386.9,1160.7
12626,4206,97,2,337.32,674.64
12627,4206,58,1,260.13,260.13
12628,4207,88,1,322.06,322.06
12629,4208,90,5,420.61,2103.05
12630,4208,35,3,121.6,364.8
12631,4208,29,5,118.85,594.25
12632,4208,54,4,345.07,1380.28
12633,4208,48,5,160.97,804.85
12634,4209,69,5,64.44,322.2
12635,4209,73,1,446.53,446.53
12636,4209,48,5,160.97,804.85
12637,4209,34,1,435.95,435.95
12638,4209,38,4,293.18,1172.72
12639,4210,20,2,411.46,822.92
12640,4211,12,1,195.25,195.25
12641,4211,67,1,319.21,319.21
12642,4212,46,2,455.87,911.74
12643,4212,97,4,337.32,1349.28
12644,4213,23,3,157.5,472.5
12645,4213,17,1,375.79,375.79
12646,4213,58,2,260.13,520.26
12647,4213,29,4,118.85,475.4
12648,4213,49,5,168.14,840.7
12649,4214,79,5,460.63,2303.15
12650,4214,67,2,319.21,638.42
12651,4214,42,5,241.8,1209
12652,4214,7,3,102.83,308.49
12653,4214,50,3,58.66,175.98
12654,4215,56,5,208.09,1040.45
12655,4216,3,1,275.8,275.8
12656,4216,65,5,103.56,517.8
12657,4216,48,2,160.97,321.94
12658,4216,3,5,275.8,1379
12659,4217,29,4,118.85,475.4
12660,4217,76,4,283.55,1134.2
12661,4218,37,2,121.39,242.78
12662,4218,82,4,327.17,1308.68
12663,4218,83,2,470.19,940.38
12664,4218,45,2,184.89,369.78
12665,4218,9,2,93.48,186.96
12666,4219,58,2,260.13,520.26
12667,4220,84,3,362.77,1088.31
12668,4220,55,4,47.97,191.88
12669,4220,55,2,47.97,95.94
12670,4221,52,2,134.43,268.86
12671,4221,59,5,132.49,662.45
12672,4222,18,2,111.88,223.76
12673,4222,8,2,297.2,594.4
12674,4222,68,5,488.86,2444.3
12675,4222,43,2,365.01,730.02
12676,4222,65,5,103.56,517.8
12677,4223,45,2,184.89,369.78
12678,4224,42,1,241.8,241.8
12679,4224,91,5,336.75,1683.75
12680,4224,13,5,260.92,1304.6
12681,4225,5,3,175.97,527.91
12682,4225,38,4,293.18,1172.72
12683,4225,24,3,386.82,1160.46
12684,4226,27,4,109.12,436.48
12685,4226,88,2,322.06,644.12
12686,4227,42,1,241.8,241.8
12687,4227,84,2,362.77,725.54
12688,4227,35,5,121.6,608
12689,4228,65,3,103.56,310.68
12690,4228,27,4,109.12,436.48
12691,4229,25,5,392.86,1964.3
12692,4229,42,2,241.8,483.6
12693,4229,9,4,93.48,373.92
12694,4230,55,3,47.97,143.91
12695,4231,24,5,386.82,1934.1
12696,4231,40,5,225.49,1127.45
12697,4231,22,4,271.14,1084.56
12698,4232,94,5,443.5,2217.5
12699,4232,4,1,217.56,217.56
12700,4233,25,1,392.86,392.86
12701,4234,77,2,493.21,986.42
12702,4235,21,4,360.32,1441.28
12703,4235,83,3,470.19,1410.57
12704,4236,59,5,132.49,662.45
12705,4236,38,1,293.18,293.18
12706,4237,52,1,134.43,134.43
12707,4237,78,1,441.78,441.78
12708,4237,99,2,403.91,807.82
12709,4237,71,3,234.88,704.64
12710,4237,70,1,380.26,380.26
12711,4238,42,5,241.8,1209
12712,4238,88,5,322.06,1610.3
12713,4238,6,2,386.9,773.8
12714,4238,13,4,260.92,1043.68
12715,4239,91,3,336.75,1010.25
12716,4239,53,3,105.42,316.26
12717,4239,77,1,493.21,493.21
12718,4239,15,1,31.65,31.65
12719,4240,60,2,317.43,634.86
12720,4241,57,5,55.56,277.8
12721,4242,19,5,59.16,295.8
12722,4242,6,5,386.9,1934.5
12723,4243,85,1,65.06,65.06
12724,4243,71,3,234.88,704.64
12725,4243,1,1,263.13,263.13
12726,4244,48,4,160.97,643.88
12727,4244,70,4,380.26,1521.04
12728,4245,1,1,263.13,263.13
12729,4245,14,2,40.76,81.52
12730,4246,45,2,184.89,369.78
12731,4246,45,3,184.89,554.67
12732,4246,61,2,309.79,619.58
12733,4246,60,4,317.43,1269.72
12734,4246,77,2,493.21,986.42
12735,4247,76,4,283.55,1134.2
12736,4247,85,2,65.06,130.12
12737,4247,94,3,443.5,1330.5
12738,4248,70,2,380.26,760.52
12739,4248,74,5,463.46,2317.3
12740,4248,16,2,54.7,109.4
12741,4248,22,1,271.14,271.14
12742,4249,44,3,183.81,551.43
12743,4249,91,1,336.75,336.75
12744,4249,53,4,105.42,421.68
12745,4249,46,4,455.87,1823.48
12746,4249,95,1,397.59,397.59
12747,4250,71,3,234.88,704.64
12748,4250,60,4,317.43,1269.72
12749,4250,59,2,132.49,264.98
12750,4250,78,5,441.78,2208.9
12751,4251,24,4,386.82,1547.28
12752,4251,8,3,297.2,891.6
12753,4251,51,3,290.5,871.5
12754,4251,93,1,389.08,389.08
12755,4251,81,3,69.38,208.14
12756,4252,28,1,299.14,299.14
12757,4252,82,2,327.17,654.34
12758,4252,73,3,446.53,1339.59
12759,4253,12,5,195.25,976.25
12760,4253,78,1,441.78,441.78
12761,4253,27,4,109.12,436.48
12762,4254,68,5,488.86,2444.3
12763,4254,1,4,263.13,1052.52
12764,4254,60,4,317.43,1269.72
12765,4254,6,1,386.9,386.9
12766,4255,18,4,111.88,447.52
12767,4255,10,1,360.58,360.58
12768,4255,95,1,397.59,397.59
12769,4256,26,2,20.11,40.22
12770,4256,55,5,47.97,239.85
12771,4256,11,5,300.33,1501.65
12772,4257,94,4,443.5,1774
12773,4258,9,1,93.48,93.48
12774,4258,35,2,121.6,243.2
12775,4258,22,5,271.14,1355.7
12776,4258,9,3,93.48,280.44
12777,4258,15,5,31.65,158.25
12778,4259,86,5,405.91,2029.55
12779,4259,64,5,404.34,2021.7
12780,4259,63,1,380.74,380.74
12781,4260,52,3,134.43,403.29
12782,4260,80,3,135.98,407.94
12783,4260,42,1,241.8,241.8
12784,4261,78,1,441.78,441.78
12785,4262,21,5,360.32,1801.6
12786,4262,34,2,435.95,871.9
12787,4262,20,1,411.46,411.46
12788,4263,33,4,99.83,399.32
12789,4263,78,5,441.78,2208.9
12790,4263,32,5,100.46,502.3
12791,4263,34,1,435.95,435.95
12792,4264,26,3,20.11,60.33
12793,4264,5,1,175.97,175.97
12794,4264,45,1,184.89,184.89
12795,4264,21,2,360.32,720.64
12796,4265,68,4,488.86,1955.44
12797,4266,59,3,132.49,397.47
12798,4267,45,2,184.89,369.78
12799,4268,97,3,337.32,1011.96
12800,4268,33,4,99.83,399.32
12801,4269,84,1,362.77,362.77
12802,4269,81,3,69.38,208.14
12803,4270,1,5,263.13,1315.65
12804,4270,76,4,283.55,1134.2
12805,4271,100,4,479.73,1918.92
12806,4271,35,2,121.6,243.2
12807,4271,66,1,102.27,102.27
12808,4272,21,4,360.32,1441.28
12809,4272,46,1,455.87,455.87
12810,4272,93,4,389.08,1556.32
12811,4272,99,2,403.91,807.82
12812,4273,39,2,259.68,519.36
12813,4273,82,4,327.17,1308.68
12814,4273,55,2,47.97,95.94
12815,4273,100,4,479.73,1918.92
12816,4274,3,2,275.8,551.6
12817,4275,84,2,362.77,725.54
12818,4275,5,1,175.97,175.97
12819,4275,29,3,118.85,356.55
12820,4276,24,2,386.82,773.64
12821,4277,18,4,111.88,447.52
12822,4277,12,5,195.25,976.25
12823,4277,5,2,175.97,351.94
12824,4278,87,5,485.79,2428.95
12825,4278,82,4,327.17,1308.68
12826,4278,69,2,64.44,128.88
12827,4278,54,3,345.07,1035.21
12828,4278,93,5,389.08,1945.4
12829,4279,56,5,208.09,1040.45
12830,4280,26,5,20.11,100.55
12831,4280,62,3,444.18,1332.54
12832,4280,74,3,463.46,1390.38
12833,4280,26,5,20.11,100.55
12834,4281,65,3,103.56,310.68
12835,4282,23,5,157.5,787.5
12836,4282,37,3,121.39,364.17
12837,4283,51,2,290.5,581
12838,4283,3,3,275.8,827.4
12839,4283,71,3,234.88,704.64
12840,4284,42,5,241.8,1209
12841,4285,52,1,134.43,134.43
12842,4285,73,4,446.53,1786.12
12843,4285,1,3,263.13,789.39
12844,4285,47,1,288.68,288.68
12845,4286,85,3,65.06,195.18
12846,4287,81,4,69.38,277.52
12847,4287,58,3,260.13,780.39
12848,4287,58,5,260.13,1300.65
12849,4287,37,4,121.39,485.56
12850,4288,49,3,168.14,504.42
12851,4288,41,5,71.84,359.2
12852,4289,93,3,389.08,1167.24
12853,4289,64,4,404.34,1617.36
12854,4289,4,5,217.56,1087.8
12855,4290,8,4,297.2,1188.8
12856,4290,41,2,71.84,143.68
12857,4291,20,4,411.46,1645.84
12858,4292,81,3,69.38,208.14
12859,4292,54,2,345.07,690.14
12860,4292,89,4,133.38,533.52
12861,4293,92,4,267.01,1068.04
12862,4294,66,1,102.27,102.27
12863,4294,1,3,263.13,789.39
12864,4294,69,4,64.44,257.76
12865,4294,75,5,190.13,950.65
12866,4295,63,5,380.74,1903.7
12867,4296,61,5,309.79,1548.95
12868,4296,29,5,118.85,594.25
12869,4296,21,2,360.32,720.64
12870,4296,45,2,184.89,369.78
12871,4296,29,2,118.85,237.7
12872,4297,61,2,309.79,619.58
12873,4297,28,3,299.14,897.42
12874,4297,86,1,405.91,405.91
12875,4297,55,4,47.97,191.88
12876,4298,100,2,479.73,959.46
12877,4298,26,4,20.11,80.44
12878,4298,6,3,386.9,1160.7
12879,4299,52,1,134.43,134.43
12880,4299,74,3,463.46,1390.38
12881,4299,100,1,479.73,479.73
12882,4299,47,3,288.68,866.04
12883,4299,88,3,322.06,966.18
12884,4300,91,4,336.75,1347
12885,4301,60,3,317.43,952.29
12886,4302,7,1,102.83,102.83
12887,4302,69,4,64.44,257.76
12888,4302,30,2,193.42,386.84
12889,4302,26,2,20.11,40.22
12890,4303,32,2,100.46,200.92
12891,4303,20,5,411.46,2057.3
12892,4303,3,3,275.8,827.4
12893,4303,67,5,319.21,1596.05
12894,4304,29,4,118.85,475.4
12895,4304,1,2,263.13,526.26
12896,4304,99,2,403.91,807.82
12897,4304,34,3,435.95,1307.85
12898,4305,42,4,241.8,967.2
12899,4305,65,4,103.56,414.24
12900,4305,74,5,463.46,2317.3
12901,4306,38,1,293.18,293.18
12902,4306,19,3,59.16,177.48
12903,4306,71,4,234.88,939.52
12904,4307,17,1,375.79,375.79
12905,4307,69,5,64.44,322.2
12906,4308,85,4,65.06,260.24
12907,4308,33,4,99.83,399.32
12908,4309,87,2,485.79,971.58
12909,4310,47,2,288.68,577.36
12910,4310,39,4,259.68,1038.72
12911,4310,61,3,309.79,929.37
12912,4310,46,3,455.87,1367.61
12913,4310,60,1,317.43,317.43
12914,4311,81,3,69.38,208.14
12915,4311,94,2,443.5,887
12916,4311,83,3,470.19,1410.57
12917,4312,95,5,397.59,1987.95
12918,4312,18,5,111.88,559.4
12919,4312,36,3,146.18,438.54
12920,4313,76,1,283.55,283.55
12921,4313,18,4,111.88,447.52
12922,4313,10,3,360.58,1081.74
12923,4313,51,4,290.5,1162
12924,4313,82,4,327.17,1308.68
12925,4314,16,1,54.7,54.7
12926,4314,33,5,99.83,499.15
12927,4315,39,3,259.68,779.04
12928,4316,4,2,217.56,435.12
12929,4316,48,3,160.97,482.91
12930,4316,83,5,470.19,2350.95
12931,4316,44,5,183.81,919.05
12932,4316,72,2,257.72,515.44
12933,4317,96,2,24.45,48.9
12934,4317,97,2,337.32,674.64
12935,4317,46,2,455.87,911.74
12936,4318,61,4,309.79,1239.16
12937,4318,79,5,460.63,2303.15
12938,4318,48,1,160.97,160.97
12939,4318,15,5,31.65,158.25
12940,4318,84,3,362.77,1088.31
12941,4319,87,1,485.79,485.79
12942,4319,82,1,327.17,327.17
12943,4319,18,5,111.88,559.4
12944,4320,83,4,470.19,1880.76
12945,4321,7,5,102.83,514.15
12946,4321,87,5,485.79,2428.95
12947,4321,67,5,319.21,1596.05
12948,4321,16,5,54.7,273.5
12949,4322,51,4,290.5,1162
12950,4322,52,1,134.43,134.43
12951,4322,87,2,485.79,971.58
12952,4322,44,4,183.81,735.24
12953,4323,42,1,241.8,241.8
12954,4323,34,4,435.95,1743.8
12955,4324,88,1,322.06,322.06
12956,4325,46,4,455.87,1823.48
12957,4325,25,3,392.86,1178.58
12958,4325,30,5,193.42,967.1
12959,4325,62,1,444.18,444.18
12960,4325,88,1,322.06,322.06
12961,4326,92,1,267.01,267.01
12962,4326,14,5,40.76,203.8
12963,4327,68,5,488.86,2444.3
12964,4327,92,4,267.01,1068.04
12965,4327,95,1,397.59,397.59
12966,4327,12,4,195.25,781
12967,4327,30,2,193.42,386.84
12968,4328,56,3,208.09,624.27
12969,4328,33,3,99.83,299.49
12970,4329,75,5,190.13,950.65
12971,4330,8,2,297.2,594.4
12972,4330,31,4,492.66,1970.64
12973,4331,94,1,443.5,443.5
12974,4331,56,2,208.09,416.18
12975,4331,3,4,275.8,1103.2
12976,4332,50,1,58.66,58.66
12977,4332,25,1,392.86,392.86
12978,4332,73,4,446.53,1786.12
12979,4332,24,5,386.82,1934.1
12980,4333,19,3,59.16,177.48
12981,4333,19,1,59.16,59.16
12982,4333,65,3,103.56,310.68
12983,4333,49,4,168.14,672.56
12984,4334,57,1,55.56,55.56
12985,4334,16,5,54.7,273.5
12986,4334,31,5,492.66,2463.3
12987,4335,94,2,443.5,887
12988,4335,44,2,183.81,367.62
12989,4335,30,3,193.42,580.26
12990,4336,38,5,293.18,1465.9
12991,4336,26,2,20.11,40.22
12992,4336,55,1,47.97,47.97
12993,4336,31,4,492.66,1970.64
12994,4337,88,2,322.06,644.12
12995,4337,45,5,184.89,924.45
12996,4337,73,2,446.53,893.06
12997,4338,88,1,322.06,322.06
12998,4339,39,5,259.68,1298.4
12999,4339,60,5,317.43,1587.15
13000,4339,80,4,135.98,543.92
13001,4339,63,2,380.74,761.48
13002,4340,68,5,488.86,2444.3
13003,4340,17,2,375.79,751.58
13004,4340,7,2,102.83,205.66
13005,4341,89,4,133.38,533.52
13006,4341,61,3,309.79,929.37
13007,4341,42,2,241.8,483.6
13008,4341,93,2,389.08,778.16
13009,4342,34,3,435.95,1307.85
13010,4343,63,5,380.74,1903.7
13011,4343,44,4,183.81,735.24
13012,4344,40,3,225.49,676.47
13013,4344,33,1,99.83,99.83
13014,4345,66,1,102.27,102.27
13015,4346,57,1,55.56,55.56
13016,4346,67,2,319.21,638.42
13017,4346,55,2,47.97,95.94
13018,4346,32,3,100.46,301.38
13019,4347,70,2,380.26,760.52
13020,4347,8,2,297.2,594.4
13021,4348,66,4,102.27,409.08
13022,4348,60,3,317.43,952.29
13023,4348,71,2,234.88,469.76
13024,4348,53,3,105.42,316.26
13025,4348,53,2,105.42,210.84
13026,4349,46,4,455.87,1823.48
13027,4349,58,5,260.13,1300.65
13028,4349,46,4,455.87,1823.48
13029,4350,11,3,300.33,900.99
13030,4351,19,5,59.16,295.8
13031,4352,83,1,470.19,470.19
13032,4352,100,4,479.73,1918.92
13033,4352,22,3,271.14,813.42
13034,4353,48,5,160.97,804.85
13035,4353,95,2,397.59,795.18
13036,4354,70,1,380.26,380.26
13037,4354,80,1,135.98,135.98
13038,4354,3,2,275.8,551.6
13039,4354,34,2,435.95,871.9
13040,4354,26,4,20.11,80.44
13041,4355,7,3,102.83,308.49
13042,4356,53,1,105.42,105.42
13043,4356,30,4,193.42,773.68
13044,4356,77,4,493.21,1972.84
13045,4356,63,5,380.74,1903.7
13046,4357,3,3,275.8,827.4
13047,4357,48,4,160.97,643.88
13048,4357,57,3,55.56,166.68
13049,4357,71,4,234.88,939.52
13050,4357,66,2,102.27,204.54
13051,4358,30,3,193.42,580.26
13052,4358,38,1,293.18,293.18
13053,4359,79,2,460.63,921.26
13054,4359,31,2,492.66,985.32
13055,4360,10,5,360.58,1802.9
13056,4360,54,4,345.07,1380.28
13057,4360,69,3,64.44,193.32
13058,4360,10,5,360.58,1802.9
13059,4360,15,3,31.65,94.95
13060,4361,2,1,13.76,13.76
13061,4361,70,3,380.26,1140.78
13062,4362,24,3,386.82,1160.46
13063,4362,47,4,288.68,1154.72
13064,4362,81,5,69.38,346.9
13065,4362,92,1,267.01,267.01
13066,4363,4,4,217.56,870.24
13067,4364,46,4,455.87,1823.48
13068,4364,18,1,111.88,111.88
13069,4364,83,1,470.19,470.19
13070,4364,62,4,444.18,1776.72
13071,4365,80,2,135.98,271.96
13072,4365,3,1,275.8,275.8
13073,4365,45,4,184.89,739.56
13074,4365,31,1,492.66,492.66
13075,4365,99,5,403.91,2019.55
13076,4366,15,5,31.65,158.25
13077,4366,36,1,146.18,146.18
13078,4367,47,5,288.68,1443.4
13079,4367,80,4,135.98,543.92
13080,4367,72,2,257.72,515.44
13081,4367,19,2,59.16,118.32
13082,4368,53,4,105.42,421.68
13083,4368,15,5,31.65,158.25
13084,4368,86,5,405.91,2029.55
13085,4368,47,2,288.68,577.36
13086,4369,83,5,470.19,2350.95
13087,4369,82,4,327.17,1308.68
13088,4369,69,2,64.44,128.88
13089,4369,28,2,299.14,598.28
13090,4370,81,1,69.38,69.38
13091,4370,63,2,380.74,761.48
13092,4370,83,5,470.19,2350.95
13093,4370,29,3,118.85,356.55
13094,4370,73,2,446.53,893.06
13095,4371,85,1,65.06,65.06
13096,4371,67,4,319.21,1276.84
13097,4371,67,3,319.21,957.63
13098,4371,59,2,132.49,264.98
13099,4371,89,4,133.38,533.52
13100,4372,19,1,59.16,59.16
13101,4372,86,3,405.91,1217.73
13102,4373,57,5,55.56,277.8
13103,4373,16,4,54.7,218.8
13104,4373,29,2,118.85,237.7
13105,4373,60,4,317.43,1269.72
13106,4373,14,4,40.76,163.04
13107,4374,54,3,345.07,1035.21
13108,4375,56,1,208.09,208.09
13109,4375,61,3,309.79,929.37
13110,4376,71,1,234.88,234.88
13111,4377,98,5,152.13,760.65
13112,4377,4,4,217.56,870.24
13113,4378,3,4,275.8,1103.2
13114,4378,4,3,217.56,652.68
13115,4378,98,2,152.13,304.26
13116,4378,10,1,360.58,360.58
13117,4378,76,2,283.55,567.1
13118,4379,93,5,389.08,1945.4
13119,4379,17,5,375.79,1878.95
13120,4379,79,3,460.63,1381.89
13121,4380,28,2,299.14,598.28
13122,4380,93,1,389.08,389.08
13123,4380,54,5,345.07,1725.35
13124,4380,24,3,386.82,1160.46
13125,4380,84,3,362.77,1088.31
13126,4381,44,3,183.81,551.43
13127,4381,9,1,93.48,93.48
13128,4382,3,5,275.8,1379
13129,4383,99,4,403.91,1615.64
13130,4383,85,2,65.06,130.12
13131,4383,98,5,152.13,760.65
13132,4384,30,2,193.42,386.84
13133,4385,27,1,109.12,109.12
13134,4386,10,5,360.58,1802.9
13135,4386,84,3,362.77,1088.31
13136,4386,60,2,317.43,634.86
13137,4386,94,5,443.5,2217.5
13138,4386,88,2,322.06,644.12
13139,4387,41,4,71.84,287.36
13140,4387,88,1,322.06,322.06
13141,4387,47,4,288.68,1154.72
13142,4387,42,1,241.8,241.8
13143,4388,55,1,47.97,47.97
13144,4388,98,3,152.13,456.39
13145,4388,6,5,386.9,1934.5
13146,4388,28,2,299.14,598.28
13147,4388,49,1,168.14,168.14
13148,4389,24,3,386.82,1160.46
13149,4389,4,4,217.56,870.24
13150,4389,66,5,102.27,511.35
13151,4390,53,3,105.42,316.26
13152,4390,91,3,336.75,1010.25
13153,4390,73,5,446.53,2232.65
13154,4390,51,2,290.5,581
13155,4390,70,4,380.26,1521.04
13156,4391,57,2,55.56,111.12
13157,4391,33,4,99.83,399.32
13158,4391,83,1,470.19,470.19
13159,4391,83,4,470.19,1880.76
13160,4392,15,4,31.65,126.6
13161,4392,10,2,360.58,721.16
13162,4392,54,3,345.07,1035.21
13163,4392,28,2,299.14,598.28
13164,4393,64,1,404.34,404.34
13165,4393,69,5,64.44,322.2
13166,4393,92,1,267.01,267.01
13167,4393,35,5,121.6,608
13168,4394,39,2,259.68,519.36
13169,4395,87,3,485.79,1457.37
13170,4396,66,2,102.27,204.54
13171,4396,54,2,345.07,690.14
13172,4396,55,1,47.97,47.97
13173,4396,32,4,100.46,401.84
13174,4397,37,3,121.39,364.17
13175,4397,96,2,24.45,48.9
13176,4397,88,1,322.06,322.06
13177,4397,79,2,460.63,921.26
13178,4398,42,5,241.8,1209
13179,4398,72,3,257.72,773.16
13180,4398,28,4,299.14,1196.56
13181,4398,11,5,300.33,1501.65
13182,4398,64,2,404.34,808.68
13183,4399,46,2,455.87,911.74
13184,4399,74,5,463.46,2317.3
13185,4399,29,1,118.85,118.85
13186,4400,85,2,65.06,130.12
13187,4400,5,4,175.97,703.88
13188,4400,96,4,24.45,97.8
13189,4400,9,4,93.48,373.92
13190,4400,36,4,146.18,584.72
13191,4401,64,4,404.34,1617.36
13192,4401,39,5,259.68,1298.4
13193,4401,98,3,152.13,456.39
13194,4402,98,5,152.13,760.65
13195,4402,58,2,260.13,520.26
13196,4402,90,2,420.61,841.22
13197,4403,86,1,405.91,405.91
13198,4403,51,4,290.5,1162
13199,4403,100,5,479.73,2398.65
13200,4403,57,1,55.56,55.56
13201,4404,13,4,260.92,1043.68
13202,4404,85,2,65.06,130.12
13203,4404,87,5,485.79,2428.95
13204,4404,93,2,389.08,778.16
13205,4405,6,3,386.9,1160.7
13206,4405,79,3,460.63,1381.89
13207,4405,52,2,134.43,268.86
13208,4406,7,1,102.83,102.83
13209,4406,48,1,160.97,160.97
13210,4406,3,1,275.8,275.8
13211,4406,79,1,460.63,460.63
13212,4407,14,4,40.76,163.04
13213,4407,1,2,263.13,526.26
13214,4408,51,3,290.5,871.5
13215,4408,4,4,217.56,870.24
13216,4409,87,2,485.79,971.58
13217,4409,90,4,420.61,1682.44
13218,4410,40,3,225.49,676.47
13219,4411,39,2,259.68,519.36
13220,4411,62,1,444.18,444.18
13221,4411,17,1,375.79,375.79
13222,4411,49,3,168.14,504.42
13223,4412,39,1,259.68,259.68
13224,4413,11,2,300.33,600.66
13225,4414,100,2,479.73,959.46
13226,4414,24,3,386.82,1160.46
13227,4414,50,2,58.66,117.32
13228,4414,66,4,102.27,409.08
13229,4414,65,4,103.56,414.24
13230,4415,81,3,69.38,208.14
13231,4415,49,4,168.14,672.56
13232,4415,4,2,217.56,435.12
13233,4415,83,4,470.19,1880.76
13234,4416,57,1,55.56,55.56
13235,4416,99,3,403.91,1211.73
13236,4416,16,1,54.7,54.7
13237,4416,15,2,31.65,63.3
13238,4417,44,2,183.81,367.62
13239,4417,21,1,360.32,360.32
13240,4417,27,4,109.12,436.48
13241,4418,92,1,267.01,267.01
13242,4418,88,3,322.06,966.18
13243,4418,62,1,444.18,444.18
13244,4419,42,4,241.8,967.2
13245,4419,36,5,146.18,730.9
13246,4420,87,5,485.79,2428.95
13247,4420,42,2,241.8,483.6
13248,4420,68,1,488.86,488.86
13249,4421,42,1,241.8,241.8
13250,4421,64,3,404.34,1213.02
13251,4421,12,1,195.25,195.25
13252,4421,44,3,183.81,551.43
13253,4422,56,2,208.09,416.18
13254,4422,22,3,271.14,813.42
13255,4422,64,2,404.34,808.68
13256,4423,15,3,31.65,94.95
13257,4424,46,5,455.87,2279.35
13258,4424,95,4,397.59,1590.36
13259,4424,38,5,293.18,1465.9
13260,4424,52,5,134.43,672.15
13261,4424,70,4,380.26,1521.04
13262,4425,78,1,441.78,441.78
13263,4425,25,2,392.86,785.72
13264,4425,99,4,403.91,1615.64
13265,4425,97,4,337.32,1349.28
13266,4426,31,3,492.66,1477.98
13267,4426,85,3,65.06,195.18
13268,4426,59,4,132.49,529.96
13269,4426,100,1,479.73,479.73
13270,4427,86,4,405.91,1623.64
13271,4427,10,3,360.58,1081.74
13272,4427,15,4,31.65,126.6
13273,4427,6,2,386.9,773.8
13274,4428,52,3,134.43,403.29
13275,4428,36,3,146.18,438.54
13276,4428,94,5,443.5,2217.5
13277,4428,7,2,102.83,205.66
13278,4428,93,5,389.08,1945.4
13279,4429,6,2,386.9,773.8
13280,4429,13,3,260.92,782.76
13281,4429,43,1,365.01,365.01
13282,4429,19,3,59.16,177.48
13283,4430,6,3,386.9,1160.7
13284,4431,35,3,121.6,364.8
13285,4431,50,5,58.66,293.3
13286,4431,49,4,168.14,672.56
13287,4431,25,5,392.86,1964.3
13288,4432,31,3,492.66,1477.98
13289,4432,22,4,271.14,1084.56
13290,4432,57,1,55.56,55.56
13291,4433,92,2,267.01,534.02
13292,4433,55,4,47.97,191.88
13293,4434,39,5,259.68,1298.4
13294,4435,61,5,309.79,1548.95
13295,4435,98,4,152.13,608.52
13296,4436,88,1,322.06,322.06
13297,4436,56,3,208.09,624.27
13298,4436,51,5,290.5,1452.5
13299,4436,16,5,54.7,273.5
13300,4436,25,4,392.86,1571.44
13301,4437,16,1,54.7,54.7
13302,4437,26,5,20.11,100.55
13303,4438,93,1,389.08,389.08
13304,4439,21,5,360.32,1801.6
13305,4440,68,5,488.86,2444.3
13306,4440,4,4,217.56,870.24
13307,4440,68,5,488.86,2444.3
13308,4441,78,4,441.78,1767.12
13309,4441,70,1,380.26,380.26
13310,4442,92,5,267.01,1335.05
13311,4442,80,1,135.98,135.98
13312,4442,26,3,20.11,60.33
13313,4442,88,3,322.06,966.18
13314,4443,82,5,327.17,1635.85
13315,4443,97,4,337.32,1349.28
13316,4443,3,5,275.8,1379
13317,4444,99,3,403.91,1211.73
13318,4444,86,3,405.91,1217.73
13319,4444,90,4,420.61,1682.44
13320,4445,21,4,360.32,1441.28
13321,4445,63,3,380.74,1142.22
13322,4445,64,3,404.34,1213.02
13323,4445,34,3,435.95,1307.85
13324,4445,90,2,420.61,841.22
13325,4446,10,1,360.58,360.58
13326,4446,61,3,309.79,929.37
13327,4447,61,4,309.79,1239.16
13328,4448,65,3,103.56,310.68
13329,4448,26,2,20.11,40.22
13330,4448,25,4,392.86,1571.44
13331,4448,93,4,389.08,1556.32
13332,4448,46,2,455.87,911.74
13333,4449,26,4,20.11,80.44
13334,4449,4,1,217.56,217.56
13335,4449,99,1,403.91,403.91
13336,4449,33,2,99.83,199.66
13337,4449,80,3,135.98,407.94
13338,4450,89,1,133.38,133.38
13339,4450,53,4,105.42,421.68
13340,4450,52,5,134.43,672.15
13341,4451,79,2,460.63,921.26
13342,4451,98,4,152.13,608.52
13343,4451,50,5,58.66,293.3
13344,4451,40,3,225.49,676.47
13345,4452,20,5,411.46,2057.3
13346,4452,91,3,336.75,1010.25
13347,4452,57,5,55.56,277.8
13348,4453,78,4,441.78,1767.12
13349,4453,36,2,146.18,292.36
13350,4453,66,4,102.27,409.08
13351,4453,73,2,446.53,893.06
13352,4454,84,1,362.77,362.77
13353,4454,51,3,290.5,871.5
13354,4454,14,5,40.76,203.8
13355,4455,2,3,13.76,41.28
13356,4455,58,4,260.13,1040.52
13357,4456,41,3,71.84,215.52
13358,4456,40,5,225.49,1127.45
13359,4456,84,3,362.77,1088.31
13360,4456,91,2,336.75,673.5
13361,4456,90,4,420.61,1682.44
13362,4457,7,4,102.83,411.32
13363,4457,70,1,380.26,380.26
13364,4458,34,3,435.95,1307.85
13365,4459,11,5,300.33,1501.65
13366,4459,15,5,31.65,158.25
13367,4460,66,4,102.27,409.08
13368,4461,5,4,175.97,703.88
13369,4461,44,5,183.81,919.05
13370,4461,29,2,118.85,237.7
13371,4461,40,5,225.49,1127.45
13372,4462,87,5,485.79,2428.95
13373,4462,7,4,102.83,411.32
13374,4462,19,2,59.16,118.32
13375,4462,80,2,135.98,271.96
13376,4462,61,1,309.79,309.79
13377,4463,99,3,403.91,1211.73
13378,4463,51,4,290.5,1162
13379,4463,39,4,259.68,1038.72
13380,4463,52,1,134.43,134.43
13381,4463,48,1,160.97,160.97
13382,4464,25,3,392.86,1178.58
13383,4464,59,2,132.49,264.98
13384,4465,59,3,132.49,397.47
13385,4465,33,4,99.83,399.32
13386,4466,73,5,446.53,2232.65
13387,4466,57,3,55.56,166.68
13388,4467,86,2,405.91,811.82
13389,4467,58,3,260.13,780.39
13390,4467,57,1,55.56,55.56
13391,4467,67,2,319.21,638.42
13392,4468,42,3,241.8,725.4
13393,4468,74,3,463.46,1390.38
13394,4468,14,2,40.76,81.52
13395,4468,49,2,168.14,336.28
13396,4468,17,3,375.79,1127.37
13397,4469,56,1,208.09,208.09
13398,4470,39,1,259.68,259.68
13399,4471,73,4,446.53,1786.12
13400,4471,9,3,93.48,280.44
13401,4471,86,5,405.91,2029.55
13402,4471,87,3,485.79,1457.37
13403,4471,78,4,441.78,1767.12
13404,4472,57,2,55.56,111.12
13405,4472,47,5,288.68,1443.4
13406,4473,50,4,58.66,234.64
13407,4474,80,5,135.98,679.9
13408,4474,90,4,420.61,1682.44
13409,4474,99,4,403.91,1615.64
13410,4474,51,4,290.5,1162
13411,4474,14,2,40.76,81.52
13412,4475,5,2,175.97,351.94
13413,4475,25,1,392.86,392.86
13414,4475,89,5,133.38,666.9
13415,4476,59,1,132.49,132.49
13416,4476,20,4,411.46,1645.84
13417,4477,28,2,299.14,598.28
13418,4477,77,2,493.21,986.42
13419,4477,31,3,492.66,1477.98
13420,4478,88,4,322.06,1288.24
13421,4479,70,4,380.26,1521.04
13422,4479,63,3,380.74,1142.22
13423,4480,32,4,100.46,401.84
13424,4481,99,2,403.91,807.82
13425,4481,16,3,54.7,164.1
13426,4481,94,2,443.5,887
13427,4481,22,3,271.14,813.42
13428,4482,29,5,118.85,594.25
13429,4482,4,4,217.56,870.24
13430,4482,78,4,441.78,1767.12
13431,4483,66,1,102.27,102.27
13432,4483,64,2,404.34,808.68
13433,4483,60,4,317.43,1269.72
13434,4483,85,5,65.06,325.3
13435,4484,94,5,443.5,2217.5
13436,4484,73,3,446.53,1339.59
13437,4484,9,4,93.48,373.92
13438,4484,71,5,234.88,1174.4
13439,4484,6,4,386.9,1547.6
13440,4485,46,5,455.87,2279.35
13441,4485,64,5,404.34,2021.7
13442,4485,54,2,345.07,690.14
13443,4485,24,5,386.82,1934.1
13444,4485,47,1,288.68,288.68
13445,4486,59,1,132.49,132.49
13446,4486,32,3,100.46,301.38
13447,4486,98,3,152.13,456.39
13448,4486,11,1,300.33,300.33
13449,4486,37,3,121.39,364.17
13450,4487,54,1,345.07,345.07
13451,4487,40,3,225.49,676.47
13452,4487,82,4,327.17,1308.68
13453,4488,88,4,322.06,1288.24
13454,4488,62,2,444.18,888.36
13455,4489,87,5,485.79,2428.95
13456,4490,4,2,217.56,435.12
13457,4490,78,5,441.78,2208.9
13458,4490,58,4,260.13,1040.52
13459,4490,5,3,175.97,527.91
13460,4491,55,2,47.97,95.94
13461,4491,66,5,102.27,511.35
13462,4492,40,4,225.49,901.96
13463,4492,14,5,40.76,203.8
13464,4493,24,5,386.82,1934.1
13465,4493,38,1,293.18,293.18
13466,4493,85,1,65.06,65.06
13467,4494,72,4,257.72,1030.88
13468,4494,5,3,175.97,527.91
13469,4494,3,2,275.8,551.6
13470,4494,66,2,102.27,204.54
13471,4495,93,4,389.08,1556.32
13472,4496,26,1,20.11,20.11
13473,4496,65,5,103.56,517.8
13474,4496,86,4,405.91,1623.64
13475,4496,39,4,259.68,1038.72
13476,4497,48,2,160.97,321.94
13477,4498,84,1,362.77,362.77
13478,4498,68,1,488.86,488.86
13479,4499,55,1,47.97,47.97
13480,4500,30,4,193.42,773.68
13481,4500,73,1,446.53,446.53
13482,4500,72,2,257.72,515.44
13483,4501,17,3,375.79,1127.37
13484,4501,27,5,109.12,545.6
13485,4501,64,4,404.34,1617.36
13486,4501,59,5,132.49,662.45
13487,4501,42,2,241.8,483.6
13488,4502,94,2,443.5,887
13489,4502,83,4,470.19,1880.76
13490,4503,17,4,375.79,1503.16
13491,4503,19,2,59.16,118.32
13492,4503,19,3,59.16,177.48
13493,4503,39,2,259.68,519.36
13494,4504,2,1,13.76,13.76
13495,4504,48,2,160.97,321.94
13496,4504,3,2,275.8,551.6
13497,4505,66,2,102.27,204.54
13498,4506,85,3,65.06,195.18
13499,4506,66,1,102.27,102.27
13500,4506,56,3,208.09,624.27
13501,4507,36,5,146.18,730.9
13502,4507,78,3,441.78,1325.34
13503,4507,9,1,93.48,93.48
13504,4507,52,1,134.43,134.43
13505,4507,16,3,54.7,164.1
13506,4508,32,2,100.46,200.92
13507,4509,14,2,40.76,81.52
13508,4509,68,4,488.86,1955.44
13509,4509,9,3,93.48,280.44
13510,4510,99,2,403.91,807.82
13511,4510,51,2,290.5,581
13512,4510,72,2,257.72,515.44
13513,4510,76,5,283.55,1417.75
13514,4511,45,5,184.89,924.45
13515,4511,6,4,386.9,1547.6
13516,4511,48,1,160.97,160.97
13517,4512,24,3,386.82,1160.46
13518,4512,75,1,190.13,190.13
13519,4512,48,3,160.97,482.91
13520,4512,55,3,47.97,143.91
13521,4512,33,5,99.83,499.15
13522,4513,23,4,157.5,630
13523,4513,49,5,168.14,840.7
13524,4513,46,2,455.87,911.74
13525,4514,82,1,327.17,327.17
13526,4514,36,1,146.18,146.18
13527,4514,49,1,168.14,168.14
13528,4514,91,5,336.75,1683.75
13529,4515,44,4,183.81,735.24
13530,4515,32,3,100.46,301.38
13531,4515,56,5,208.09,1040.45
13532,4515,64,2,404.34,808.68
13533,4515,10,4,360.58,1442.32
13534,4516,97,3,337.32,1011.96
13535,4517,70,2,380.26,760.52
13536,4517,37,3,121.39,364.17
13537,4518,42,2,241.8,483.6
13538,4518,36,4,146.18,584.72
13539,4518,71,2,234.88,469.76
13540,4518,39,2,259.68,519.36
13541,4518,41,1,71.84,71.84
13542,4519,24,1,386.82,386.82
13543,4519,94,3,443.5,1330.5
13544,4519,61,4,309.79,1239.16
13545,4520,83,2,470.19,940.38
13546,4520,85,5,65.06,325.3
13547,4520,55,2,47.97,95.94
13548,4520,22,5,271.14,1355.7
13549,4520,94,1,443.5,443.5
13550,4521,51,5,290.5,1452.5
13551,4522,88,5,322.06,1610.3
13552,4522,72,3,257.72,773.16
13553,4523,37,2,121.39,242.78
13554,4523,47,2,288.68,577.36
13555,4524,5,4,175.97,703.88
13556,4525,4,4,217.56,870.24
13557,4525,92,3,267.01,801.03
13558,4526,59,2,132.49,264.98
13559,4526,56,4,208.09,832.36
13560,4526,56,5,208.09,1040.45
13561,4526,76,2,283.55,567.1
13562,4527,91,3,336.75,1010.25
13563,4527,93,5,389.08,1945.4
13564,4528,88,4,322.06,1288.24
13565,4528,51,4,290.5,1162
13566,4528,73,3,446.53,1339.59
13567,4528,11,2,300.33,600.66
13568,4529,88,2,322.06,644.12
13569,4529,37,2,121.39,242.78
13570,4530,10,2,360.58,721.16
13571,4530,96,4,24.45,97.8
13572,4531,80,3,135.98,407.94
13573,4531,64,1,404.34,404.34
13574,4531,3,2,275.8,551.6
13575,4531,63,4,380.74,1522.96
13576,4532,98,3,152.13,456.39
13577,4532,99,3,403.91,1211.73
13578,4533,39,5,259.68,1298.4
13579,4533,10,3,360.58,1081.74
13580,4533,86,1,405.91,405.91
13581,4534,39,5,259.68,1298.4
13582,4534,42,5,241.8,1209
13583,4534,98,1,152.13,152.13
13584,4534,8,2,297.2,594.4
13585,4534,97,5,337.32,1686.6
13586,4535,43,4,365.01,1460.04
13587,4535,4,5,217.56,1087.8
13588,4535,43,2,365.01,730.02
13589,4535,50,3,58.66,175.98
13590,4536,44,1,183.81,183.81
13591,4537,3,3,275.8,827.4
13592,4537,35,3,121.6,364.8
13593,4537,92,1,267.01,267.01
13594,4538,51,2,290.5,581
13595,4539,22,5,271.14,1355.7
13596,4540,10,5,360.58,1802.9
13597,4540,7,4,102.83,411.32
13598,4540,25,4,392.86,1571.44
13599,4541,42,1,241.8,241.8
13600,4541,18,1,111.88,111.88
13601,4542,100,1,479.73,479.73
13602,4542,26,5,20.11,100.55
13603,4543,67,1,319.21,319.21
13604,4543,39,1,259.68,259.68
13605,4543,40,3,225.49,676.47
13606,4544,52,5,134.43,672.15
13607,4545,9,2,93.48,186.96
13608,4545,78,2,441.78,883.56
13609,4545,72,1,257.72,257.72
13610,4545,30,2,193.42,386.84
13611,4546,7,5,102.83,514.15
13612,4547,80,2,135.98,271.96
13613,4547,3,2,275.8,551.6
13614,4548,47,3,288.68,866.04
13615,4548,45,4,184.89,739.56
13616,4548,15,2,31.65,63.3
13617,4549,87,5,485.79,2428.95
13618,4550,54,4,345.07,1380.28
13619,4550,60,2,317.43,634.86
13620,4550,51,2,290.5,581
13621,4550,75,1,190.13,190.13
13622,4550,30,5,193.42,967.1
13623,4551,16,4,54.7,218.8
13624,4551,10,4,360.58,1442.32
13625,4552,36,2,146.18,292.36
13626,4553,79,2,460.63,921.26
13627,4554,25,4,392.86,1571.44
13628,4554,5,4,175.97,703.88
13629,4554,87,2,485.79,971.58
13630,4555,70,2,380.26,760.52
13631,4555,33,5,99.83,499.15
13632,4555,82,2,327.17,654.34
13633,4556,81,2,69.38,138.76
13634,4556,67,3,319.21,957.63
13635,4556,99,2,403.91,807.82
13636,4557,34,5,435.95,2179.75
13637,4558,43,3,365.01,1095.03
13638,4559,45,5,184.89,924.45
13639,4559,85,1,65.06,65.06
13640,4559,7,2,102.83,205.66
13641,4559,98,4,152.13,608.52
13642,4559,94,4,443.5,1774
13643,4560,31,1,492.66,492.66
13644,4560,80,3,135.98,407.94
13645,4560,15,5,31.65,158.25
13646,4561,58,3,260.13,780.39
13647,4561,46,3,455.87,1367.61
13648,4561,12,2,195.25,390.5
13649,4562,46,4,455.87,1823.48
13650,4562,26,3,20.11,60.33
13651,4562,22,5,271.14,1355.7
13652,4562,21,2,360.32,720.64
13653,4562,68,1,488.86,488.86
13654,4563,14,1,40.76,40.76
13655,4563,51,2,290.5,581
13656,4563,67,4,319.21,1276.84
13657,4563,81,3,69.38,208.14
13658,4563,82,2,327.17,654.34
13659,4564,90,4,420.61,1682.44
13660,4565,6,1,386.9,386.9
13661,4565,74,2,463.46,926.92
13662,4565,18,4,111.88,447.52
13663,4566,71,5,234.88,1174.4
13664,4566,73,1,446.53,446.53
13665,4566,53,2,105.42,210.84
13666,4566,28,1,299.14,299.14
13667,4566,87,5,485.79,2428.95
13668,4567,100,2,479.73,959.46
13669,4567,78,5,441.78,2208.9
13670,4567,81,2,69.38,138.76
13671,4567,90,3,420.61,1261.83
13672,4567,62,3,444.18,1332.54
13673,4568,57,4,55.56,222.24
13674,4568,68,4,488.86,1955.44
13675,4568,55,2,47.97,95.94
13676,4568,2,5,13.76,68.8
13677,4569,75,3,190.13,570.39
13678,4569,75,2,190.13,380.26
13679,4569,26,4,20.11,80.44
13680,4570,93,5,389.08,1945.4
13681,4570,85,1,65.06,65.06
13682,4571,11,4,300.33,1201.32
13683,4571,14,3,40.76,122.28
13684,4572,48,5,160.97,804.85
13685,4573,31,3,492.66,1477.98
13686,4573,31,4,492.66,1970.64
13687,4573,99,4,403.91,1615.64
13688,4573,45,2,184.89,369.78
13689,4573,68,4,488.86,1955.44
13690,4574,80,3,135.98,407.94
13691,4574,99,3,403.91,1211.73
13692,4574,97,5,337.32,1686.6
13693,4575,62,5,444.18,2220.9
13694,4575,69,3,64.44,193.32
13695,4575,95,4,397.59,1590.36
13696,4575,31,2,492.66,985.32
13697,4575,68,2,488.86,977.72
13698,4576,36,5,146.18,730.9
13699,4577,83,1,470.19,470.19
13700,4578,45,5,184.89,924.45
13701,4578,51,1,290.5,290.5
13702,4578,56,3,208.09,624.27
13703,4578,33,4,99.83,399.32
13704,4578,22,2,271.14,542.28
13705,4579,11,1,300.33,300.33
13706,4579,15,3,31.65,94.95
13707,4580,78,3,441.78,1325.34
13708,4580,14,1,40.76,40.76
13709,4580,11,3,300.33,900.99
13710,4580,67,4,319.21,1276.84
13711,4581,23,5,157.5,787.5
13712,4581,36,4,146.18,584.72
13713,4582,15,5,31.65,158.25
13714,4582,77,4,493.21,1972.84
13715,4582,26,1,20.11,20.11
13716,4582,34,4,435.95,1743.8
13717,4583,24,2,386.82,773.64
13718,4584,46,4,455.87,1823.48
13719,4584,58,4,260.13,1040.52
13720,4584,50,5,58.66,293.3
13721,4584,17,2,375.79,751.58
13722,4584,89,3,133.38,400.14
13723,4585,21,2,360.32,720.64
13724,4585,24,3,386.82,1160.46
13725,4585,46,2,455.87,911.74
13726,4586,52,5,134.43,672.15
13727,4586,69,2,64.44,128.88
13728,4586,79,4,460.63,1842.52
13729,4586,3,5,275.8,1379
13730,4586,99,5,403.91,2019.55
13731,4587,46,1,455.87,455.87
13732,4587,76,4,283.55,1134.2
13733,4587,57,1,55.56,55.56
13734,4588,70,3,380.26,1140.78
13735,4589,11,5,300.33,1501.65
13736,4589,15,5,31.65,158.25
13737,4589,33,5,99.83,499.15
13738,4590,39,1,259.68,259.68
13739,4590,39,4,259.68,1038.72
13740,4590,47,4,288.68,1154.72
13741,4591,23,1,157.5,157.5
13742,4592,12,3,195.25,585.75
13743,4593,51,1,290.5,290.5
13744,4593,100,4,479.73,1918.92
13745,4593,34,4,435.95,1743.8
13746,4594,24,4,386.82,1547.28
13747,4594,30,1,193.42,193.42
13748,4594,63,1,380.74,380.74
13749,4595,31,1,492.66,492.66
13750,4596,12,5,195.25,976.25
13751,4596,34,4,435.95,1743.8
13752,4596,15,5,31.65,158.25
13753,4596,48,3,160.97,482.91
13754,4597,10,2,360.58,721.16
13755,4597,71,5,234.88,1174.4
13756,4597,1,5,263.13,1315.65
13757,4597,56,1,208.09,208.09
13758,4598,56,3,208.09,624.27
13759,4599,41,1,71.84,71.84
13760,4599,11,3,300.33,900.99
13761,4599,85,1,65.06,65.06
13762,4600,21,1,360.32,360.32
13763,4600,36,4,146.18,584.72
13764,4600,51,2,290.5,581
13765,4601,73,2,446.53,893.06
13766,4601,94,2,443.5,887
13767,4602,69,2,64.44,128.88
13768,4603,14,2,40.76,81.52
13769,4603,18,4,111.88,447.52
13770,4603,6,5,386.9,1934.5
13771,4603,2,2,13.76,27.52
13772,4604,56,5,208.09,1040.45
13773,4605,50,5,58.66,293.3
13774,4605,67,1,319.21,319.21
13775,4605,70,5,380.26,1901.3
13776,4606,55,2,47.97,95.94
13777,4606,45,4,184.89,739.56
13778,4606,16,4,54.7,218.8
13779,4606,15,3,31.65,94.95
13780,4606,51,1,290.5,290.5
13781,4607,73,5,446.53,2232.65
13782,4607,76,1,283.55,283.55
13783,4608,54,4,345.07,1380.28
13784,4608,31,3,492.66,1477.98
13785,4608,16,4,54.7,218.8
13786,4609,74,2,463.46,926.92
13787,4609,33,4,99.83,399.32
13788,4609,62,1,444.18,444.18
13789,4609,99,1,403.91,403.91
13790,4610,58,4,260.13,1040.52
13791,4610,79,4,460.63,1842.52
13792,4611,92,3,267.01,801.03
13793,4611,76,2,283.55,567.1
13794,4611,39,1,259.68,259.68
13795,4611,18,2,111.88,223.76
13796,4611,39,5,259.68,1298.4
13797,4612,57,5,55.56,277.8
13798,4612,41,3,71.84,215.52
13799,4612,39,2,259.68,519.36
13800,4612,70,1,380.26,380.26
13801,4612,59,3,132.49,397.47
13802,4613,54,1,345.07,345.07
13803,4613,39,4,259.68,1038.72
13804,4613,60,4,317.43,1269.72
13805,4613,69,3,64.44,193.32
13806,4613,97,4,337.32,1349.28
13807,4614,8,3,297.2,891.6
13808,4614,26,5,20.11,100.55
13809,4614,95,3,397.59,1192.77
13810,4614,64,5,404.34,2021.7
13811,4614,66,4,102.27,409.08
13812,4615,63,5,380.74,1903.7
13813,4615,43,4,365.01,1460.04
13814,4615,65,5,103.56,517.8
13815,4615,68,3,488.86,1466.58
13816,4616,59,2,132.49,264.98
13817,4616,68,2,488.86,977.72
13818,4617,44,5,183.81,919.05
13819,4618,26,3,20.11,60.33
13820,4618,5,5,175.97,879.85
13821,4619,29,5,118.85,594.25
13822,4619,85,1,65.06,65.06
13823,4619,44,1,183.81,183.81
13824,4620,92,5,267.01,1335.05
13825,4621,45,1,184.89,184.89
13826,4621,80,3,135.98,407.94
13827,4621,74,1,463.46,463.46
13828,4621,95,3,397.59,1192.77
13829,4622,80,1,135.98,135.98
13830,4622,47,2,288.68,577.36
13831,4622,45,2,184.89,369.78
13832,4623,22,5,271.14,1355.7
13833,4623,57,3,55.56,166.68
13834,4623,79,2,460.63,921.26
13835,4624,17,4,375.79,1503.16
13836,4625,14,1,40.76,40.76
13837,4625,55,2,47.97,95.94
13838,4626,73,3,446.53,1339.59
13839,4626,96,3,24.45,73.35
13840,4627,88,4,322.06,1288.24
13841,4627,72,5,257.72,1288.6
13842,4627,76,4,283.55,1134.2
13843,4628,70,4,380.26,1521.04
13844,4628,53,1,105.42,105.42
13845,4628,63,1,380.74,380.74
13846,4629,50,3,58.66,175.98
13847,4629,39,5,259.68,1298.4
13848,4629,15,1,31.65,31.65
13849,4629,36,1,146.18,146.18
13850,4629,49,4,168.14,672.56
13851,4630,37,2,121.39,242.78
13852,4630,54,2,345.07,690.14
13853,4631,36,5,146.18,730.9
13854,4631,48,1,160.97,160.97
13855,4632,59,5,132.49,662.45
13856,4632,67,4,319.21,1276.84
13857,4632,55,2,47.97,95.94
13858,4632,57,2,55.56,111.12
13859,4632,6,1,386.9,386.9
13860,4633,14,2,40.76,81.52
13861,4633,57,3,55.56,166.68
13862,4633,58,5,260.13,1300.65
13863,4634,32,2,100.46,200.92
13864,4634,96,3,24.45,73.35
13865,4634,21,2,360.32,720.64
13866,4635,3,4,275.8,1103.2
13867,4636,45,4,184.89,739.56
13868,4637,81,4,69.38,277.52
13869,4638,43,1,365.01,365.01
13870,4639,35,2,121.6,243.2
13871,4639,20,3,411.46,1234.38
13872,4640,53,5,105.42,527.1
13873,4640,1,2,263.13,526.26
13874,4641,19,1,59.16,59.16
13875,4641,3,5,275.8,1379
13876,4641,76,4,283.55,1134.2
13877,4641,4,1,217.56,217.56
13878,4641,98,3,152.13,456.39
13879,4642,59,3,132.49,397.47
13880,4643,25,3,392.86,1178.58
13881,4643,91,3,336.75,1010.25
13882,4643,41,4,71.84,287.36
13883,4643,38,2,293.18,586.36
13884,4643,75,2,190.13,380.26
13885,4644,86,4,405.91,1623.64
13886,4644,14,1,40.76,40.76
13887,4645,68,2,488.86,977.72
13888,4645,88,4,322.06,1288.24
13889,4646,86,1,405.91,405.91
13890,4646,21,5,360.32,1801.6
13891,4647,47,2,288.68,577.36
13892,4647,23,1,157.5,157.5
13893,4647,95,3,397.59,1192.77
13894,4647,74,4,463.46,1853.84
13895,4648,20,4,411.46,1645.84
13896,4648,67,3,319.21,957.63
13897,4648,30,1,193.42,193.42
13898,4648,27,4,109.12,436.48
13899,4648,17,3,375.79,1127.37
13900,4649,30,1,193.42,193.42
13901,4649,86,2,405.91,811.82
13902,4649,49,3,168.14,504.42
13903,4649,8,2,297.2,594.4
13904,4649,88,4,322.06,1288.24
13905,4650,40,5,225.49,1127.45
13906,4650,99,3,403.91,1211.73
13907,4650,45,5,184.89,924.45
13908,4650,4,2,217.56,435.12
13909,4650,4,5,217.56,1087.8
13910,4651,36,2,146.18,292.36
13911,4651,75,4,190.13,760.52
13912,4651,95,3,397.59,1192.77
13913,4651,8,4,297.2,1188.8
13914,4651,95,2,397.59,795.18
13915,4652,93,1,389.08,389.08
13916,4652,32,3,100.46,301.38
13917,4652,7,3,102.83,308.49
13918,4652,20,1,411.46,411.46
13919,4652,72,5,257.72,1288.6
13920,4653,6,2,386.9,773.8
13921,4653,9,5,93.48,467.4
13922,4653,74,2,463.46,926.92
13923,4653,73,4,446.53,1786.12
13924,4653,18,1,111.88,111.88
13925,4654,76,3,283.55,850.65
13926,4654,80,4,135.98,543.92
13927,4655,60,3,317.43,952.29
13928,4655,61,3,309.79,929.37
13929,4655,16,4,54.7,218.8
13930,4655,66,3,102.27,306.81
13931,4655,10,4,360.58,1442.32
13932,4656,23,5,157.5,787.5
13933,4656,99,2,403.91,807.82
13934,4657,3,4,275.8,1103.2
13935,4657,53,2,105.42,210.84
13936,4657,56,2,208.09,416.18
13937,4657,22,4,271.14,1084.56
13938,4658,85,3,65.06,195.18
13939,4659,94,2,443.5,887
13940,4660,54,2,345.07,690.14
13941,4660,80,5,135.98,679.9
13942,4660,35,2,121.6,243.2
13943,4660,25,2,392.86,785.72
13944,4660,11,3,300.33,900.99
13945,4661,15,1,31.65,31.65
13946,4661,82,3,327.17,981.51
13947,4661,27,2,109.12,218.24
13948,4662,87,4,485.79,1943.16
13949,4662,19,2,59.16,118.32
13950,4662,58,2,260.13,520.26
13951,4662,59,2,132.49,264.98
13952,4663,42,2,241.8,483.6
13953,4663,79,4,460.63,1842.52
13954,4663,88,4,322.06,1288.24
13955,4663,53,4,105.42,421.68
13956,4663,84,5,362.77,1813.85
13957,4664,50,3,58.66,175.98
13958,4664,83,3,470.19,1410.57
13959,4665,34,2,435.95,871.9
13960,4665,45,5,184.89,924.45
13961,4666,46,4,455.87,1823.48
13962,4666,88,5,322.06,1610.3
13963,4666,66,2,102.27,204.54
13964,4666,29,4,118.85,475.4
13965,4666,10,3,360.58,1081.74
13966,4667,93,3,389.08,1167.24
13967,4667,4,2,217.56,435.12
13968,4667,48,3,160.97,482.91
13969,4667,98,1,152.13,152.13
13970,4667,59,3,132.49,397.47
13971,4668,31,2,492.66,985.32
13972,4668,76,4,283.55,1134.2
13973,4668,75,1,190.13,190.13
13974,4668,60,3,317.43,952.29
13975,4668,86,5,405.91,2029.55
13976,4669,15,5,31.65,158.25
13977,4669,40,2,225.49,450.98
13978,4670,73,3,446.53,1339.59
13979,4670,65,4,103.56,414.24
13980,4671,45,4,184.89,739.56
13981,4671,16,4,54.7,218.8
13982,4671,69,5,64.44,322.2
13983,4671,95,2,397.59,795.18
13984,4671,24,2,386.82,773.64
13985,4672,48,3,160.97,482.91
13986,4672,28,1,299.14,299.14
13987,4673,15,3,31.65,94.95
13988,4674,30,2,193.42,386.84
13989,4674,54,3,345.07,1035.21
13990,4674,87,2,485.79,971.58
13991,4674,4,1,217.56,217.56
13992,4675,89,5,133.38,666.9
13993,4676,29,4,118.85,475.4
13994,4676,99,2,403.91,807.82
13995,4677,71,5,234.88,1174.4
13996,4677,66,4,102.27,409.08
13997,4677,87,4,485.79,1943.16
13998,4677,36,5,146.18,730.9
13999,4677,98,3,152.13,456.39
14000,4678,50,2,58.66,117.32
14001,4678,52,1,134.43,134.43
14002,4678,35,1,121.6,121.6
14003,4678,33,4,99.83,399.32
14004,4679,46,1,455.87,455.87
14005,4679,91,3,336.75,1010.25
14006,4680,90,1,420.61,420.61
14007,4680,7,4,102.83,411.32
14008,4681,30,1,193.42,193.42
14009,4681,10,1,360.58,360.58
14010,4682,20,2,411.46,822.92
14011,4683,22,4,271.14,1084.56
14012,4684,14,4,40.76,163.04
14013,4684,70,4,380.26,1521.04
14014,4684,100,4,479.73,1918.92
14015,4685,52,3,134.43,403.29
14016,4685,14,3,40.76,122.28
14017,4685,72,4,257.72,1030.88
14018,4685,58,2,260.13,520.26
14019,4686,21,5,360.32,1801.6
14020,4686,15,5,31.65,158.25
14021,4686,75,2,190.13,380.26
14022,4687,37,3,121.39,364.17
14023,4687,11,2,300.33,600.66
14024,4687,62,2,444.18,888.36
14025,4688,65,2,103.56,207.12
14026,4688,47,2,288.68,577.36
14027,4688,64,1,404.34,404.34
14028,4688,2,5,13.76,68.8
14029,4689,60,3,317.43,952.29
14030,4689,67,3,319.21,957.63
14031,4689,28,5,299.14,1495.7
14032,4689,14,1,40.76,40.76
14033,4689,6,2,386.9,773.8
14034,4690,48,4,160.97,643.88
14035,4690,81,4,69.38,277.52
14036,4690,3,3,275.8,827.4
14037,4690,53,4,105.42,421.68
14038,4690,12,1,195.25,195.25
14039,4691,61,2,309.79,619.58
14040,4691,29,2,118.85,237.7
14041,4691,44,3,183.81,551.43
14042,4692,85,5,65.06,325.3
14043,4692,71,2,234.88,469.76
14044,4693,26,4,20.11,80.44
14045,4693,84,5,362.77,1813.85
14046,4693,42,4,241.8,967.2
14047,4694,31,2,492.66,985.32
14048,4694,72,1,257.72,257.72
14049,4695,66,2,102.27,204.54
14050,4695,5,5,175.97,879.85
14051,4695,72,4,257.72,1030.88
14052,4695,33,3,99.83,299.49
14053,4696,34,2,435.95,871.9
14054,4696,50,2,58.66,117.32
14055,4696,17,1,375.79,375.79
14056,4696,91,1,336.75,336.75
14057,4696,51,2,290.5,581
14058,4697,27,2,109.12,218.24
14059,4697,30,2,193.42,386.84
14060,4697,86,4,405.91,1623.64
14061,4697,24,2,386.82,773.64
14062,4697,36,2,146.18,292.36
14063,4698,37,3,121.39,364.17
14064,4698,70,2,380.26,760.52
14065,4698,92,1,267.01,267.01
14066,4698,88,2,322.06,644.12
14067,4699,37,4,121.39,485.56
14068,4699,56,5,208.09,1040.45
14069,4699,88,2,322.06,644.12
14070,4699,64,5,404.34,2021.7
14071,4699,58,4,260.13,1040.52
14072,4700,34,3,435.95,1307.85
14073,4700,9,5,93.48,467.4
14074,4701,94,1,443.5,443.5
14075,4701,81,4,69.38,277.52
14076,4701,12,5,195.25,976.25
14077,4702,48,3,160.97,482.91
14078,4703,46,2,455.87,911.74
14079,4703,6,3,386.9,1160.7
14080,4703,85,3,65.06,195.18
14081,4703,49,4,168.14,672.56
14082,4703,34,1,435.95,435.95
14083,4704,82,2,327.17,654.34
14084,4704,55,3,47.97,143.91
14085,4704,18,3,111.88,335.64
14086,4704,40,5,225.49,1127.45
14087,4705,72,5,257.72,1288.6
14088,4705,43,4,365.01,1460.04
14089,4705,25,1,392.86,392.86
14090,4705,26,1,20.11,20.11
14091,4705,90,3,420.61,1261.83
14092,4706,36,1,146.18,146.18
14093,4707,28,4,299.14,1196.56
14094,4707,53,3,105.42,316.26
14095,4707,1,3,263.13,789.39
14096,4707,35,2,121.6,243.2
14097,4707,49,4,168.14,672.56
14098,4708,38,3,293.18,879.54
14099,4709,75,3,190.13,570.39
14100,4709,52,4,134.43,537.72
14101,4709,31,1,492.66,492.66
14102,4710,100,3,479.73,1439.19
14103,4710,76,4,283.55,1134.2
14104,4711,62,5,444.18,2220.9
14105,4712,10,3,360.58,1081.74
14106,4712,4,5,217.56,1087.8
14107,4713,70,2,380.26,760.52
14108,4714,30,3,193.42,580.26
14109,4714,77,4,493.21,1972.84
14110,4715,94,2,443.5,887
14111,4715,51,3,290.5,871.5
14112,4715,95,2,397.59,795.18
14113,4715,67,3,319.21,957.63
14114,4716,64,4,404.34,1617.36
14115,4716,21,2,360.32,720.64
14116,4716,49,1,168.14,168.14
14117,4716,86,2,405.91,811.82
14118,4717,89,1,133.38,133.38
14119,4717,19,2,59.16,118.32
14120,4717,64,4,404.34,1617.36
14121,4717,51,2,290.5,581
14122,4717,4,2,217.56,435.12
14123,4718,46,3,455.87,1367.61
14124,4718,21,4,360.32,1441.28
14125,4718,96,2,24.45,48.9
14126,4719,73,4,446.53,1786.12
14127,4719,44,1,183.81,183.81
14128,4719,42,1,241.8,241.8
14129,4720,1,1,263.13,263.13
14130,4720,62,4,444.18,1776.72
14131,4720,1,2,263.13,526.26
14132,4720,39,4,259.68,1038.72
14133,4721,81,3,69.38,208.14
14134,4721,47,4,288.68,1154.72
14135,4721,52,5,134.43,672.15
14136,4721,3,3,275.8,827.4
14137,4722,97,4,337.32,1349.28
14138,4722,87,2,485.79,971.58
14139,4722,13,2,260.92,521.84
14140,4722,78,5,441.78,2208.9
14141,4722,35,1,121.6,121.6
14142,4723,26,1,20.11,20.11
14143,4723,61,3,309.79,929.37
14144,4723,58,5,260.13,1300.65
14145,4723,75,5,190.13,950.65
14146,4724,32,5,100.46,502.3
14147,4724,90,5,420.61,2103.05
14148,4725,100,1,479.73,479.73
14149,4725,74,1,463.46,463.46
14150,4725,100,5,479.73,2398.65
14151,4725,46,3,455.87,1367.61
14152,4725,63,2,380.74,761.48
14153,4726,16,1,54.7,54.7
14154,4727,84,5,362.77,1813.85
14155,4728,72,4,257.72,1030.88
14156,4728,41,5,71.84,359.2
14157,4728,95,5,397.59,1987.95
14158,4728,29,5,118.85,594.25
14159,4729,88,3,322.06,966.18
14160,4729,15,1,31.65,31.65
14161,4730,92,5,267.01,1335.05
14162,4730,22,3,271.14,813.42
14163,4730,22,4,271.14,1084.56
14164,4730,92,1,267.01,267.01
14165,4731,14,2,40.76,81.52
14166,4731,2,1,13.76,13.76
14167,4731,9,1,93.48,93.48
14168,4731,81,1,69.38,69.38
14169,4732,11,2,300.33,600.66
14170,4732,60,1,317.43,317.43
14171,4733,2,4,13.76,55.04
14172,4734,69,4,64.44,257.76
14173,4734,8,2,297.2,594.4
14174,4735,31,5,492.66,2463.3
14175,4735,14,2,40.76,81.52
14176,4735,36,4,146.18,584.72
14177,4736,85,3,65.06,195.18
14178,4736,5,5,175.97,879.85
14179,4736,67,2,319.21,638.42
14180,4736,99,4,403.91,1615.64
14181,4736,8,2,297.2,594.4
14182,4737,22,3,271.14,813.42
14183,4737,90,2,420.61,841.22
14184,4738,24,2,386.82,773.64
14185,4739,71,3,234.88,704.64
14186,4739,29,5,118.85,594.25
14187,4740,56,1,208.09,208.09
14188,4740,43,3,365.01,1095.03
14189,4740,55,3,47.97,143.91
14190,4740,65,2,103.56,207.12
14191,4741,100,1,479.73,479.73
14192,4741,63,3,380.74,1142.22
14193,4741,33,3,99.83,299.49
14194,4742,35,1,121.6,121.6
14195,4742,23,3,157.5,472.5
14196,4742,100,3,479.73,1439.19
14197,4742,52,2,134.43,268.86
14198,4743,44,5,183.81,919.05
14199,4743,30,1,193.42,193.42
14200,4743,80,3,135.98,407.94
14201,4744,5,2,175.97,351.94
14202,4745,100,2,479.73,959.46
14203,4746,19,2,59.16,118.32
14204,4746,80,2,135.98,271.96
14205,4746,56,4,208.09,832.36
14206,4747,33,2,99.83,199.66
14207,4747,49,1,168.14,168.14
14208,4748,12,1,195.25,195.25
14209,4748,18,3,111.88,335.64
14210,4748,81,3,69.38,208.14
14211,4749,58,4,260.13,1040.52
14212,4749,52,4,134.43,537.72
14213,4749,22,2,271.14,542.28
14214,4749,85,5,65.06,325.3
14215,4749,29,1,118.85,118.85
14216,4750,25,2,392.86,785.72
14217,4750,18,3,111.88,335.64
14218,4751,93,5,389.08,1945.4
14219,4751,63,2,380.74,761.48
14220,4751,94,4,443.5,1774
14221,4751,72,1,257.72,257.72
14222,4751,87,3,485.79,1457.37
14223,4752,1,1,263.13,263.13
14224,4752,35,4,121.6,486.4
14225,4752,5,5,175.97,879.85
14226,4752,3,4,275.8,1103.2
14227,4752,27,5,109.12,545.6
14228,4753,7,1,102.83,102.83
14229,4753,1,1,263.13,263.13
14230,4753,82,3,327.17,981.51
14231,4754,58,3,260.13,780.39
14232,4754,66,1,102.27,102.27
14233,4754,84,5,362.77,1813.85
14234,4755,42,1,241.8,241.8
14235,4755,92,4,267.01,1068.04
14236,4755,64,4,404.34,1617.36
14237,4756,9,4,93.48,373.92
14238,4756,36,5,146.18,730.9
14239,4756,98,4,152.13,608.52
14240,4756,42,5,241.8,1209
14241,4757,76,1,283.55,283.55
14242,4757,50,5,58.66,293.3
14243,4757,50,4,58.66,234.64
14244,4757,7,1,102.83,102.83
14245,4758,12,5,195.25,976.25
14246,4758,25,5,392.86,1964.3
14247,4759,75,2,190.13,380.26
14248,4759,46,5,455.87,2279.35
14249,4760,58,1,260.13,260.13
14250,4760,8,4,297.2,1188.8
14251,4761,52,2,134.43,268.86
14252,4761,64,5,404.34,2021.7
14253,4761,54,3,345.07,1035.21
14254,4762,71,1,234.88,234.88
14255,4762,47,2,288.68,577.36
14256,4763,25,3,392.86,1178.58
14257,4763,34,1,435.95,435.95
14258,4764,88,4,322.06,1288.24
14259,4764,84,4,362.77,1451.08
14260,4764,90,1,420.61,420.61
14261,4764,92,3,267.01,801.03
14262,4764,100,3,479.73,1439.19
14263,4765,81,3,69.38,208.14
14264,4765,43,5,365.01,1825.05
14265,4766,55,3,47.97,143.91
14266,4766,5,5,175.97,879.85
14267,4766,16,5,54.7,273.5
14268,4766,59,3,132.49,397.47
14269,4766,98,3,152.13,456.39
14270,4767,6,3,386.9,1160.7
14271,4767,8,2,297.2,594.4
14272,4768,81,1,69.38,69.38
14273,4769,24,3,386.82,1160.46
14274,4769,45,2,184.89,369.78
14275,4769,86,4,405.91,1623.64
14276,4769,31,3,492.66,1477.98
14277,4769,15,4,31.65,126.6
14278,4770,4,3,217.56,652.68
14279,4770,55,5,47.97,239.85
14280,4770,91,2,336.75,673.5
14281,4771,33,1,99.83,99.83
14282,4771,36,2,146.18,292.36
14283,4771,63,2,380.74,761.48
14284,4771,83,5,470.19,2350.95
14285,4771,92,4,267.01,1068.04
14286,4772,15,1,31.65,31.65
14287,4772,98,1,152.13,152.13
14288,4773,40,5,225.49,1127.45
14289,4773,34,4,435.95,1743.8
14290,4774,14,3,40.76,122.28
14291,4774,84,2,362.77,725.54
14292,4774,19,3,59.16,177.48
14293,4775,33,3,99.83,299.49
14294,4775,39,4,259.68,1038.72
14295,4775,50,5,58.66,293.3
14296,4775,4,1,217.56,217.56
14297,4775,48,2,160.97,321.94
14298,4776,7,3,102.83,308.49
14299,4776,30,1,193.42,193.42
14300,4777,17,3,375.79,1127.37
14301,4777,11,4,300.33,1201.32
14302,4777,29,3,118.85,356.55
14303,4777,73,4,446.53,1786.12
14304,4777,24,2,386.82,773.64
14305,4778,94,5,443.5,2217.5
14306,4778,82,2,327.17,654.34
14307,4779,4,2,217.56,435.12
14308,4779,86,2,405.91,811.82
14309,4779,25,4,392.86,1571.44
14310,4779,39,5,259.68,1298.4
14311,4780,40,2,225.49,450.98
14312,4781,7,2,102.83,205.66
14313,4781,94,2,443.5,887
14314,4782,16,3,54.7,164.1
14315,4782,48,3,160.97,482.91
14316,4782,73,1,446.53,446.53
14317,4783,50,4,58.66,234.64
14318,4783,11,1,300.33,300.33
14319,4783,65,4,103.56,414.24
14320,4783,22,5,271.14,1355.7
14321,4783,31,5,492.66,2463.3
14322,4784,25,4,392.86,1571.44
14323,4784,19,3,59.16,177.48
14324,4785,15,4,31.65,126.6
14325,4785,88,5,322.06,1610.3
14326,4785,80,3,135.98,407.94
14327,4786,73,5,446.53,2232.65
14328,4786,41,3,71.84,215.52
14329,4786,47,2,288.68,577.36
14330,4786,14,3,40.76,122.28
14331,4786,99,3,403.91,1211.73
14332,4787,32,5,100.46,502.3
14333,4788,22,2,271.14,542.28
14334,4788,63,1,380.74,380.74
14335,4789,14,1,40.76,40.76
14336,4790,85,2,65.06,130.12
14337,4791,1,5,263.13,1315.65
14338,4791,97,2,337.32,674.64
14339,4791,67,4,319.21,1276.84
14340,4792,100,4,479.73,1918.92
14341,4792,48,3,160.97,482.91
14342,4792,90,2,420.61,841.22
14343,4792,54,2,345.07,690.14
14344,4793,21,2,360.32,720.64
14345,4793,94,1,443.5,443.5
14346,4793,88,4,322.06,1288.24
14347,4794,17,1,375.79,375.79
14348,4794,2,2,13.76,27.52
14349,4794,17,2,375.79,751.58
14350,4795,28,2,299.14,598.28
14351,4795,75,1,190.13,190.13
14352,4795,9,5,93.48,467.4
14353,4795,3,1,275.8,275.8
14354,4795,11,4,300.33,1201.32
14355,4796,34,4,435.95,1743.8
14356,4796,88,5,322.06,1610.3
14357,4796,5,5,175.97,879.85
14358,4796,15,5,31.65,158.25
14359,4796,46,5,455.87,2279.35
14360,4797,92,4,267.01,1068.04
14361,4797,2,1,13.76,13.76
14362,4798,54,4,345.07,1380.28
14363,4798,85,1,65.06,65.06
14364,4798,3,1,275.8,275.8
14365,4799,45,4,184.89,739.56
14366,4799,88,2,322.06,644.12
14367,4799,43,3,365.01,1095.03
14368,4799,48,5,160.97,804.85
14369,4800,4,5,217.56,1087.8
14370,4800,4,1,217.56,217.56
14371,4801,36,2,146.18,292.36
14372,4801,85,3,65.06,195.18
14373,4801,77,5,493.21,2466.05
14374,4801,81,3,69.38,208.14
14375,4801,75,4,190.13,760.52
14376,4802,89,5,133.38,666.9
14377,4802,55,2,47.97,95.94
14378,4802,41,3,71.84,215.52
14379,4802,35,2,121.6,243.2
14380,4803,78,4,441.78,1767.12
14381,4803,44,5,183.81,919.05
14382,4804,93,3,389.08,1167.24
14383,4804,4,3,217.56,652.68
14384,4805,62,4,444.18,1776.72
14385,4806,92,1,267.01,267.01
14386,4806,90,3,420.61,1261.83
14387,4806,31,2,492.66,985.32
14388,4806,26,1,20.11,20.11
14389,4806,60,3,317.43,952.29
14390,4807,87,2,485.79,971.58
14391,4808,28,4,299.14,1196.56
14392,4808,18,3,111.88,335.64
14393,4809,64,5,404.34,2021.7
14394,4810,62,5,444.18,2220.9
14395,4810,56,4,208.09,832.36
14396,4810,19,5,59.16,295.8
14397,4810,42,1,241.8,241.8
14398,4810,98,3,152.13,456.39
14399,4811,63,5,380.74,1903.7
14400,4811,4,1,217.56,217.56
14401,4812,81,3,69.38,208.14
14402,4812,32,5,100.46,502.3
14403,4813,1,3,263.13,789.39
14404,4813,4,5,217.56,1087.8
14405,4813,31,4,492.66,1970.64
14406,4813,5,2,175.97,351.94
14407,4814,42,1,241.8,241.8
14408,4814,96,4,24.45,97.8
14409,4815,37,5,121.39,606.95
14410,4815,55,3,47.97,143.91
14411,4815,35,1,121.6,121.6
14412,4816,68,1,488.86,488.86
14413,4816,8,1,297.2,297.2
14414,4817,96,3,24.45,73.35
14415,4817,94,2,443.5,887
14416,4817,59,1,132.49,132.49
14417,4817,99,1,403.91,403.91
14418,4818,68,1,488.86,488.86
14419,4818,12,2,195.25,390.5
14420,4819,77,4,493.21,1972.84
14421,4819,55,1,47.97,47.97
14422,4820,72,3,257.72,773.16
14423,4820,96,3,24.45,73.35
14424,4820,56,5,208.09,1040.45
14425,4820,81,5,69.38,346.9
14426,4820,66,2,102.27,204.54
14427,4821,99,2,403.91,807.82
14428,4821,87,5,485.79,2428.95
14429,4822,37,1,121.39,121.39
14430,4822,10,4,360.58,1442.32
14431,4822,100,2,479.73,959.46
14432,4823,31,2,492.66,985.32
14433,4823,88,1,322.06,322.06
14434,4823,54,3,345.07,1035.21
14435,4824,11,1,300.33,300.33
14436,4824,56,3,208.09,624.27
14437,4824,30,2,193.42,386.84
14438,4824,70,1,380.26,380.26
14439,4825,32,3,100.46,301.38
14440,4825,81,4,69.38,277.52
14441,4826,42,1,241.8,241.8
14442,4826,80,1,135.98,135.98
14443,4826,15,4,31.65,126.6
14444,4826,71,4,234.88,939.52
14445,4827,15,4,31.65,126.6
14446,4827,100,1,479.73,479.73
14447,4827,31,4,492.66,1970.64
14448,4827,36,3,146.18,438.54
14449,4828,50,2,58.66,117.32
14450,4828,79,1,460.63,460.63
14451,4829,71,1,234.88,234.88
14452,4829,4,2,217.56,435.12
14453,4829,36,2,146.18,292.36
14454,4829,53,5,105.42,527.1
14455,4829,23,1,157.5,157.5
14456,4830,49,5,168.14,840.7
14457,4830,55,5,47.97,239.85
14458,4830,4,2,217.56,435.12
14459,4830,13,4,260.92,1043.68
14460,4831,82,3,327.17,981.51
14461,4831,73,2,446.53,893.06
14462,4831,21,1,360.32,360.32
14463,4831,45,2,184.89,369.78
14464,4832,8,5,297.2,1486
14465,4832,75,3,190.13,570.39
14466,4832,43,5,365.01,1825.05
14467,4832,49,5,168.14,840.7
14468,4833,21,1,360.32,360.32
14469,4833,66,1,102.27,102.27
14470,4834,50,3,58.66,175.98
14471,4834,4,3,217.56,652.68
14472,4834,8,5,297.2,1486
14473,4835,3,1,275.8,275.8
14474,4835,15,3,31.65,94.95
14475,4836,83,3,470.19,1410.57
14476,4836,3,2,275.8,551.6
14477,4836,33,2,99.83,199.66
14478,4837,64,4,404.34,1617.36
14479,4837,39,5,259.68,1298.4
14480,4838,24,3,386.82,1160.46
14481,4838,12,3,195.25,585.75
14482,4838,71,5,234.88,1174.4
14483,4839,83,5,470.19,2350.95
14484,4840,76,5,283.55,1417.75
14485,4840,34,5,435.95,2179.75
14486,4840,80,1,135.98,135.98
14487,4841,44,4,183.81,735.24
14488,4841,98,4,152.13,608.52
14489,4841,52,4,134.43,537.72
14490,4841,11,4,300.33,1201.32
14491,4842,2,1,13.76,13.76
14492,4842,99,1,403.91,403.91
14493,4842,95,1,397.59,397.59
14494,4843,10,1,360.58,360.58
14495,4843,4,2,217.56,435.12
14496,4843,58,1,260.13,260.13
14497,4844,100,4,479.73,1918.92
14498,4844,83,2,470.19,940.38
14499,4845,46,2,455.87,911.74
14500,4845,40,1,225.49,225.49
14501,4845,11,4,300.33,1201.32
14502,4845,76,1,283.55,283.55
14503,4845,3,4,275.8,1103.2
14504,4846,23,1,157.5,157.5
14505,4847,39,3,259.68,779.04
14506,4847,56,3,208.09,624.27
14507,4848,72,1,257.72,257.72
14508,4848,21,4,360.32,1441.28
14509,4848,25,3,392.86,1178.58
14510,4848,85,2,65.06,130.12
14511,4848,45,3,184.89,554.67
14512,4849,20,3,411.46,1234.38
14513,4849,74,3,463.46,1390.38
14514,4850,4,4,217.56,870.24
14515,4850,68,5,488.86,2444.3
14516,4851,49,1,168.14,168.14
14517,4851,61,1,309.79,309.79
14518,4851,53,1,105.42,105.42
14519,4851,12,2,195.25,390.5
14520,4852,97,4,337.32,1349.28
14521,4853,18,2,111.88,223.76
14522,4853,70,1,380.26,380.26
14523,4854,4,5,217.56,1087.8
14524,4854,49,4,168.14,672.56
14525,4854,34,1,435.95,435.95
14526,4854,72,1,257.72,257.72
14527,4854,78,3,441.78,1325.34
14528,4855,67,2,319.21,638.42
14529,4855,61,5,309.79,1548.95
14530,4856,14,5,40.76,203.8
14531,4856,76,3,283.55,850.65
14532,4857,100,4,479.73,1918.92
14533,4857,24,3,386.82,1160.46
14534,4857,47,3,288.68,866.04
14535,4858,95,4,397.59,1590.36
14536,4859,18,3,111.88,335.64
14537,4859,52,5,134.43,672.15
14538,4859,61,5,309.79,1548.95
14539,4859,38,2,293.18,586.36
14540,4859,1,4,263.13,1052.52
14541,4860,85,2,65.06,130.12
14542,4860,75,5,190.13,950.65
14543,4860,93,4,389.08,1556.32
14544,4861,37,3,121.39,364.17
14545,4861,44,4,183.81,735.24
14546,4861,86,4,405.91,1623.64
14547,4862,54,5,345.07,1725.35
14548,4862,3,3,275.8,827.4
14549,4862,59,2,132.49,264.98
14550,4862,50,3,58.66,175.98
14551,4863,76,5,283.55,1417.75
14552,4864,88,4,322.06,1288.24
14553,4864,13,5,260.92,1304.6
14554,4864,6,2,386.9,773.8
14555,4865,84,5,362.77,1813.85
14556,4865,77,1,493.21,493.21
14557,4865,60,4,317.43,1269.72
14558,4865,11,2,300.33,600.66
14559,4866,68,2,488.86,977.72
14560,4867,46,5,455.87,2279.35
14561,4867,90,4,420.61,1682.44
14562,4868,96,5,24.45,122.25
14563,4868,81,1,69.38,69.38
14564,4869,100,3,479.73,1439.19
14565,4869,95,5,397.59,1987.95
14566,4869,43,5,365.01,1825.05
14567,4870,43,1,365.01,365.01
14568,4870,7,5,102.83,514.15
14569,4870,65,5,103.56,517.8
14570,4871,59,1,132.49,132.49
14571,4871,80,4,135.98,543.92
14572,4872,5,5,175.97,879.85
14573,4872,58,3,260.13,780.39
14574,4872,7,3,102.83,308.49
14575,4873,93,4,389.08,1556.32
14576,4873,99,2,403.91,807.82
14577,4873,13,3,260.92,782.76
14578,4873,89,3,133.38,400.14
14579,4873,43,2,365.01,730.02
14580,4874,22,1,271.14,271.14
14581,4874,31,5,492.66,2463.3
14582,4874,39,3,259.68,779.04
14583,4874,33,4,99.83,399.32
14584,4875,51,5,290.5,1452.5
14585,4875,14,4,40.76,163.04
14586,4876,91,1,336.75,336.75
14587,4876,91,2,336.75,673.5
14588,4876,55,3,47.97,143.91
14589,4876,64,1,404.34,404.34
14590,4877,36,2,146.18,292.36
14591,4877,88,1,322.06,322.06
14592,4877,30,2,193.42,386.84
14593,4877,67,1,319.21,319.21
14594,4877,92,3,267.01,801.03
14595,4878,29,5,118.85,594.25
14596,4878,83,5,470.19,2350.95
14597,4878,97,2,337.32,674.64
14598,4878,60,1,317.43,317.43
14599,4879,74,3,463.46,1390.38
14600,4879,30,1,193.42,193.42
14601,4880,20,4,411.46,1645.84
14602,4880,43,5,365.01,1825.05
14603,4880,75,3,190.13,570.39
14604,4880,53,3,105.42,316.26
14605,4881,6,1,386.9,386.9
14606,4881,47,4,288.68,1154.72
14607,4881,58,1,260.13,260.13
14608,4881,66,5,102.27,511.35
14609,4881,44,3,183.81,551.43
14610,4882,58,2,260.13,520.26
14611,4882,28,2,299.14,598.28
14612,4883,64,4,404.34,1617.36
14613,4884,34,2,435.95,871.9
14614,4884,75,5,190.13,950.65
14615,4884,78,2,441.78,883.56
14616,4885,91,4,336.75,1347
14617,4885,55,5,47.97,239.85
14618,4885,55,5,47.97,239.85
14619,4886,4,3,217.56,652.68
14620,4886,44,3,183.81,551.43
14621,4886,43,5,365.01,1825.05
14622,4887,18,4,111.88,447.52
14623,4888,61,3,309.79,929.37
14624,4888,18,1,111.88,111.88
14625,4888,67,3,319.21,957.63
14626,4888,24,2,386.82,773.64
14627,4888,34,4,435.95,1743.8
14628,4889,3,5,275.8,1379
14629,4889,21,3,360.32,1080.96
14630,4890,45,5,184.89,924.45
14631,4890,36,2,146.18,292.36
14632,4890,33,1,99.83,99.83
14633,4890,15,5,31.65,158.25
14634,4891,43,1,365.01,365.01
14635,4891,67,4,319.21,1276.84
14636,4891,60,2,317.43,634.86
14637,4892,7,3,102.83,308.49
14638,4892,45,4,184.89,739.56
14639,4892,43,5,365.01,1825.05
14640,4892,6,3,386.9,1160.7
14641,4892,35,2,121.6,243.2
14642,4893,58,2,260.13,520.26
14643,4893,44,1,183.81,183.81
14644,4893,12,1,195.25,195.25
14645,4893,99,3,403.91,1211.73
14646,4893,8,4,297.2,1188.8
14647,4894,84,5,362.77,1813.85
14648,4894,99,1,403.91,403.91
14649,4894,38,4,293.18,1172.72
14650,4894,69,5,64.44,322.2
14651,4894,42,5,241.8,1209
14652,4895,11,4,300.33,1201.32
14653,4895,32,3,100.46,301.38
14654,4895,37,1,121.39,121.39
14655,4895,83,1,470.19,470.19
14656,4895,50,2,58.66,117.32
14657,4896,32,5,100.46,502.3
14658,4896,90,1,420.61,420.61
14659,4896,70,1,380.26,380.26
14660,4896,15,3,31.65,94.95
14661,4896,76,4,283.55,1134.2
14662,4897,2,3,13.76,41.28
14663,4897,10,2,360.58,721.16
14664,4898,47,5,288.68,1443.4
14665,4898,84,4,362.77,1451.08
14666,4899,68,1,488.86,488.86
14667,4900,86,2,405.91,811.82
14668,4900,57,4,55.56,222.24
14669,4900,73,2,446.53,893.06
14670,4900,11,5,300.33,1501.65
14671,4900,38,4,293.18,1172.72
14672,4901,21,5,360.32,1801.6
14673,4901,67,5,319.21,1596.05
14674,4901,13,3,260.92,782.76
14675,4901,41,2,71.84,143.68
14676,4902,32,2,100.46,200.92
14677,4902,19,3,59.16,177.48
14678,4902,5,5,175.97,879.85
14679,4902,66,3,102.27,306.81
14680,4903,13,1,260.92,260.92
14681,4903,59,3,132.49,397.47
14682,4903,87,2,485.79,971.58
14683,4903,91,1,336.75,336.75
14684,4904,67,1,319.21,319.21
14685,4904,91,4,336.75,1347
14686,4904,3,5,275.8,1379
14687,4904,77,2,493.21,986.42
14688,4904,67,5,319.21,1596.05
14689,4905,60,2,317.43,634.86
14690,4906,15,4,31.65,126.6
14691,4906,45,1,184.89,184.89
14692,4907,7,5,102.83,514.15
14693,4908,64,3,404.34,1213.02
14694,4908,100,2,479.73,959.46
14695,4908,55,2,47.97,95.94
14696,4909,59,1,132.49,132.49
14697,4909,85,2,65.06,130.12
14698,4909,10,5,360.58,1802.9
14699,4910,67,2,319.21,638.42
14700,4911,54,1,345.07,345.07
14701,4911,56,4,208.09,832.36
14702,4911,39,4,259.68,1038.72
14703,4911,29,5,118.85,594.25
14704,4911,56,2,208.09,416.18
14705,4912,22,1,271.14,271.14
14706,4912,76,1,283.55,283.55
14707,4912,42,2,241.8,483.6
14708,4913,81,4,69.38,277.52
14709,4913,41,4,71.84,287.36
14710,4913,57,4,55.56,222.24
14711,4913,7,4,102.83,411.32
14712,4914,75,1,190.13,190.13
14713,4914,100,3,479.73,1439.19
14714,4914,28,3,299.14,897.42
14715,4914,3,2,275.8,551.6
14716,4915,14,3,40.76,122.28
14717,4915,1,3,263.13,789.39
14718,4915,92,5,267.01,1335.05
14719,4916,63,5,380.74,1903.7
14720,4916,86,1,405.91,405.91
14721,4916,85,1,65.06,65.06
14722,4917,75,2,190.13,380.26
14723,4917,98,1,152.13,152.13
14724,4917,41,4,71.84,287.36
14725,4917,22,3,271.14,813.42
14726,4917,71,4,234.88,939.52
14727,4918,4,2,217.56,435.12
14728,4918,64,3,404.34,1213.02
14729,4918,40,3,225.49,676.47
14730,4919,36,3,146.18,438.54
14731,4919,74,4,463.46,1853.84
14732,4919,15,4,31.65,126.6
14733,4920,24,1,386.82,386.82
14734,4920,11,3,300.33,900.99
14735,4920,96,1,24.45,24.45
14736,4921,33,4,99.83,399.32
14737,4921,58,5,260.13,1300.65
14738,4921,28,2,299.14,598.28
14739,4922,81,2,69.38,138.76
14740,4922,63,1,380.74,380.74
14741,4922,25,5,392.86,1964.3
14742,4922,79,4,460.63,1842.52
14743,4923,90,5,420.61,2103.05
14744,4923,59,5,132.49,662.45
14745,4924,24,3,386.82,1160.46
14746,4924,20,1,411.46,411.46
14747,4924,8,4,297.2,1188.8
14748,4924,99,5,403.91,2019.55
14749,4924,90,3,420.61,1261.83
14750,4925,82,2,327.17,654.34
14751,4925,69,4,64.44,257.76
14752,4925,9,4,93.48,373.92
14753,4925,25,1,392.86,392.86
14754,4926,89,4,133.38,533.52
14755,4927,40,2,225.49,450.98
14756,4927,74,1,463.46,463.46
14757,4927,16,3,54.7,164.1
14758,4928,22,5,271.14,1355.7
14759,4929,94,5,443.5,2217.5
14760,4929,90,5,420.61,2103.05
14761,4930,100,2,479.73,959.46
14762,4930,1,3,263.13,789.39
14763,4930,86,1,405.91,405.91
14764,4931,16,4,54.7,218.8
14765,4931,91,5,336.75,1683.75
14766,4931,69,5,64.44,322.2
14767,4931,51,4,290.5,1162
14768,4932,99,4,403.91,1615.64
14769,4932,62,4,444.18,1776.72
14770,4933,38,1,293.18,293.18
14771,4933,66,3,102.27,306.81
14772,4934,79,2,460.63,921.26
14773,4934,35,3,121.6,364.8
14774,4934,50,1,58.66,58.66
14775,4934,55,1,47.97,47.97
14776,4935,30,1,193.42,193.42
14777,4935,50,2,58.66,117.32
14778,4935,12,4,195.25,781
14779,4935,40,5,225.49,1127.45
14780,4935,77,4,493.21,1972.84
14781,4936,79,1,460.63,460.63
14782,4937,16,5,54.7,273.5
14783,4937,1,3,263.13,789.39
14784,4937,66,1,102.27,102.27
14785,4937,3,1,275.8,275.8
14786,4938,61,5,309.79,1548.95
14787,4938,86,4,405.91,1623.64
14788,4939,55,1,47.97,47.97
14789,4939,47,5,288.68,1443.4
14790,4939,15,1,31.65,31.65
14791,4939,76,2,283.55,567.1
14792,4939,22,1,271.14,271.14
14793,4940,67,1,319.21,319.21
14794,4940,44,1,183.81,183.81
14795,4940,3,1,275.8,275.8
14796,4940,4,3,217.56,652.68
14797,4940,55,2,47.97,95.94
14798,4941,61,2,309.79,619.58
14799,4942,24,2,386.82,773.64
14800,4943,39,4,259.68,1038.72
14801,4944,65,5,103.56,517.8
14802,4944,65,5,103.56,517.8
14803,4945,70,1,380.26,380.26
14804,4945,18,1,111.88,111.88
14805,4946,71,5,234.88,1174.4
14806,4946,39,5,259.68,1298.4
14807,4946,11,2,300.33,600.66
14808,4946,43,2,365.01,730.02
14809,4947,68,5,488.86,2444.3
14810,4947,26,1,20.11,20.11
14811,4947,51,5,290.5,1452.5
14812,4947,45,2,184.89,369.78
14813,4947,13,3,260.92,782.76
14814,4948,73,2,446.53,893.06
14815,4948,58,4,260.13,1040.52
14816,4948,40,4,225.49,901.96
14817,4949,100,2,479.73,959.46
14818,4949,46,5,455.87,2279.35
14819,4949,56,1,208.09,208.09
14820,4949,22,3,271.14,813.42
14821,4950,78,1,441.78,441.78
14822,4950,39,3,259.68,779.04
14823,4951,44,5,183.81,919.05
14824,4951,19,4,59.16,236.64
14825,4952,8,2,297.2,594.4
14826,4952,38,2,293.18,586.36
14827,4952,56,1,208.09,208.09
14828,4953,50,3,58.66,175.98
14829,4953,37,5,121.39,606.95
14830,4954,95,5,397.59,1987.95
14831,4954,69,5,64.44,322.2
14832,4955,12,5,195.25,976.25
14833,4955,68,4,488.86,1955.44
14834,4956,94,3,443.5,1330.5
14835,4956,30,2,193.42,386.84
14836,4956,82,3,327.17,981.51
14837,4957,47,2,288.68,577.36
14838,4958,29,3,118.85,356.55
14839,4958,48,3,160.97,482.91
14840,4958,85,3,65.06,195.18
14841,4958,47,2,288.68,577.36
14842,4959,51,3,290.5,871.5
14843,4959,95,2,397.59,795.18
14844,4959,42,1,241.8,241.8
14845,4959,31,4,492.66,1970.64
14846,4960,4,5,217.56,1087.8
14847,4960,32,3,100.46,301.38
14848,4960,37,3,121.39,364.17
14849,4960,39,5,259.68,1298.4
14850,4960,33,3,99.83,299.49
14851,4961,1,2,263.13,526.26
14852,4961,63,1,380.74,380.74
14853,4961,12,4,195.25,781
14854,4961,2,1,13.76,13.76
14855,4962,44,2,183.81,367.62
14856,4962,46,3,455.87,1367.61
14857,4963,22,5,271.14,1355.7
14858,4964,64,1,404.34,404.34
14859,4964,41,2,71.84,143.68
14860,4964,47,1,288.68,288.68
14861,4964,77,3,493.21,1479.63
14862,4964,24,5,386.82,1934.1
14863,4965,91,3,336.75,1010.25
14864,4966,26,3,20.11,60.33
14865,4967,22,2,271.14,542.28
14866,4967,12,5,195.25,976.25
14867,4967,77,5,493.21,2466.05
14868,4967,34,2,435.95,871.9
14869,4968,62,2,444.18,888.36
14870,4969,89,3,133.38,400.14
14871,4969,14,5,40.76,203.8
14872,4969,21,4,360.32,1441.28
14873,4969,15,1,31.65,31.65
14874,4970,36,1,146.18,146.18
14875,4970,75,3,190.13,570.39
14876,4971,29,4,118.85,475.4
14877,4971,6,4,386.9,1547.6
14878,4972,79,3,460.63,1381.89
14879,4972,11,5,300.33,1501.65
14880,4972,48,5,160.97,804.85
14881,4973,50,4,58.66,234.64
14882,4973,44,4,183.81,735.24
14883,4973,27,1,109.12,109.12
14884,4974,18,2,111.88,223.76
14885,4974,96,4,24.45,97.8
14886,4974,71,1,234.88,234.88
14887,4974,8,4,297.2,1188.8
14888,4974,65,4,103.56,414.24
14889,4975,62,4,444.18,1776.72
14890,4976,24,3,386.82,1160.46
14891,4976,41,1,71.84,71.84
14892,4976,28,4,299.14,1196.56
14893,4976,37,1,121.39,121.39
14894,4977,42,3,241.8,725.4
14895,4977,17,4,375.79,1503.16
14896,4978,4,2,217.56,435.12
14897,4978,76,3,283.55,850.65
14898,4978,14,1,40.76,40.76
14899,4978,27,2,109.12,218.24
14900,4979,96,1,24.45,24.45
14901,4979,35,2,121.6,243.2
14902,4979,50,2,58.66,117.32
14903,4979,7,5,102.83,514.15
14904,4979,88,2,322.06,644.12
14905,4980,85,1,65.06,65.06
14906,4980,63,1,380.74,380.74
14907,4980,77,5,493.21,2466.05
14908,4980,98,2,152.13,304.26
14909,4980,7,2,102.83,205.66
14910,4981,44,2,183.81,367.62
14911,4981,51,5,290.5,1452.5
14912,4981,20,3,411.46,1234.38
14913,4982,88,5,322.06,1610.3
14914,4982,31,5,492.66,2463.3
14915,4983,10,5,360.58,1802.9
14916,4983,21,1,360.32,360.32
14917,4983,22,2,271.14,542.28
14918,4984,63,2,380.74,761.48
14919,4984,12,2,195.25,390.5
14920,4985,27,2,109.12,218.24
14921,4985,83,1,470.19,470.19
14922,4985,55,5,47.97,239.85
14923,4985,41,2,71.84,143.68
14924,4986,96,1,24.45,24.45
14925,4987,25,1,392.86,392.86
14926,4987,60,1,317.43,317.43
14927,4988,66,4,102.27,409.08
14928,4988,51,3,290.5,871.5
14929,4988,93,1,389.08,389.08
14930,4988,32,2,100.46,200.92
14931,4988,35,5,121.6,608
14932,4989,25,1,392.86,392.86
14933,4990,89,2,133.38,266.76
14934,4990,91,1,336.75,336.75
14935,4990,69,5,64.44,322.2
14936,4990,38,3,293.18,879.54
14937,4991,61,1,309.79,309.79
14938,4991,70,3,380.26,1140.78
14939,4991,98,4,152.13,608.52
14940,4991,60,3,317.43,952.29
14941,4991,86,1,405.91,405.91
14942,4992,40,5,225.49,1127.45
14943,4992,43,3,365.01,1095.03
14944,4992,100,3,479.73,1439.19
14945,4992,11,5,300.33,1501.65
14946,4993,60,5,317.43,1587.15
14947,4994,72,3,257.72,773.16
14948,4994,79,4,460.63,1842.52
14949,4994,2,4,13.76,55.04
14950,4995,10,3,360.58,1081.74
14951,4995,38,3,293.18,879.54
14952,4995,56,5,208.09,1040.45
14953,4995,57,2,55.56,111.12
14954,4996,95,5,397.59,1987.95
14955,4996,49,2,168.14,336.28
14956,4996,13,4,260.92,1043.68
14957,4997,85,2,65.06,130.12
14958,4997,98,2,152.13,304.26
14959,4997,99,1,403.91,403.91
14960,4997,50,3,58.66,175.98
14961,4998,55,1,47.97,47.97
14962,4999,11,3,300.33,900.99
14963,4999,14,5,40.76,203.8
14964,4999,22,1,271.14,271.14
14965,4999,93,2,389.08,778.16
14966,4999,36,4,146.18,584.72
14967,5000,23,2,157.5,315
14968,5000,55,4,47.97,191.88
14969,5000,89,5,133.38,666.9
14970,5000,72,3,257.72,773.16
14971,5000,17,5,375.79,1878.95